ISO-10303-21;
HEADER;
FILE_DESCRIPTION(('FreeCAD Model'),'2;1');
FILE_NAME('Open CASCADE Shape Model','2026-06-01T14:08:53',(''),(''),
  'Open CASCADE STEP processor 7.8','FreeCAD','Unknown');
FILE_SCHEMA(('AUTOMOTIVE_DESIGN { 1 0 10303 214 1 1 1 1 }'));
ENDSEC;
DATA;
#1 = APPLICATION_PROTOCOL_DEFINITION('international standard',
  'automotive_design',2000,#2);
#2 = APPLICATION_CONTEXT(
  'core data for automotive mechanical design processes');
#3 = SHAPE_DEFINITION_REPRESENTATION(#4,#10);
#4 = PRODUCT_DEFINITION_SHAPE('','',#5);
#5 = PRODUCT_DEFINITION('design','',#6,#9);
#6 = PRODUCT_DEFINITION_FORMATION('','',#7);
#7 = PRODUCT('Body','Body','',(#8));
#8 = PRODUCT_CONTEXT('',#2,'mechanical');
#9 = PRODUCT_DEFINITION_CONTEXT('part definition',#2,'design');
#10 = ADVANCED_BREP_SHAPE_REPRESENTATION('',(#11,#15),#1651);
#11 = AXIS2_PLACEMENT_3D('',#12,#13,#14);
#12 = CARTESIAN_POINT('',(0.,0.,0.));
#13 = DIRECTION('',(0.,0.,1.));
#14 = DIRECTION('',(1.,0.,-0.));
#15 = MANIFOLD_SOLID_BREP('',#16);
#16 = CLOSED_SHELL('',(#17,#270,#376,#648,#701,#727,#1023,#1054,#1151,
    #1269,#1294,#1405,#1429,#1446,#1463,#1480,#1499,#1525,#1542,#1559,
    #1576,#1588,#1615,#1642));
#17 = ADVANCED_FACE('',(#18),#262,.T.);
#18 = FACE_BOUND('',#19,.T.);
#19 = EDGE_LOOP('',(#20,#31,#101,#109,#179,#188,#196,#221,#231,#256));
#20 = ORIENTED_EDGE('',*,*,#21,.F.);
#21 = EDGE_CURVE('',#22,#24,#26,.T.);
#22 = VERTEX_POINT('',#23);
#23 = CARTESIAN_POINT('',(-11.29059874115,-2.1E-14,93.000000000001));
#24 = VERTEX_POINT('',#25);
#25 = CARTESIAN_POINT('',(-10.,-3.4E-14,152.255508));
#26 = B_SPLINE_CURVE_WITH_KNOTS('',3,(#27,#28,#29,#30),.UNSPECIFIED.,.F.
  ,.F.,(4,4),(0.,1.),.PIECEWISE_BEZIER_KNOTS.);
#27 = CARTESIAN_POINT('',(-7.5,0.,-1.E-16));
#28 = CARTESIAN_POINT('',(-11.,-2.002E-14,90.157171556849));
#29 = CARTESIAN_POINT('',(-14.,-2.887E-14,130.));
#30 = CARTESIAN_POINT('',(-10.,-3.381E-14,152.255508));
#31 = ORIENTED_EDGE('',*,*,#32,.T.);
#32 = EDGE_CURVE('',#22,#33,#35,.T.);
#33 = VERTEX_POINT('',#34);
#34 = CARTESIAN_POINT('',(-7.814301921823,-2.5,8.));
#35 = B_SPLINE_CURVE_WITH_KNOTS('',8,(#36,#37,#38,#39,#40,#41,#42,#43,
    #44,#45,#46,#47,#48,#49,#50,#51,#52,#53,#54,#55,#56,#57,#58,#59,#60,
    #61,#62,#63,#64,#65,#66,#67,#68,#69,#70,#71,#72,#73,#74,#75,#76,#77,
    #78,#79,#80,#81,#82,#83,#84,#85,#86,#87,#88,#89,#90,#91,#92,#93,#94,
    #95,#96,#97,#98,#99,#100),.UNSPECIFIED.,.F.,.F.,(9,7,7,7,7,7,7,7,7,9
    ),(0.,2.656006076656E-02,0.240665665083,0.404771012578,
    0.508302290882,0.775534593203,0.884269214981,0.938988528496,
    0.968093037813,1.),.UNSPECIFIED.);
#36 = CARTESIAN_POINT('',(-11.29059874115,0.,93.));
#37 = CARTESIAN_POINT('',(-11.28088849606,-8.331603173189E-03,
    92.716725492112));
#38 = CARTESIAN_POINT('',(-11.27112972705,-1.666315833371E-02,
    92.433452616654));
#39 = CARTESIAN_POINT('',(-11.26132337604,-2.499466682254E-02,
    92.150181328034));
#40 = CARTESIAN_POINT('',(-11.25147025958,-3.332612775994E-02,
    91.866911656162));
#41 = CARTESIAN_POINT('',(-11.24157132347,-4.165754363523E-02,
    91.583643516402));
#42 = CARTESIAN_POINT('',(-11.2316273561,-4.998891351055E-02,
    91.300376940641));
#43 = CARTESIAN_POINT('',(-11.22163922301,-5.832023883663E-02,
    91.017111879555));
#44 = CARTESIAN_POINT('',(-11.13074200933,-0.133811531168,
    88.450407940288));
#45 = CARTESIAN_POINT('',(-11.0470589284,-0.200968650054,86.167065898155
    ));
#46 = CARTESIAN_POINT('',(-10.96098642729,-0.268123234335,
    83.883810032611));
#47 = CARTESIAN_POINT('',(-10.87288537579,-0.33527559581,81.600629742465
    ));
#48 = CARTESIAN_POINT('',(-10.78306387683,-0.402426016481,
    79.317515439635));
#49 = CARTESIAN_POINT('',(-10.69178835223,-0.469574761073,
    77.034458123534));
#50 = CARTESIAN_POINT('',(-10.59929141235,-0.536722085941,
    74.751449077998));
#51 = CARTESIAN_POINT('',(-10.43410021911,-0.655333705558,
    70.718654011024));
#52 = CARTESIAN_POINT('',(-10.36182600683,-0.706798467902,
    68.968852091338));
#53 = CARTESIAN_POINT('',(-10.28904540812,-0.758262635433,
    67.219070395268));
#54 = CARTESIAN_POINT('',(-10.215840458,-0.809726302437,65.469305717146)
  );
#55 = CARTESIAN_POINT('',(-10.14228476547,-0.861189554781,
    63.719555137436));
#56 = CARTESIAN_POINT('',(-10.06844458744,-0.912652471232,
    61.969815978101));
#57 = CARTESIAN_POINT('',(-9.994379902774,-0.964115124766,
    60.220085757953));
#58 = CARTESIAN_POINT('',(-9.873312252792,-1.048044375844,57.36649122132
    ));
#59 = CARTESIAN_POINT('',(-9.826411507667,-1.080511089951,
    56.262622941662));
#60 = CARTESIAN_POINT('',(-9.779456831989,-1.112977742852,
    55.158756743042));
#61 = CARTESIAN_POINT('',(-9.73246107404,-1.145444350325,54.054892088938
    ));
#62 = CARTESIAN_POINT('',(-9.685436349221,-1.177910927285,
    52.951028472307));
#63 = CARTESIAN_POINT('',(-9.638394040048,-1.210377487777,
    51.847165415585));
#64 = CARTESIAN_POINT('',(-9.591344796158,-1.24284404498,50.743302470687
    ));
#65 = CARTESIAN_POINT('',(-9.422863919788,-1.359112486186,
    46.790175469681));
#66 = CARTESIAN_POINT('',(-9.301449854593,-1.442914420862,
    43.940909690693));
#67 = CARTESIAN_POINT('',(-9.180228024917,-1.526716629068,
    41.091634611676));
#68 = CARTESIAN_POINT('',(-9.059344399608,-1.610519290681,38.24234411685
    ));
#69 = CARTESIAN_POINT('',(-8.938922923518,-1.694322556207,
    35.393033088976));
#70 = CARTESIAN_POINT('',(-8.819069210861,-1.778126551373,
    32.543697253303));
#71 = CARTESIAN_POINT('',(-8.699874238573,-1.86193138172,29.694333021524
    ));
#72 = CARTESIAN_POINT('',(-8.533219188428,-1.97983700851,25.685541710644
    ));
#73 = CARTESIAN_POINT('',(-8.485142630995,-2.013937032947,
    24.526140879805));
#74 = CARTESIAN_POINT('',(-8.437193661928,-2.04803721641,23.366734642057
    ));
#75 = CARTESIAN_POINT('',(-8.389377287598,-2.082137564404,
    22.207322810257));
#76 = CARTESIAN_POINT('',(-8.341698226192,-2.116238082022,
    21.047905211262));
#77 = CARTESIAN_POINT('',(-8.294160907704,-2.150338773943,
    19.888481685934));
#78 = CARTESIAN_POINT('',(-8.246769473944,-2.184439644437,18.72905208914
    ));
#79 = CARTESIAN_POINT('',(-8.175753997006,-2.235701617917,16.98614499083
    ));
#80 = CARTESIAN_POINT('',(-8.152018142342,-2.252862584682,
    16.402672120805));
#81 = CARTESIAN_POINT('',(-8.128320709894,-2.270023598154,
    15.819197662759));
#82 = CARTESIAN_POINT('',(-8.104662180284,-2.287184658809,
    15.235721600492));
#83 = CARTESIAN_POINT('',(-8.081043019389,-2.304345767102,
    14.652243918528));
#84 = CARTESIAN_POINT('',(-8.057463678351,-2.321506923467,
    14.068764602106));
#85 = CARTESIAN_POINT('',(-8.033924593568,-2.338668128318,
    13.485283637189));
#86 = CARTESIAN_POINT('',(-7.997927681922,-2.364957235392,
    12.591453996658));
#87 = CARTESIAN_POINT('',(-7.985420916655,-2.374099539877,
    12.280615644194));
#88 = CARTESIAN_POINT('',(-7.972905996893,-2.383256311209,
    11.969285418881));
#89 = CARTESIAN_POINT('',(-7.960383028626,-2.392427565102,
    11.657462786535));
#90 = CARTESIAN_POINT('',(-7.947852117846,-2.401613317266,
    11.345147212969));
#91 = CARTESIAN_POINT('',(-7.935313370542,-2.410813583412,
    11.032338163999));
#92 = CARTESIAN_POINT('',(-7.922766892706,-2.420028379252,
    10.719035105438));
#93 = CARTESIAN_POINT('',(-7.896449862208,-2.439375748563,
    10.061224548849));
#94 = CARTESIAN_POINT('',(-7.885129809483,-2.447708822699,9.777900028249
    ));
#95 = CARTESIAN_POINT('',(-7.873774865493,-2.456071332678,9.49357468896)
  );
#96 = CARTESIAN_POINT('',(-7.86109425482,-2.465417363487,9.175809641434)
  );
#97 = CARTESIAN_POINT('',(-7.847008678939,-2.475811989649,8.822392351941
    ));
#98 = CARTESIAN_POINT('',(-7.832677887405,-2.486402562068,8.462312889701
    ));
#99 = CARTESIAN_POINT('',(-7.820531334569,-2.495389987409,8.156740428099
    ));
#100 = CARTESIAN_POINT('',(-7.814301921823,-2.5,8.));
#101 = ORIENTED_EDGE('',*,*,#102,.F.);
#102 = EDGE_CURVE('',#103,#33,#105,.T.);
#103 = VERTEX_POINT('',#104);
#104 = CARTESIAN_POINT('',(-7.814301921823,-17.5,8.));
#105 = LINE('',#106,#107);
#106 = CARTESIAN_POINT('',(-7.814301921823,-20.,8.));
#107 = VECTOR('',#108,1.);
#108 = DIRECTION('',(0.,1.,-2.2E-16));
#109 = ORIENTED_EDGE('',*,*,#110,.F.);
#110 = EDGE_CURVE('',#111,#103,#113,.T.);
#111 = VERTEX_POINT('',#112);
#112 = CARTESIAN_POINT('',(-11.29059874115,-20.,93.000000000001));
#113 = B_SPLINE_CURVE_WITH_KNOTS('',8,(#114,#115,#116,#117,#118,#119,
    #120,#121,#122,#123,#124,#125,#126,#127,#128,#129,#130,#131,#132,
    #133,#134,#135,#136,#137,#138,#139,#140,#141,#142,#143,#144,#145,
    #146,#147,#148,#149,#150,#151,#152,#153,#154,#155,#156,#157,#158,
    #159,#160,#161,#162,#163,#164,#165,#166,#167,#168,#169,#170,#171,
    #172,#173,#174,#175,#176,#177,#178),.UNSPECIFIED.,.F.,.F.,(9,7,7,7,7
    ,7,7,7,7,9),(0.,2.656006076657E-02,0.240665665083,0.404771012578,
    0.508302290882,0.775534593203,0.884269214981,0.938988528495,
    0.968093037813,1.),.UNSPECIFIED.);
#114 = CARTESIAN_POINT('',(-11.29059874115,-20.,93.));
#115 = CARTESIAN_POINT('',(-11.28088849606,-19.99166839682,
    92.716725492108));
#116 = CARTESIAN_POINT('',(-11.27112972705,-19.98333684166,
    92.433452616668));
#117 = CARTESIAN_POINT('',(-11.26132337603,-19.97500533317,
    92.150181328004));
#118 = CARTESIAN_POINT('',(-11.25147025959,-19.96667387224,
    91.86691165619));
#119 = CARTESIAN_POINT('',(-11.24157132347,-19.95834245636,
    91.583643516385));
#120 = CARTESIAN_POINT('',(-11.2316273561,-19.95001108649,
    91.300376940644));
#121 = CARTESIAN_POINT('',(-11.22163922301,-19.94167976116,
    91.017111879552));
#122 = CARTESIAN_POINT('',(-11.13074200933,-19.86618846883,
    88.450407940285));
#123 = CARTESIAN_POINT('',(-11.0470589284,-19.79903134994,
    86.167065898151));
#124 = CARTESIAN_POINT('',(-10.96098642729,-19.73187676566,
    83.88381003261));
#125 = CARTESIAN_POINT('',(-10.87288537579,-19.66472440419,
    81.600629742464));
#126 = CARTESIAN_POINT('',(-10.78306387683,-19.59757398351,
    79.317515439631));
#127 = CARTESIAN_POINT('',(-10.69178835223,-19.53042523892,
    77.034458123528));
#128 = CARTESIAN_POINT('',(-10.59929141235,-19.46327791405,
    74.751449077996));
#129 = CARTESIAN_POINT('',(-10.43410021911,-19.34466629444,
    70.718654011021));
#130 = CARTESIAN_POINT('',(-10.36182600683,-19.29320153209,
    68.968852091334));
#131 = CARTESIAN_POINT('',(-10.28904540812,-19.24173736456,
    67.219070395264));
#132 = CARTESIAN_POINT('',(-10.215840458,-19.19027369756,65.469305717142
    ));
#133 = CARTESIAN_POINT('',(-10.14228476547,-19.13881044521,
    63.719555137433));
#134 = CARTESIAN_POINT('',(-10.06844458744,-19.08734752876,
    61.969815978097));
#135 = CARTESIAN_POINT('',(-9.994379902774,-19.03588487523,
    60.220085757949));
#136 = CARTESIAN_POINT('',(-9.873312252791,-18.95195562415,
    57.366491221316));
#137 = CARTESIAN_POINT('',(-9.826411507667,-18.91948891004,
    56.262622941658));
#138 = CARTESIAN_POINT('',(-9.779456831989,-18.88702225714,
    55.158756743038));
#139 = CARTESIAN_POINT('',(-9.73246107404,-18.85455564967,
    54.054892088934));
#140 = CARTESIAN_POINT('',(-9.685436349221,-18.82208907271,
    52.951028472303));
#141 = CARTESIAN_POINT('',(-9.638394040048,-18.78962251222,
    51.84716541558));
#142 = CARTESIAN_POINT('',(-9.591344796157,-18.75715595502,
    50.743302470682));
#143 = CARTESIAN_POINT('',(-9.422863919788,-18.64088751381,
    46.790175469677));
#144 = CARTESIAN_POINT('',(-9.301449854592,-18.55708557913,
    43.940909690688));
#145 = CARTESIAN_POINT('',(-9.180228024917,-18.47328337093,
    41.091634611671));
#146 = CARTESIAN_POINT('',(-9.059344399607,-18.38948070931,
    38.242344116846));
#147 = CARTESIAN_POINT('',(-8.938922923517,-18.30567744379,
    35.393033088972));
#148 = CARTESIAN_POINT('',(-8.819069210861,-18.22187344862,
    32.543697253298));
#149 = CARTESIAN_POINT('',(-8.699874238573,-18.13806861828,
    29.694333021518));
#150 = CARTESIAN_POINT('',(-8.533219188428,-18.02016299148,
    25.68554171064));
#151 = CARTESIAN_POINT('',(-8.485142630995,-17.98606296705,24.5261408798
    ));
#152 = CARTESIAN_POINT('',(-8.437193661927,-17.95196278359,
    23.366734642052));
#153 = CARTESIAN_POINT('',(-8.389377287598,-17.91786243559,
    22.207322810252));
#154 = CARTESIAN_POINT('',(-8.341698226192,-17.88376191797,
    21.047905211257));
#155 = CARTESIAN_POINT('',(-8.294160907704,-17.84966122605,
    19.888481685929));
#156 = CARTESIAN_POINT('',(-8.246769473944,-17.81556035556,
    18.729052089134));
#157 = CARTESIAN_POINT('',(-8.175753997006,-17.76429838208,
    16.986144990824));
#158 = CARTESIAN_POINT('',(-8.152018142341,-17.74713741531,16.4026721208
    ));
#159 = CARTESIAN_POINT('',(-8.128320709894,-17.72997640184,
    15.819197662753));
#160 = CARTESIAN_POINT('',(-8.104662180284,-17.71281534119,
    15.235721600487));
#161 = CARTESIAN_POINT('',(-8.081043019389,-17.69565423289,
    14.652243918522));
#162 = CARTESIAN_POINT('',(-8.057463678351,-17.67849307653,
    14.068764602101));
#163 = CARTESIAN_POINT('',(-8.033924593568,-17.66133187168,
    13.485283637183));
#164 = CARTESIAN_POINT('',(-7.997927681921,-17.6350427646,
    12.591453996652));
#165 = CARTESIAN_POINT('',(-7.985420916655,-17.62590046012,
    12.280615644188));
#166 = CARTESIAN_POINT('',(-7.972905996893,-17.61674368879,
    11.969285418875));
#167 = CARTESIAN_POINT('',(-7.960383028626,-17.60757243489,
    11.657462786529));
#168 = CARTESIAN_POINT('',(-7.947852117845,-17.59838668273,
    11.345147212963));
#169 = CARTESIAN_POINT('',(-7.935313370541,-17.58918641658,
    11.032338163993));
#170 = CARTESIAN_POINT('',(-7.922766892706,-17.57997162074,
    10.719035105432));
#171 = CARTESIAN_POINT('',(-7.896449862207,-17.56062425143,
    10.061224548841));
#172 = CARTESIAN_POINT('',(-7.885129809483,-17.5522911773,9.777900028243
    ));
#173 = CARTESIAN_POINT('',(-7.873774865493,-17.54392866732,
    9.493574688956));
#174 = CARTESIAN_POINT('',(-7.861094254819,-17.53458263651,
    9.175809641428));
#175 = CARTESIAN_POINT('',(-7.847008678939,-17.52418801035,
    8.822392351934));
#176 = CARTESIAN_POINT('',(-7.832677887405,-17.51359743793,
    8.462312889691));
#177 = CARTESIAN_POINT('',(-7.820531334568,-17.50461001259,
    8.156740428089));
#178 = CARTESIAN_POINT('',(-7.814301921823,-17.5,8.));
#179 = ORIENTED_EDGE('',*,*,#180,.T.);
#180 = EDGE_CURVE('',#111,#181,#183,.T.);
#181 = VERTEX_POINT('',#182);
#182 = CARTESIAN_POINT('',(-10.,-20.,152.255508));
#183 = B_SPLINE_CURVE_WITH_KNOTS('',3,(#184,#185,#186,#187),
  .UNSPECIFIED.,.F.,.F.,(4,4),(0.,1.),.PIECEWISE_BEZIER_KNOTS.);
#184 = CARTESIAN_POINT('',(-7.5,-20.,3.552713678801E-15));
#185 = CARTESIAN_POINT('',(-11.,-20.,90.157171556849));
#186 = CARTESIAN_POINT('',(-14.,-20.,130.));
#187 = CARTESIAN_POINT('',(-10.,-20.,152.255508));
#188 = ORIENTED_EDGE('',*,*,#189,.F.);
#189 = EDGE_CURVE('',#190,#181,#192,.T.);
#190 = VERTEX_POINT('',#191);
#191 = CARTESIAN_POINT('',(-10.,-14.5,152.255508));
#192 = LINE('',#193,#194);
#193 = CARTESIAN_POINT('',(-10.,3.381E-14,152.255508));
#194 = VECTOR('',#195,1.);
#195 = DIRECTION('',(0.,-1.,2.2E-16));
#196 = ORIENTED_EDGE('',*,*,#197,.T.);
#197 = EDGE_CURVE('',#190,#198,#200,.T.);
#198 = VERTEX_POINT('',#199);
#199 = CARTESIAN_POINT('',(-11.34529605762,-14.5,141.));
#200 = B_SPLINE_CURVE_WITH_KNOTS('',7,(#201,#202,#203,#204,#205,#206,
    #207,#208,#209,#210,#211,#212,#213,#214,#215,#216,#217,#218,#219,
    #220),.UNSPECIFIED.,.F.,.F.,(8,6,6,8),(0.,0.472172541528,
    0.725443262091,1.),.UNSPECIFIED.);
#201 = CARTESIAN_POINT('',(-10.,-14.5,152.255508));
#202 = CARTESIAN_POINT('',(-10.13531821145,-14.5,151.50261411558));
#203 = CARTESIAN_POINT('',(-10.26187453847,-14.5,150.74814708159));
#204 = CARTESIAN_POINT('',(-10.3802473683,-14.5,149.99232869281));
#205 = CARTESIAN_POINT('',(-10.490973561,-14.5,149.23535148073));
#206 = CARTESIAN_POINT('',(-10.59455000929,-14.5,148.47737891137));
#207 = CARTESIAN_POINT('',(-10.69143519833,-14.5,147.71854558319));
#208 = CARTESIAN_POINT('',(-10.83065645098,-14.5,146.55151856891));
#209 = CARTESIAN_POINT('',(-10.87745819314,-14.5,146.14386394073));
#210 = CARTESIAN_POINT('',(-10.92252085234,-14.5,145.73601080465));
#211 = CARTESIAN_POINT('',(-10.96590646005,-14.5,145.32797501331));
#212 = CARTESIAN_POINT('',(-11.00767421896,-14.5,144.9197710078));
#213 = CARTESIAN_POINT('',(-11.04788050296,-14.5,144.5114118176));
#214 = CARTESIAN_POINT('',(-11.1285295961,-14.5,143.66007388358));
#215 = CARTESIAN_POINT('',(-11.16870834334,-14.5,143.21707027282));
#216 = CARTESIAN_POINT('',(-11.20718362005,-14.5,142.7739131073));
#217 = CARTESIAN_POINT('',(-11.24402004047,-14.5,142.33061589371));
#218 = CARTESIAN_POINT('',(-11.27927936329,-14.5,141.88719091433));
#219 = CARTESIAN_POINT('',(-11.31301951129,-14.5,141.44364905071));
#220 = CARTESIAN_POINT('',(-11.34529605762,-14.5,141.));
#221 = ORIENTED_EDGE('',*,*,#222,.T.);
#222 = EDGE_CURVE('',#198,#223,#225,.T.);
#223 = VERTEX_POINT('',#224);
#224 = CARTESIAN_POINT('',(-11.34529605762,-5.5,141.));
#225 = B_SPLINE_CURVE_WITH_KNOTS('',4,(#226,#227,#228,#229,#230),
  .UNSPECIFIED.,.F.,.F.,(5,5),(0.,1.),.PIECEWISE_BEZIER_KNOTS.);
#226 = CARTESIAN_POINT('',(-11.34529605762,-14.5,141.));
#227 = CARTESIAN_POINT('',(-11.34529605762,-12.25,141.));
#228 = CARTESIAN_POINT('',(-11.34529605762,-10.,141.));
#229 = CARTESIAN_POINT('',(-11.34529605762,-7.75,141.));
#230 = CARTESIAN_POINT('',(-11.34529605762,-5.5,141.));
#231 = ORIENTED_EDGE('',*,*,#232,.F.);
#232 = EDGE_CURVE('',#233,#223,#235,.T.);
#233 = VERTEX_POINT('',#234);
#234 = CARTESIAN_POINT('',(-10.,-5.5,152.255508));
#235 = B_SPLINE_CURVE_WITH_KNOTS('',7,(#236,#237,#238,#239,#240,#241,
    #242,#243,#244,#245,#246,#247,#248,#249,#250,#251,#252,#253,#254,
    #255),.UNSPECIFIED.,.F.,.F.,(8,6,6,8),(0.,0.472172541528,
    0.725443262091,1.),.UNSPECIFIED.);
#236 = CARTESIAN_POINT('',(-10.,-5.5,152.255508));
#237 = CARTESIAN_POINT('',(-10.13531821145,-5.5,151.50261411558));
#238 = CARTESIAN_POINT('',(-10.26187453847,-5.5,150.74814708159));
#239 = CARTESIAN_POINT('',(-10.3802473683,-5.5,149.99232869281));
#240 = CARTESIAN_POINT('',(-10.490973561,-5.5,149.23535148073));
#241 = CARTESIAN_POINT('',(-10.59455000929,-5.5,148.47737891137));
#242 = CARTESIAN_POINT('',(-10.69143519833,-5.5,147.71854558319));
#243 = CARTESIAN_POINT('',(-10.83065645098,-5.5,146.55151856891));
#244 = CARTESIAN_POINT('',(-10.87745819314,-5.5,146.14386394073));
#245 = CARTESIAN_POINT('',(-10.92252085234,-5.5,145.73601080465));
#246 = CARTESIAN_POINT('',(-10.96590646005,-5.5,145.32797501331));
#247 = CARTESIAN_POINT('',(-11.00767421896,-5.5,144.9197710078));
#248 = CARTESIAN_POINT('',(-11.04788050296,-5.5,144.5114118176));
#249 = CARTESIAN_POINT('',(-11.1285295961,-5.5,143.66007388358));
#250 = CARTESIAN_POINT('',(-11.16870834334,-5.5,143.21707027282));
#251 = CARTESIAN_POINT('',(-11.20718362005,-5.5,142.7739131073));
#252 = CARTESIAN_POINT('',(-11.24402004047,-5.5,142.33061589371));
#253 = CARTESIAN_POINT('',(-11.27927936329,-5.5,141.88719091433));
#254 = CARTESIAN_POINT('',(-11.31301951129,-5.5,141.44364905071));
#255 = CARTESIAN_POINT('',(-11.34529605762,-5.5,141.));
#256 = ORIENTED_EDGE('',*,*,#257,.F.);
#257 = EDGE_CURVE('',#24,#233,#258,.T.);
#258 = LINE('',#259,#260);
#259 = CARTESIAN_POINT('',(-10.,3.381E-14,152.255508));
#260 = VECTOR('',#261,1.);
#261 = DIRECTION('',(0.,-1.,2.2E-16));
#262 = SURFACE_OF_LINEAR_EXTRUSION('',#263,#268);
#263 = B_SPLINE_CURVE_WITH_KNOTS('',3,(#264,#265,#266,#267),
  .UNSPECIFIED.,.F.,.F.,(4,4),(0.,1.),.PIECEWISE_BEZIER_KNOTS.);
#264 = CARTESIAN_POINT('',(-7.5,0.,-1.E-16));
#265 = CARTESIAN_POINT('',(-11.,2.002E-14,90.157171556849));
#266 = CARTESIAN_POINT('',(-14.,2.886E-14,130.));
#267 = CARTESIAN_POINT('',(-10.,3.381E-14,152.255508));
#268 = VECTOR('',#269,1.);
#269 = DIRECTION('',(0.,1.,-2.2E-16));
#270 = ADVANCED_FACE('',(#271,#349,#360),#371,.T.);
#271 = FACE_BOUND('',#272,.T.);
#272 = EDGE_LOOP('',(#273,#281,#282,#292,#301,#309,#317,#326,#334,#343)
  );
#273 = ORIENTED_EDGE('',*,*,#274,.T.);
#274 = EDGE_CURVE('',#275,#22,#277,.T.);
#275 = VERTEX_POINT('',#276);
#276 = CARTESIAN_POINT('',(-2.943291621447,-1.2E-14,93.));
#277 = LINE('',#278,#279);
#278 = CARTESIAN_POINT('',(13.,0.,93.));
#279 = VECTOR('',#280,1.);
#280 = DIRECTION('',(-1.,-0.,0.));
#281 = ORIENTED_EDGE('',*,*,#21,.T.);
#282 = ORIENTED_EDGE('',*,*,#283,.T.);
#283 = EDGE_CURVE('',#24,#284,#286,.T.);
#284 = VERTEX_POINT('',#285);
#285 = CARTESIAN_POINT('',(10.,-3.4E-14,152.255508));
#286 = B_SPLINE_CURVE_WITH_KNOTS('',3,(#287,#288,#289,#290,#291),
  .UNSPECIFIED.,.F.,.F.,(4,1,4),(0.,0.5,1.),.QUASI_UNIFORM_KNOTS.);
#287 = CARTESIAN_POINT('',(-10.,-3.381E-14,152.255508));
#288 = CARTESIAN_POINT('',(-6.,-3.775E-14,170.));
#289 = CARTESIAN_POINT('',(-2.E-16,-3.775E-14,170.));
#290 = CARTESIAN_POINT('',(6.,-3.775E-14,170.));
#291 = CARTESIAN_POINT('',(10.,-3.381E-14,152.255508));
#292 = ORIENTED_EDGE('',*,*,#293,.F.);
#293 = EDGE_CURVE('',#294,#284,#296,.T.);
#294 = VERTEX_POINT('',#295);
#295 = CARTESIAN_POINT('',(11.290598741155,-2.1E-14,93.000000000001));
#296 = B_SPLINE_CURVE_WITH_KNOTS('',3,(#297,#298,#299,#300),
  .UNSPECIFIED.,.F.,.F.,(4,4),(0.,1.),.PIECEWISE_BEZIER_KNOTS.);
#297 = CARTESIAN_POINT('',(7.5,0.,1.E-16));
#298 = CARTESIAN_POINT('',(11.,-2.002E-14,90.157171556849));
#299 = CARTESIAN_POINT('',(14.,-2.887E-14,130.));
#300 = CARTESIAN_POINT('',(10.,-3.381E-14,152.255508));
#301 = ORIENTED_EDGE('',*,*,#302,.T.);
#302 = EDGE_CURVE('',#294,#303,#305,.T.);
#303 = VERTEX_POINT('',#304);
#304 = CARTESIAN_POINT('',(2.943291621447,-1.2E-14,93.));
#305 = LINE('',#306,#307);
#306 = CARTESIAN_POINT('',(13.,0.,93.));
#307 = VECTOR('',#308,1.);
#308 = DIRECTION('',(-1.,-0.,0.));
#309 = ORIENTED_EDGE('',*,*,#310,.F.);
#310 = EDGE_CURVE('',#311,#303,#313,.T.);
#311 = VERTEX_POINT('',#312);
#312 = CARTESIAN_POINT('',(3.872392485124,-7.E-15,111.89661965834));
#313 = LINE('',#314,#315);
#314 = CARTESIAN_POINT('',(1.986843853336,1.814E-14,73.547182331176));
#315 = VECTOR('',#316,1.);
#316 = DIRECTION('',(-4.910824714211E-02,0.,-0.998793462165));
#317 = ORIENTED_EDGE('',*,*,#318,.T.);
#318 = EDGE_CURVE('',#311,#319,#321,.T.);
#319 = VERTEX_POINT('',#320);
#320 = CARTESIAN_POINT('',(2.474879,-8.E-15,113.36453367488));
#321 = CIRCLE('',#322,1.399201674884);
#322 = AXIS2_PLACEMENT_3D('',#323,#324,#325);
#323 = CARTESIAN_POINT('',(2.474879,1.777E-14,111.965332));
#324 = DIRECTION('',(0.,-1.,2.2E-16));
#325 = DIRECTION('',(1.,0.,0.));
#326 = ORIENTED_EDGE('',*,*,#327,.F.);
#327 = EDGE_CURVE('',#328,#319,#330,.T.);
#328 = VERTEX_POINT('',#329);
#329 = CARTESIAN_POINT('',(-2.474879,-8.E-15,113.36453367488));
#330 = LINE('',#331,#332);
#331 = CARTESIAN_POINT('',(1.2374395,1.798E-14,113.36453367488));
#332 = VECTOR('',#333,1.);
#333 = DIRECTION('',(1.,0.,2.87E-15));
#334 = ORIENTED_EDGE('',*,*,#335,.T.);
#335 = EDGE_CURVE('',#328,#336,#338,.T.);
#336 = VERTEX_POINT('',#337);
#337 = CARTESIAN_POINT('',(-3.872392485124,-7.E-15,111.89661965834));
#338 = CIRCLE('',#339,1.399201674884);
#339 = AXIS2_PLACEMENT_3D('',#340,#341,#342);
#340 = CARTESIAN_POINT('',(-2.474879,1.777E-14,111.965332));
#341 = DIRECTION('',(0.,-1.,2.2E-16));
#342 = DIRECTION('',(1.,0.,0.));
#343 = ORIENTED_EDGE('',*,*,#344,.F.);
#344 = EDGE_CURVE('',#275,#336,#345,.T.);
#345 = LINE('',#346,#347);
#346 = CARTESIAN_POINT('',(-3.166929734813,1.814E-14,97.548488258504));
#347 = VECTOR('',#348,1.);
#348 = DIRECTION('',(-4.910824714211E-02,0.,0.998793462165));
#349 = FACE_BOUND('',#350,.T.);
#350 = EDGE_LOOP('',(#351));
#351 = ORIENTED_EDGE('',*,*,#352,.T.);
#352 = EDGE_CURVE('',#353,#353,#355,.T.);
#353 = VERTEX_POINT('',#354);
#354 = CARTESIAN_POINT('',(2.6,-1.2E-14,130.));
#355 = CIRCLE('',#356,2.6);
#356 = AXIS2_PLACEMENT_3D('',#357,#358,#359);
#357 = CARTESIAN_POINT('',(0.,1.732E-14,130.));
#358 = DIRECTION('',(0.,-1.,2.2E-16));
#359 = DIRECTION('',(1.,0.,0.));
#360 = FACE_BOUND('',#361,.T.);
#361 = EDGE_LOOP('',(#362));
#362 = ORIENTED_EDGE('',*,*,#363,.T.);
#363 = EDGE_CURVE('',#364,#364,#366,.T.);
#364 = VERTEX_POINT('',#365);
#365 = CARTESIAN_POINT('',(2.,-1.9E-14,162.));
#366 = CIRCLE('',#367,2.);
#367 = AXIS2_PLACEMENT_3D('',#368,#369,#370);
#368 = CARTESIAN_POINT('',(0.,1.732E-14,162.));
#369 = DIRECTION('',(0.,-1.,2.2E-16));
#370 = DIRECTION('',(1.,0.,0.));
#371 = PLANE('',#372);
#372 = AXIS2_PLACEMENT_3D('',#373,#374,#375);
#373 = CARTESIAN_POINT('',(5.5E-16,0.,83.321381208124));
#374 = DIRECTION('',(0.,1.,2.2E-16));
#375 = DIRECTION('',(0.,-2.2E-16,1.));
#376 = ADVANCED_FACE('',(#377),#639,.T.);
#377 = FACE_BOUND('',#378,.T.);
#378 = EDGE_LOOP('',(#379,#380,#381,#507,#633));
#379 = ORIENTED_EDGE('',*,*,#283,.F.);
#380 = ORIENTED_EDGE('',*,*,#257,.T.);
#381 = ORIENTED_EDGE('',*,*,#382,.F.);
#382 = EDGE_CURVE('',#383,#233,#385,.T.);
#383 = VERTEX_POINT('',#384);
#384 = CARTESIAN_POINT('',(3.48205E-09,-5.5,170.));
#385 = B_SPLINE_CURVE_WITH_KNOTS('',8,(#386,#387,#388,#389,#390,#391,
    #392,#393,#394,#395,#396,#397,#398,#399,#400,#401,#402,#403,#404,
    #405,#406,#407,#408,#409,#410,#411,#412,#413,#414,#415,#416,#417,
    #418,#419,#420,#421,#422,#423,#424,#425,#426,#427,#428,#429,#430,
    #431,#432,#433,#434,#435,#436,#437,#438,#439,#440,#441,#442,#443,
    #444,#445,#446,#447,#448,#449,#450,#451,#452,#453,#454,#455,#456,
    #457,#458,#459,#460,#461,#462,#463,#464,#465,#466,#467,#468,#469,
    #470,#471,#472,#473,#474,#475,#476,#477,#478,#479,#480,#481,#482,
    #483,#484,#485,#486,#487,#488,#489,#490,#491,#492,#493,#494,#495,
    #496,#497,#498,#499,#500,#501,#502,#503,#504,#505,#506),
  .UNSPECIFIED.,.F.,.F.,(9,7,7,7,7,7,7,7,7,7,7,7,7,7,7,7,7,9),(0.,
    0.213975241513,0.329484535166,0.399564263631,0.417216825029,
    0.443518037094,0.472369097786,0.486840396846,0.498772287803,
    0.502884465472,0.512759562875,0.544974053205,0.55649513412,
    0.586692727499,0.610313043392,0.68738585998,0.817548645953,1.),
  .UNSPECIFIED.);
#386 = CARTESIAN_POINT('',(10.,-5.5,152.255508));
#387 = CARTESIAN_POINT('',(9.742055697171,-5.5,153.39978065449));
#388 = CARTESIAN_POINT('',(9.47511908383,-5.5,154.54177351329));
#389 = CARTESIAN_POINT('',(9.197926729202,-5.5,155.68138280745));
#390 = CARTESIAN_POINT('',(8.908890164533,-5.5,156.81822145772));
#391 = CARTESIAN_POINT('',(8.606103968841,-5.5,157.9516265097));
#392 = CARTESIAN_POINT('',(8.28680358127,-5.5,159.08049984792));
#393 = CARTESIAN_POINT('',(7.947465357955,-5.5,160.20334185211));
#394 = CARTESIAN_POINT('',(7.383640561486,-5.5,161.91903007117));
#395 = CARTESIAN_POINT('',(7.178279416048,-5.5,162.51762809463));
#396 = CARTESIAN_POINT('',(6.964081387555,-5.5,163.11321987898));
#397 = CARTESIAN_POINT('',(6.739676708291,-5.5,163.7052988066));
#398 = CARTESIAN_POINT('',(6.503443719652,-5.5,164.29297329614));
#399 = CARTESIAN_POINT('',(6.253155791086,-5.5,164.87480983322));
#400 = CARTESIAN_POINT('',(5.985968340033,-5.5,165.44883315639));
#401 = CARTESIAN_POINT('',(5.521289809646,-5.5,166.35339182138));
#402 = CARTESIAN_POINT('',(5.337995263427,-5.5,166.69035495987));
#403 = CARTESIAN_POINT('',(5.145555723326,-5.5,167.02243977379));
#404 = CARTESIAN_POINT('',(4.942544388867,-5.5,167.348693382));
#405 = CARTESIAN_POINT('',(4.72737184889,-5.5,167.66745136342));
#406 = CARTESIAN_POINT('',(4.498179527606,-5.5,167.97626090852));
#407 = CARTESIAN_POINT('',(4.252655133047,-5.5,168.27175208508));
#408 = CARTESIAN_POINT('',(3.921017994321,-5.5,168.61939980231));
#409 = CARTESIAN_POINT('',(3.853084050231,-5.5,168.68819497788));
#410 = CARTESIAN_POINT('',(3.783907456126,-5.5,168.7557555866));
#411 = CARTESIAN_POINT('',(3.713453313502,-5.5,168.82199321572));
#412 = CARTESIAN_POINT('',(3.641690277339,-5.5,168.88681219892));
#413 = CARTESIAN_POINT('',(3.5685917925,-5.5,168.95011102159));
#414 = CARTESIAN_POINT('',(3.49413733012,-5.5,169.01178372616));
#415 = CARTESIAN_POINT('',(3.305341045728,-5.5,169.16102457849));
#416 = CARTESIAN_POINT('',(3.189306841342,-5.5,169.24649373977));
#417 = CARTESIAN_POINT('',(3.070196496661,-5.5,169.32774367137));
#418 = CARTESIAN_POINT('',(2.948031206037,-5.5,169.40438757035));
#419 = CARTESIAN_POINT('',(2.822879480239,-5.5,169.47605786859));
#420 = CARTESIAN_POINT('',(2.694872487221,-5.5,169.54243286178));
#421 = CARTESIAN_POINT('',(2.564223125762,-5.5,169.60326905919));
#422 = CARTESIAN_POINT('',(2.28538295288,-5.5,169.71895808735));
#423 = CARTESIAN_POINT('',(2.136649456253,-5.5,169.7726880943));
#424 = CARTESIAN_POINT('',(1.985505527675,-5.5,169.81942970991));
#425 = CARTESIAN_POINT('',(1.832394630559,-5.5,169.85923165638));
#426 = CARTESIAN_POINT('',(1.677743548503,-5.5,169.89237232221));
#427 = CARTESIAN_POINT('',(1.521955905602,-5.5,169.91932829939));
#428 = CARTESIAN_POINT('',(1.365402164763,-5.5,169.94073007924));
#429 = CARTESIAN_POINT('',(1.129659018378,-5.5,169.96561861456));
#430 = CARTESIAN_POINT('',(1.050785502872,-5.5,169.97271952119));
#431 = CARTESIAN_POINT('',(0.97181595917,-5.5,169.97870005087));
#432 = CARTESIAN_POINT('',(0.892776137912,-5.5,169.98365807177));
#433 = CARTESIAN_POINT('',(0.813687064412,-5.5,169.98769574283));
#434 = CARTESIAN_POINT('',(0.734564964387,-5.5,169.99091836039));
#435 = CARTESIAN_POINT('',(0.655421189682,-5.5,169.99343320496));
#436 = CARTESIAN_POINT('',(0.510993843109,-5.5,169.99692749656));
#437 = CARTESIAN_POINT('',(0.445716326244,-5.5,169.99809881857));
#438 = CARTESIAN_POINT('',(0.380433236753,-5.5,169.99892337801));
#439 = CARTESIAN_POINT('',(0.315147339397,-5.5,169.99946242164));
#440 = CARTESIAN_POINT('',(0.249860520351,-5.5,169.9997774189));
#441 = CARTESIAN_POINT('',(0.1845737872,-5.5,169.99993006193));
#442 = CARTESIAN_POINT('',(0.119287268946,-5.5,169.99998226552));
#443 = CARTESIAN_POINT('',(3.149984601351E-02,-5.5,170.00000095822));
#444 = CARTESIAN_POINT('',(8.999474631047E-03,-5.5,170.00000249444));
#445 = CARTESIAN_POINT('',(-1.350089754759E-02,-5.5,170.00000249936));
#446 = CARTESIAN_POINT('',(-3.600126984557E-02,-5.5,170.00000143126));
#447 = CARTESIAN_POINT('',(-5.850164150909E-02,-5.5,169.99999848311));
#448 = CARTESIAN_POINT('',(-8.100201170736E-02,-5.5,169.99999158262));
#449 = CARTESIAN_POINT('',(-0.103502379533,-5.5,169.99997739223));
#450 = CARTESIAN_POINT('',(-0.180035742724,-5.5,169.99988867238));
#451 = CARTESIAN_POINT('',(-0.234068475173,-5.5,169.99976469597));
#452 = CARTESIAN_POINT('',(-0.288101126659,-5.5,169.99954420475));
#453 = CARTESIAN_POINT('',(-0.34213343496,-5.5,169.99919213923));
#454 = CARTESIAN_POINT('',(-0.396164690314,-5.5,169.99867355552));
#455 = CARTESIAN_POINT('',(-0.45019373542,-5.5,169.99795362536));
#456 = CARTESIAN_POINT('',(-0.504218965441,-5.5,169.99699763609));
#457 = CARTESIAN_POINT('',(-0.734460005797,-5.5,169.99176943463));
#458 = CARTESIAN_POINT('',(-0.91062684246,-5.5,169.98488802966));
#459 = CARTESIAN_POINT('',(-1.086674644542,-5.5,169.97392877499));
#460 = CARTESIAN_POINT('',(-1.262407740199,-5.5,169.95772229663));
#461 = CARTESIAN_POINT('',(-1.437503787582,-5.5,169.9351621141));
#462 = CARTESIAN_POINT('',(-1.611524442881,-5.5,169.90529181969));
#463 = CARTESIAN_POINT('',(-1.783927697762,-5.5,169.86741233435));
#464 = CARTESIAN_POINT('',(-2.014929563509,-5.5,169.80464074282));
#465 = CARTESIAN_POINT('',(-2.075493009084,-5.5,169.7870363582));
#466 = CARTESIAN_POINT('',(-2.13573895257,-5.5,169.7683472586));
#467 = CARTESIAN_POINT('',(-2.195639178082,-5.5,169.74856270852));
#468 = CARTESIAN_POINT('',(-2.255166333998,-5.5,169.72767722852));
#469 = CARTESIAN_POINT('',(-2.314293932969,-5.5,169.70569059514));
#470 = CARTESIAN_POINT('',(-2.372996351908,-5.5,169.68260784096));
#471 = CARTESIAN_POINT('',(-2.583932831014,-5.5,169.59509162686));
#472 = CARTESIAN_POINT('',(-2.733552370894,-5.5,169.52427367828));
#473 = CARTESIAN_POINT('',(-2.879620574793,-5.5,169.44617995596));
#474 = CARTESIAN_POINT('',(-3.021839627806,-5.5,169.36120711848));
#475 = CARTESIAN_POINT('',(-3.160051565812,-5.5,169.26987483419));
#476 = CARTESIAN_POINT('',(-3.294199124886,-5.5,169.17276179407));
#477 = CARTESIAN_POINT('',(-3.424296651285,-5.5,169.07045683877));
#478 = CARTESIAN_POINT('',(-3.64905676269,-5.5,168.87988412816));
#479 = CARTESIAN_POINT('',(-3.745286164773,-5.5,168.79339489661));
#480 = CARTESIAN_POINT('',(-3.839155311483,-5.5,168.70430483514));
#481 = CARTESIAN_POINT('',(-3.930736026842,-5.5,168.61284905941));
#482 = CARTESIAN_POINT('',(-4.020110317151,-5.5,168.51924475237));
#483 = CARTESIAN_POINT('',(-4.107366465614,-5.5,168.42368719515));
#484 = CARTESIAN_POINT('',(-4.192596830092,-5.5,168.32634754762));
#485 = CARTESIAN_POINT('',(-4.547705953975,-5.5,167.90441755079));
#486 = CARTESIAN_POINT('',(-4.79859490506,-5.5,167.56449220748));
#487 = CARTESIAN_POINT('',(-5.032467810488,-5.5,167.21219123554));
#488 = CARTESIAN_POINT('',(-5.251947368822,-5.5,166.85074389965));
#489 = CARTESIAN_POINT('',(-5.459062601957,-5.5,166.482449931));
#490 = CARTESIAN_POINT('',(-5.655516767228,-5.5,166.10884717832));
#491 = CARTESIAN_POINT('',(-5.84276665711,-5.5,165.73076128916));
#492 = CARTESIAN_POINT('',(-6.325081607895,-5.5,164.7026247105));
#493 = CARTESIAN_POINT('',(-6.604810905124,-5.5,164.04623838563));
#494 = CARTESIAN_POINT('',(-6.866915224926,-5.5,163.38238472515));
#495 = CARTESIAN_POINT('',(-7.114411762615,-5.5,162.71295827095));
#496 = CARTESIAN_POINT('',(-7.349666113609,-5.5,162.03933626137));
#497 = CARTESIAN_POINT('',(-7.574368748276,-5.5,161.36236322907));
#498 = CARTESIAN_POINT('',(-7.789943685564,-5.5,160.68251839819));
#499 = CARTESIAN_POINT('',(-8.28857920265,-5.5,159.04309723392));
#500 = CARTESIAN_POINT('',(-8.56376220252,-5.5,158.08151964426));
#501 = CARTESIAN_POINT('',(-8.826141151259,-5.5,157.1162991862));
#502 = CARTESIAN_POINT('',(-9.077636400751,-5.5,156.14818185049));
#503 = CARTESIAN_POINT('',(-9.319732174496,-5.5,155.17772211481));
#504 = CARTESIAN_POINT('',(-9.55356204891,-5.5,154.20530503238));
#505 = CARTESIAN_POINT('',(-9.780060306842,-5.5,153.23118753143));
#506 = CARTESIAN_POINT('',(-10.,-5.5,152.255508));
#507 = ORIENTED_EDGE('',*,*,#508,.F.);
#508 = EDGE_CURVE('',#509,#383,#511,.T.);
#509 = VERTEX_POINT('',#510);
#510 = CARTESIAN_POINT('',(10.,-5.5,152.255508));
#511 = B_SPLINE_CURVE_WITH_KNOTS('',8,(#512,#513,#514,#515,#516,#517,
    #518,#519,#520,#521,#522,#523,#524,#525,#526,#527,#528,#529,#530,
    #531,#532,#533,#534,#535,#536,#537,#538,#539,#540,#541,#542,#543,
    #544,#545,#546,#547,#548,#549,#550,#551,#552,#553,#554,#555,#556,
    #557,#558,#559,#560,#561,#562,#563,#564,#565,#566,#567,#568,#569,
    #570,#571,#572,#573,#574,#575,#576,#577,#578,#579,#580,#581,#582,
    #583,#584,#585,#586,#587,#588,#589,#590,#591,#592,#593,#594,#595,
    #596,#597,#598,#599,#600,#601,#602,#603,#604,#605,#606,#607,#608,
    #609,#610,#611,#612,#613,#614,#615,#616,#617,#618,#619,#620,#621,
    #622,#623,#624,#625,#626,#627,#628,#629,#630,#631,#632),
  .UNSPECIFIED.,.F.,.F.,(9,7,7,7,7,7,7,7,7,7,7,7,7,7,7,7,7,9),(0.,
    0.213975241513,0.329484535166,0.399564263631,0.417216825029,
    0.443518037094,0.472369097786,0.486840396846,0.498772287803,
    0.502884465472,0.512759562875,0.544974053205,0.55649513412,
    0.586692727499,0.610313043392,0.68738585998,0.817548645953,1.),
  .UNSPECIFIED.);
#512 = CARTESIAN_POINT('',(10.,-5.5,152.255508));
#513 = CARTESIAN_POINT('',(9.742055697171,-5.5,153.39978065449));
#514 = CARTESIAN_POINT('',(9.47511908383,-5.5,154.54177351329));
#515 = CARTESIAN_POINT('',(9.197926729202,-5.5,155.68138280745));
#516 = CARTESIAN_POINT('',(8.908890164533,-5.5,156.81822145772));
#517 = CARTESIAN_POINT('',(8.606103968841,-5.5,157.9516265097));
#518 = CARTESIAN_POINT('',(8.28680358127,-5.5,159.08049984792));
#519 = CARTESIAN_POINT('',(7.947465357955,-5.5,160.20334185211));
#520 = CARTESIAN_POINT('',(7.383640561486,-5.5,161.91903007117));
#521 = CARTESIAN_POINT('',(7.178279416048,-5.5,162.51762809463));
#522 = CARTESIAN_POINT('',(6.964081387555,-5.5,163.11321987898));
#523 = CARTESIAN_POINT('',(6.739676708291,-5.5,163.7052988066));
#524 = CARTESIAN_POINT('',(6.503443719652,-5.5,164.29297329614));
#525 = CARTESIAN_POINT('',(6.253155791086,-5.5,164.87480983322));
#526 = CARTESIAN_POINT('',(5.985968340033,-5.5,165.44883315639));
#527 = CARTESIAN_POINT('',(5.521289809646,-5.5,166.35339182138));
#528 = CARTESIAN_POINT('',(5.337995263427,-5.5,166.69035495987));
#529 = CARTESIAN_POINT('',(5.145555723326,-5.5,167.02243977379));
#530 = CARTESIAN_POINT('',(4.942544388867,-5.5,167.348693382));
#531 = CARTESIAN_POINT('',(4.72737184889,-5.5,167.66745136342));
#532 = CARTESIAN_POINT('',(4.498179527606,-5.5,167.97626090852));
#533 = CARTESIAN_POINT('',(4.252655133047,-5.5,168.27175208508));
#534 = CARTESIAN_POINT('',(3.921017994321,-5.5,168.61939980231));
#535 = CARTESIAN_POINT('',(3.853084050231,-5.5,168.68819497788));
#536 = CARTESIAN_POINT('',(3.783907456126,-5.5,168.7557555866));
#537 = CARTESIAN_POINT('',(3.713453313502,-5.5,168.82199321572));
#538 = CARTESIAN_POINT('',(3.641690277339,-5.5,168.88681219892));
#539 = CARTESIAN_POINT('',(3.5685917925,-5.5,168.95011102159));
#540 = CARTESIAN_POINT('',(3.49413733012,-5.5,169.01178372616));
#541 = CARTESIAN_POINT('',(3.305341045728,-5.5,169.16102457849));
#542 = CARTESIAN_POINT('',(3.189306841342,-5.5,169.24649373977));
#543 = CARTESIAN_POINT('',(3.070196496661,-5.5,169.32774367137));
#544 = CARTESIAN_POINT('',(2.948031206037,-5.5,169.40438757035));
#545 = CARTESIAN_POINT('',(2.822879480239,-5.5,169.47605786859));
#546 = CARTESIAN_POINT('',(2.694872487221,-5.5,169.54243286178));
#547 = CARTESIAN_POINT('',(2.564223125762,-5.5,169.60326905919));
#548 = CARTESIAN_POINT('',(2.28538295288,-5.5,169.71895808735));
#549 = CARTESIAN_POINT('',(2.136649456253,-5.5,169.7726880943));
#550 = CARTESIAN_POINT('',(1.985505527675,-5.5,169.81942970991));
#551 = CARTESIAN_POINT('',(1.832394630559,-5.5,169.85923165638));
#552 = CARTESIAN_POINT('',(1.677743548503,-5.5,169.89237232221));
#553 = CARTESIAN_POINT('',(1.521955905602,-5.5,169.91932829939));
#554 = CARTESIAN_POINT('',(1.365402164763,-5.5,169.94073007924));
#555 = CARTESIAN_POINT('',(1.129659018378,-5.5,169.96561861456));
#556 = CARTESIAN_POINT('',(1.050785502872,-5.5,169.97271952119));
#557 = CARTESIAN_POINT('',(0.97181595917,-5.5,169.97870005087));
#558 = CARTESIAN_POINT('',(0.892776137912,-5.5,169.98365807177));
#559 = CARTESIAN_POINT('',(0.813687064412,-5.5,169.98769574283));
#560 = CARTESIAN_POINT('',(0.734564964387,-5.5,169.99091836039));
#561 = CARTESIAN_POINT('',(0.655421189682,-5.5,169.99343320496));
#562 = CARTESIAN_POINT('',(0.510993843109,-5.5,169.99692749656));
#563 = CARTESIAN_POINT('',(0.445716326244,-5.5,169.99809881857));
#564 = CARTESIAN_POINT('',(0.380433236753,-5.5,169.99892337801));
#565 = CARTESIAN_POINT('',(0.315147339397,-5.5,169.99946242164));
#566 = CARTESIAN_POINT('',(0.249860520351,-5.5,169.9997774189));
#567 = CARTESIAN_POINT('',(0.1845737872,-5.5,169.99993006193));
#568 = CARTESIAN_POINT('',(0.119287268946,-5.5,169.99998226552));
#569 = CARTESIAN_POINT('',(3.149984601351E-02,-5.5,170.00000095822));
#570 = CARTESIAN_POINT('',(8.999474631047E-03,-5.5,170.00000249444));
#571 = CARTESIAN_POINT('',(-1.350089754759E-02,-5.5,170.00000249936));
#572 = CARTESIAN_POINT('',(-3.600126984557E-02,-5.5,170.00000143126));
#573 = CARTESIAN_POINT('',(-5.850164150909E-02,-5.5,169.99999848311));
#574 = CARTESIAN_POINT('',(-8.100201170736E-02,-5.5,169.99999158262));
#575 = CARTESIAN_POINT('',(-0.103502379533,-5.5,169.99997739223));
#576 = CARTESIAN_POINT('',(-0.180035742724,-5.5,169.99988867238));
#577 = CARTESIAN_POINT('',(-0.234068475173,-5.5,169.99976469597));
#578 = CARTESIAN_POINT('',(-0.288101126659,-5.5,169.99954420475));
#579 = CARTESIAN_POINT('',(-0.34213343496,-5.5,169.99919213923));
#580 = CARTESIAN_POINT('',(-0.396164690314,-5.5,169.99867355552));
#581 = CARTESIAN_POINT('',(-0.45019373542,-5.5,169.99795362536));
#582 = CARTESIAN_POINT('',(-0.504218965441,-5.5,169.99699763609));
#583 = CARTESIAN_POINT('',(-0.734460005797,-5.5,169.99176943463));
#584 = CARTESIAN_POINT('',(-0.91062684246,-5.5,169.98488802966));
#585 = CARTESIAN_POINT('',(-1.086674644542,-5.5,169.97392877499));
#586 = CARTESIAN_POINT('',(-1.262407740199,-5.5,169.95772229663));
#587 = CARTESIAN_POINT('',(-1.437503787582,-5.5,169.9351621141));
#588 = CARTESIAN_POINT('',(-1.611524442881,-5.5,169.90529181969));
#589 = CARTESIAN_POINT('',(-1.783927697762,-5.5,169.86741233435));
#590 = CARTESIAN_POINT('',(-2.014929563509,-5.5,169.80464074282));
#591 = CARTESIAN_POINT('',(-2.075493009084,-5.5,169.7870363582));
#592 = CARTESIAN_POINT('',(-2.13573895257,-5.5,169.7683472586));
#593 = CARTESIAN_POINT('',(-2.195639178082,-5.5,169.74856270852));
#594 = CARTESIAN_POINT('',(-2.255166333998,-5.5,169.72767722852));
#595 = CARTESIAN_POINT('',(-2.314293932969,-5.5,169.70569059514));
#596 = CARTESIAN_POINT('',(-2.372996351908,-5.5,169.68260784096));
#597 = CARTESIAN_POINT('',(-2.583932831014,-5.5,169.59509162686));
#598 = CARTESIAN_POINT('',(-2.733552370894,-5.5,169.52427367828));
#599 = CARTESIAN_POINT('',(-2.879620574793,-5.5,169.44617995596));
#600 = CARTESIAN_POINT('',(-3.021839627806,-5.5,169.36120711848));
#601 = CARTESIAN_POINT('',(-3.160051565812,-5.5,169.26987483419));
#602 = CARTESIAN_POINT('',(-3.294199124886,-5.5,169.17276179407));
#603 = CARTESIAN_POINT('',(-3.424296651285,-5.5,169.07045683877));
#604 = CARTESIAN_POINT('',(-3.64905676269,-5.5,168.87988412816));
#605 = CARTESIAN_POINT('',(-3.745286164773,-5.5,168.79339489661));
#606 = CARTESIAN_POINT('',(-3.839155311483,-5.5,168.70430483514));
#607 = CARTESIAN_POINT('',(-3.930736026842,-5.5,168.61284905941));
#608 = CARTESIAN_POINT('',(-4.020110317151,-5.5,168.51924475237));
#609 = CARTESIAN_POINT('',(-4.107366465614,-5.5,168.42368719515));
#610 = CARTESIAN_POINT('',(-4.192596830092,-5.5,168.32634754762));
#611 = CARTESIAN_POINT('',(-4.547705953975,-5.5,167.90441755079));
#612 = CARTESIAN_POINT('',(-4.79859490506,-5.5,167.56449220748));
#613 = CARTESIAN_POINT('',(-5.032467810488,-5.5,167.21219123554));
#614 = CARTESIAN_POINT('',(-5.251947368822,-5.5,166.85074389965));
#615 = CARTESIAN_POINT('',(-5.459062601957,-5.5,166.482449931));
#616 = CARTESIAN_POINT('',(-5.655516767228,-5.5,166.10884717832));
#617 = CARTESIAN_POINT('',(-5.84276665711,-5.5,165.73076128916));
#618 = CARTESIAN_POINT('',(-6.325081607895,-5.5,164.7026247105));
#619 = CARTESIAN_POINT('',(-6.604810905124,-5.5,164.04623838563));
#620 = CARTESIAN_POINT('',(-6.866915224926,-5.5,163.38238472515));
#621 = CARTESIAN_POINT('',(-7.114411762615,-5.5,162.71295827095));
#622 = CARTESIAN_POINT('',(-7.349666113609,-5.5,162.03933626137));
#623 = CARTESIAN_POINT('',(-7.574368748276,-5.5,161.36236322907));
#624 = CARTESIAN_POINT('',(-7.789943685564,-5.5,160.68251839819));
#625 = CARTESIAN_POINT('',(-8.28857920265,-5.5,159.04309723392));
#626 = CARTESIAN_POINT('',(-8.56376220252,-5.5,158.08151964426));
#627 = CARTESIAN_POINT('',(-8.826141151259,-5.5,157.1162991862));
#628 = CARTESIAN_POINT('',(-9.077636400751,-5.5,156.14818185049));
#629 = CARTESIAN_POINT('',(-9.319732174496,-5.5,155.17772211481));
#630 = CARTESIAN_POINT('',(-9.55356204891,-5.5,154.20530503238));
#631 = CARTESIAN_POINT('',(-9.780060306842,-5.5,153.23118753143));
#632 = CARTESIAN_POINT('',(-10.,-5.5,152.255508));
#633 = ORIENTED_EDGE('',*,*,#634,.F.);
#634 = EDGE_CURVE('',#284,#509,#635,.T.);
#635 = LINE('',#636,#637);
#636 = CARTESIAN_POINT('',(10.,3.381E-14,152.255508));
#637 = VECTOR('',#638,1.);
#638 = DIRECTION('',(0.,-1.,2.2E-16));
#639 = SURFACE_OF_LINEAR_EXTRUSION('',#640,#646);
#640 = B_SPLINE_CURVE_WITH_KNOTS('',3,(#641,#642,#643,#644,#645),
  .UNSPECIFIED.,.F.,.F.,(4,1,4),(0.,0.5,1.),.QUASI_UNIFORM_KNOTS.);
#641 = CARTESIAN_POINT('',(-10.,3.381E-14,152.255508));
#642 = CARTESIAN_POINT('',(-6.,3.775E-14,170.));
#643 = CARTESIAN_POINT('',(-2.E-16,3.775E-14,170.));
#644 = CARTESIAN_POINT('',(6.,3.775E-14,170.));
#645 = CARTESIAN_POINT('',(10.,3.381E-14,152.255508));
#646 = VECTOR('',#647,1.);
#647 = DIRECTION('',(0.,1.,-2.2E-16));
#648 = ADVANCED_FACE('',(#649,#685),#696,.F.);
#649 = FACE_BOUND('',#650,.F.);
#650 = EDGE_LOOP('',(#651,#652,#653,#678,#684));
#651 = ORIENTED_EDGE('',*,*,#382,.F.);
#652 = ORIENTED_EDGE('',*,*,#508,.F.);
#653 = ORIENTED_EDGE('',*,*,#654,.T.);
#654 = EDGE_CURVE('',#509,#655,#657,.T.);
#655 = VERTEX_POINT('',#656);
#656 = CARTESIAN_POINT('',(11.345296057622,-5.5,141.));
#657 = B_SPLINE_CURVE_WITH_KNOTS('',7,(#658,#659,#660,#661,#662,#663,
    #664,#665,#666,#667,#668,#669,#670,#671,#672,#673,#674,#675,#676,
    #677),.UNSPECIFIED.,.F.,.F.,(8,6,6,8),(0.,0.472172541528,
    0.725443262091,1.),.UNSPECIFIED.);
#658 = CARTESIAN_POINT('',(10.,-5.5,152.255508));
#659 = CARTESIAN_POINT('',(10.135318211459,-5.5,151.50261411558));
#660 = CARTESIAN_POINT('',(10.261874538478,-5.5,150.74814708159));
#661 = CARTESIAN_POINT('',(10.380247368306,-5.5,149.99232869281));
#662 = CARTESIAN_POINT('',(10.490973561009,-5.5,149.23535148073));
#663 = CARTESIAN_POINT('',(10.594550009295,-5.5,148.47737891137));
#664 = CARTESIAN_POINT('',(10.691435198333,-5.5,147.71854558319));
#665 = CARTESIAN_POINT('',(10.830656450984,-5.5,146.55151856891));
#666 = CARTESIAN_POINT('',(10.877458193147,-5.5,146.14386394073));
#667 = CARTESIAN_POINT('',(10.922520852343,-5.5,145.73601080465));
#668 = CARTESIAN_POINT('',(10.965906460054,-5.5,145.32797501331));
#669 = CARTESIAN_POINT('',(11.007674218964,-5.5,144.9197710078));
#670 = CARTESIAN_POINT('',(11.047880502961,-5.5,144.5114118176));
#671 = CARTESIAN_POINT('',(11.128529596102,-5.5,143.66007388358));
#672 = CARTESIAN_POINT('',(11.168708343345,-5.5,143.21707027282));
#673 = CARTESIAN_POINT('',(11.207183620052,-5.5,142.7739131073));
#674 = CARTESIAN_POINT('',(11.244020040474,-5.5,142.33061589371));
#675 = CARTESIAN_POINT('',(11.279279363297,-5.5,141.88719091433));
#676 = CARTESIAN_POINT('',(11.313019511298,-5.5,141.44364905071));
#677 = CARTESIAN_POINT('',(11.345296057622,-5.5,141.));
#678 = ORIENTED_EDGE('',*,*,#679,.T.);
#679 = EDGE_CURVE('',#655,#223,#680,.T.);
#680 = LINE('',#681,#682);
#681 = CARTESIAN_POINT('',(25.,-5.5,141.));
#682 = VECTOR('',#683,1.);
#683 = DIRECTION('',(-1.,0.,0.));
#684 = ORIENTED_EDGE('',*,*,#232,.F.);
#685 = FACE_BOUND('',#686,.F.);
#686 = EDGE_LOOP('',(#687));
#687 = ORIENTED_EDGE('',*,*,#688,.T.);
#688 = EDGE_CURVE('',#689,#689,#691,.T.);
#689 = VERTEX_POINT('',#690);
#690 = CARTESIAN_POINT('',(2.,-5.5,162.));
#691 = CIRCLE('',#692,2.);
#692 = AXIS2_PLACEMENT_3D('',#693,#694,#695);
#693 = CARTESIAN_POINT('',(0.,-5.5,162.));
#694 = DIRECTION('',(0.,-1.,2.2E-16));
#695 = DIRECTION('',(1.,0.,0.));
#696 = PLANE('',#697);
#697 = AXIS2_PLACEMENT_3D('',#698,#699,#700);
#698 = CARTESIAN_POINT('',(25.,-5.5,170.));
#699 = DIRECTION('',(0.,1.,0.));
#700 = DIRECTION('',(-1.,0.,0.));
#701 = ADVANCED_FACE('',(#702),#722,.T.);
#702 = FACE_BOUND('',#703,.T.);
#703 = EDGE_LOOP('',(#704,#705,#706,#714));
#704 = ORIENTED_EDGE('',*,*,#679,.T.);
#705 = ORIENTED_EDGE('',*,*,#222,.F.);
#706 = ORIENTED_EDGE('',*,*,#707,.T.);
#707 = EDGE_CURVE('',#198,#708,#710,.T.);
#708 = VERTEX_POINT('',#709);
#709 = CARTESIAN_POINT('',(11.345296057622,-14.5,141.));
#710 = LINE('',#711,#712);
#711 = CARTESIAN_POINT('',(-25.,-14.5,141.));
#712 = VECTOR('',#713,1.);
#713 = DIRECTION('',(1.,0.,0.));
#714 = ORIENTED_EDGE('',*,*,#715,.T.);
#715 = EDGE_CURVE('',#708,#655,#716,.T.);
#716 = B_SPLINE_CURVE_WITH_KNOTS('',4,(#717,#718,#719,#720,#721),
  .UNSPECIFIED.,.F.,.F.,(5,5),(0.,1.),.PIECEWISE_BEZIER_KNOTS.);
#717 = CARTESIAN_POINT('',(11.345296057622,-14.5,141.));
#718 = CARTESIAN_POINT('',(11.345296057622,-12.25,141.));
#719 = CARTESIAN_POINT('',(11.345296057622,-10.,141.));
#720 = CARTESIAN_POINT('',(11.345296057622,-7.75,141.));
#721 = CARTESIAN_POINT('',(11.345296057622,-5.5,141.));
#722 = PLANE('',#723);
#723 = AXIS2_PLACEMENT_3D('',#724,#725,#726);
#724 = CARTESIAN_POINT('',(0.,-10.,141.));
#725 = DIRECTION('',(0.,-2.2E-16,1.));
#726 = DIRECTION('',(1.,0.,0.));
#727 = ADVANCED_FACE('',(#728,#1007),#1018,.F.);
#728 = FACE_BOUND('',#729,.F.);
#729 = EDGE_LOOP('',(#730,#858,#982,#983,#984));
#730 = ORIENTED_EDGE('',*,*,#731,.T.);
#731 = EDGE_CURVE('',#732,#734,#736,.T.);
#732 = VERTEX_POINT('',#733);
#733 = CARTESIAN_POINT('',(10.,-14.5,152.255508));
#734 = VERTEX_POINT('',#735);
#735 = CARTESIAN_POINT('',(-3.886523E-09,-14.5,170.));
#736 = B_SPLINE_CURVE_WITH_KNOTS('',8,(#737,#738,#739,#740,#741,#742,
    #743,#744,#745,#746,#747,#748,#749,#750,#751,#752,#753,#754,#755,
    #756,#757,#758,#759,#760,#761,#762,#763,#764,#765,#766,#767,#768,
    #769,#770,#771,#772,#773,#774,#775,#776,#777,#778,#779,#780,#781,
    #782,#783,#784,#785,#786,#787,#788,#789,#790,#791,#792,#793,#794,
    #795,#796,#797,#798,#799,#800,#801,#802,#803,#804,#805,#806,#807,
    #808,#809,#810,#811,#812,#813,#814,#815,#816,#817,#818,#819,#820,
    #821,#822,#823,#824,#825,#826,#827,#828,#829,#830,#831,#832,#833,
    #834,#835,#836,#837,#838,#839,#840,#841,#842,#843,#844,#845,#846,
    #847,#848,#849,#850,#851,#852,#853,#854,#855,#856,#857),
  .UNSPECIFIED.,.F.,.F.,(9,7,7,7,7,7,7,7,7,7,7,7,7,7,7,7,7,9),(0.,
    0.213975241513,0.329484535165,0.39956426363,0.417216825028,
    0.443518037093,0.472369097785,0.486840396846,0.498772287803,
    0.502884465471,0.512759562874,0.544974053204,0.556495134119,
    0.586692727498,0.610313043391,0.687385859978,0.817548645951,1.),
  .UNSPECIFIED.);
#737 = CARTESIAN_POINT('',(10.,-14.5,152.255508));
#738 = CARTESIAN_POINT('',(9.742055697171,-14.5,153.39978065449));
#739 = CARTESIAN_POINT('',(9.475119083827,-14.5,154.54177351329));
#740 = CARTESIAN_POINT('',(9.197926729208,-14.5,155.68138280745));
#741 = CARTESIAN_POINT('',(8.908890164526,-14.5,156.81822145772));
#742 = CARTESIAN_POINT('',(8.606103968846,-14.5,157.9516265097));
#743 = CARTESIAN_POINT('',(8.286803581268,-14.5,159.08049984792));
#744 = CARTESIAN_POINT('',(7.947465357955,-14.5,160.20334185211));
#745 = CARTESIAN_POINT('',(7.383640561486,-14.5,161.91903007117));
#746 = CARTESIAN_POINT('',(7.178279416045,-14.5,162.51762809463));
#747 = CARTESIAN_POINT('',(6.964081387562,-14.5,163.11321987898));
#748 = CARTESIAN_POINT('',(6.739676708282,-14.5,163.70529880659));
#749 = CARTESIAN_POINT('',(6.503443719658,-14.5,164.29297329615));
#750 = CARTESIAN_POINT('',(6.253155791084,-14.5,164.87480983321));
#751 = CARTESIAN_POINT('',(5.985968340033,-14.5,165.44883315639));
#752 = CARTESIAN_POINT('',(5.521289809646,-14.5,166.35339182138));
#753 = CARTESIAN_POINT('',(5.337995263428,-14.5,166.69035495986));
#754 = CARTESIAN_POINT('',(5.145555723325,-14.5,167.0224397738));
#755 = CARTESIAN_POINT('',(4.942544388867,-14.5,167.348693382));
#756 = CARTESIAN_POINT('',(4.72737184889,-14.5,167.66745136341));
#757 = CARTESIAN_POINT('',(4.498179527606,-14.5,167.97626090852));
#758 = CARTESIAN_POINT('',(4.252655133048,-14.5,168.27175208508));
#759 = CARTESIAN_POINT('',(3.921017994321,-14.5,168.61939980231));
#760 = CARTESIAN_POINT('',(3.853084050231,-14.5,168.68819497788));
#761 = CARTESIAN_POINT('',(3.783907456126,-14.5,168.7557555866));
#762 = CARTESIAN_POINT('',(3.713453313501,-14.5,168.82199321572));
#763 = CARTESIAN_POINT('',(3.641690277339,-14.5,168.88681219892));
#764 = CARTESIAN_POINT('',(3.5685917925,-14.5,168.95011102159));
#765 = CARTESIAN_POINT('',(3.49413733012,-14.5,169.01178372616));
#766 = CARTESIAN_POINT('',(3.305341045727,-14.5,169.16102457849));
#767 = CARTESIAN_POINT('',(3.189306841343,-14.5,169.24649373977));
#768 = CARTESIAN_POINT('',(3.070196496661,-14.5,169.32774367137));
#769 = CARTESIAN_POINT('',(2.948031206036,-14.5,169.40438757035));
#770 = CARTESIAN_POINT('',(2.822879480239,-14.5,169.47605786859));
#771 = CARTESIAN_POINT('',(2.694872487221,-14.5,169.54243286178));
#772 = CARTESIAN_POINT('',(2.564223125762,-14.5,169.60326905919));
#773 = CARTESIAN_POINT('',(2.285382952881,-14.5,169.71895808735));
#774 = CARTESIAN_POINT('',(2.136649456252,-14.5,169.7726880943));
#775 = CARTESIAN_POINT('',(1.985505527675,-14.5,169.81942970991));
#776 = CARTESIAN_POINT('',(1.832394630561,-14.5,169.85923165638));
#777 = CARTESIAN_POINT('',(1.677743548503,-14.5,169.89237232221));
#778 = CARTESIAN_POINT('',(1.5219559056,-14.5,169.91932829939));
#779 = CARTESIAN_POINT('',(1.365402164764,-14.5,169.94073007924));
#780 = CARTESIAN_POINT('',(1.129659018378,-14.5,169.96561861456));
#781 = CARTESIAN_POINT('',(1.050785502872,-14.5,169.97271952119));
#782 = CARTESIAN_POINT('',(0.97181595917,-14.5,169.97870005087));
#783 = CARTESIAN_POINT('',(0.892776137912,-14.5,169.98365807177));
#784 = CARTESIAN_POINT('',(0.813687064412,-14.5,169.98769574283));
#785 = CARTESIAN_POINT('',(0.734564964386,-14.5,169.99091836039));
#786 = CARTESIAN_POINT('',(0.655421189682,-14.5,169.99343320496));
#787 = CARTESIAN_POINT('',(0.510993843109,-14.5,169.99692749656));
#788 = CARTESIAN_POINT('',(0.445716326244,-14.5,169.99809881857));
#789 = CARTESIAN_POINT('',(0.380433236753,-14.5,169.99892337801));
#790 = CARTESIAN_POINT('',(0.315147339397,-14.5,169.99946242164));
#791 = CARTESIAN_POINT('',(0.249860520351,-14.5,169.9997774189));
#792 = CARTESIAN_POINT('',(0.1845737872,-14.5,169.99993006193));
#793 = CARTESIAN_POINT('',(0.119287268946,-14.5,169.99998226552));
#794 = CARTESIAN_POINT('',(3.149984601352E-02,-14.5,170.00000095822));
#795 = CARTESIAN_POINT('',(8.99947463105E-03,-14.5,170.00000249444));
#796 = CARTESIAN_POINT('',(-1.350089754759E-02,-14.5,170.00000249936));
#797 = CARTESIAN_POINT('',(-3.600126984557E-02,-14.5,170.00000143126));
#798 = CARTESIAN_POINT('',(-5.85016415091E-02,-14.5,169.99999848311));
#799 = CARTESIAN_POINT('',(-8.100201170736E-02,-14.5,169.99999158262));
#800 = CARTESIAN_POINT('',(-0.103502379533,-14.5,169.99997739223));
#801 = CARTESIAN_POINT('',(-0.180035742724,-14.5,169.99988867238));
#802 = CARTESIAN_POINT('',(-0.234068475173,-14.5,169.99976469597));
#803 = CARTESIAN_POINT('',(-0.288101126659,-14.5,169.99954420475));
#804 = CARTESIAN_POINT('',(-0.34213343496,-14.5,169.99919213923));
#805 = CARTESIAN_POINT('',(-0.396164690314,-14.5,169.99867355552));
#806 = CARTESIAN_POINT('',(-0.45019373542,-14.5,169.99795362536));
#807 = CARTESIAN_POINT('',(-0.504218965441,-14.5,169.99699763609));
#808 = CARTESIAN_POINT('',(-0.734460005798,-14.5,169.99176943463));
#809 = CARTESIAN_POINT('',(-0.910626842459,-14.5,169.98488802966));
#810 = CARTESIAN_POINT('',(-1.086674644544,-14.5,169.97392877499));
#811 = CARTESIAN_POINT('',(-1.262407740199,-14.5,169.95772229663));
#812 = CARTESIAN_POINT('',(-1.437503787581,-14.5,169.9351621141));
#813 = CARTESIAN_POINT('',(-1.611524442882,-14.5,169.90529181969));
#814 = CARTESIAN_POINT('',(-1.783927697762,-14.5,169.86741233435));
#815 = CARTESIAN_POINT('',(-2.014929563509,-14.5,169.80464074282));
#816 = CARTESIAN_POINT('',(-2.075493009084,-14.5,169.7870363582));
#817 = CARTESIAN_POINT('',(-2.13573895257,-14.5,169.7683472586));
#818 = CARTESIAN_POINT('',(-2.195639178082,-14.5,169.74856270852));
#819 = CARTESIAN_POINT('',(-2.255166333998,-14.5,169.72767722852));
#820 = CARTESIAN_POINT('',(-2.314293932969,-14.5,169.70569059514));
#821 = CARTESIAN_POINT('',(-2.372996351908,-14.5,169.68260784096));
#822 = CARTESIAN_POINT('',(-2.583932831014,-14.5,169.59509162686));
#823 = CARTESIAN_POINT('',(-2.733552370894,-14.5,169.52427367828));
#824 = CARTESIAN_POINT('',(-2.879620574793,-14.5,169.44617995596));
#825 = CARTESIAN_POINT('',(-3.021839627806,-14.5,169.36120711848));
#826 = CARTESIAN_POINT('',(-3.160051565812,-14.5,169.26987483419));
#827 = CARTESIAN_POINT('',(-3.294199124886,-14.5,169.17276179407));
#828 = CARTESIAN_POINT('',(-3.424296651284,-14.5,169.07045683877));
#829 = CARTESIAN_POINT('',(-3.64905676269,-14.5,168.87988412816));
#830 = CARTESIAN_POINT('',(-3.745286164772,-14.5,168.79339489661));
#831 = CARTESIAN_POINT('',(-3.839155311483,-14.5,168.70430483514));
#832 = CARTESIAN_POINT('',(-3.930736026842,-14.5,168.61284905941));
#833 = CARTESIAN_POINT('',(-4.020110317151,-14.5,168.51924475237));
#834 = CARTESIAN_POINT('',(-4.107366465614,-14.5,168.42368719515));
#835 = CARTESIAN_POINT('',(-4.192596830092,-14.5,168.32634754762));
#836 = CARTESIAN_POINT('',(-4.547705953976,-14.5,167.90441755079));
#837 = CARTESIAN_POINT('',(-4.798594905059,-14.5,167.56449220748));
#838 = CARTESIAN_POINT('',(-5.032467810489,-14.5,167.21219123553));
#839 = CARTESIAN_POINT('',(-5.251947368822,-14.5,166.85074389965));
#840 = CARTESIAN_POINT('',(-5.459062601956,-14.5,166.482449931));
#841 = CARTESIAN_POINT('',(-5.655516767229,-14.5,166.10884717831));
#842 = CARTESIAN_POINT('',(-5.842766657109,-14.5,165.73076128916));
#843 = CARTESIAN_POINT('',(-6.325081607897,-14.5,164.70262471049));
#844 = CARTESIAN_POINT('',(-6.604810905114,-14.5,164.04623838566));
#845 = CARTESIAN_POINT('',(-6.866915224945,-14.5,163.38238472509));
#846 = CARTESIAN_POINT('',(-7.114411762589,-14.5,162.71295827104));
#847 = CARTESIAN_POINT('',(-7.349666113631,-14.5,162.03933626129));
#848 = CARTESIAN_POINT('',(-7.574368748265,-14.5,161.36236322911));
#849 = CARTESIAN_POINT('',(-7.789943685566,-14.5,160.68251839818));
#850 = CARTESIAN_POINT('',(-8.288579202649,-14.5,159.04309723393));
#851 = CARTESIAN_POINT('',(-8.563762202527,-14.5,158.08151964425));
#852 = CARTESIAN_POINT('',(-8.826141151241,-14.5,157.11629918623));
#853 = CARTESIAN_POINT('',(-9.077636400774,-14.5,156.14818185045));
#854 = CARTESIAN_POINT('',(-9.31973217448,-14.5,155.17772211484));
#855 = CARTESIAN_POINT('',(-9.553562048915,-14.5,154.20530503237));
#856 = CARTESIAN_POINT('',(-9.780060306841,-14.5,153.23118753143));
#857 = CARTESIAN_POINT('',(-10.,-14.5,152.255508));
#858 = ORIENTED_EDGE('',*,*,#859,.T.);
#859 = EDGE_CURVE('',#734,#190,#860,.T.);
#860 = B_SPLINE_CURVE_WITH_KNOTS('',8,(#861,#862,#863,#864,#865,#866,
    #867,#868,#869,#870,#871,#872,#873,#874,#875,#876,#877,#878,#879,
    #880,#881,#882,#883,#884,#885,#886,#887,#888,#889,#890,#891,#892,
    #893,#894,#895,#896,#897,#898,#899,#900,#901,#902,#903,#904,#905,
    #906,#907,#908,#909,#910,#911,#912,#913,#914,#915,#916,#917,#918,
    #919,#920,#921,#922,#923,#924,#925,#926,#927,#928,#929,#930,#931,
    #932,#933,#934,#935,#936,#937,#938,#939,#940,#941,#942,#943,#944,
    #945,#946,#947,#948,#949,#950,#951,#952,#953,#954,#955,#956,#957,
    #958,#959,#960,#961,#962,#963,#964,#965,#966,#967,#968,#969,#970,
    #971,#972,#973,#974,#975,#976,#977,#978,#979,#980,#981),
  .UNSPECIFIED.,.F.,.F.,(9,7,7,7,7,7,7,7,7,7,7,7,7,7,7,7,7,9),(0.,
    0.213975241513,0.329484535165,0.39956426363,0.417216825028,
    0.443518037093,0.472369097785,0.486840396846,0.498772287803,
    0.502884465471,0.512759562874,0.544974053204,0.556495134119,
    0.586692727498,0.610313043391,0.687385859978,0.817548645951,1.),
  .UNSPECIFIED.);
#861 = CARTESIAN_POINT('',(10.,-14.5,152.255508));
#862 = CARTESIAN_POINT('',(9.742055697171,-14.5,153.39978065449));
#863 = CARTESIAN_POINT('',(9.475119083827,-14.5,154.54177351329));
#864 = CARTESIAN_POINT('',(9.197926729208,-14.5,155.68138280745));
#865 = CARTESIAN_POINT('',(8.908890164526,-14.5,156.81822145772));
#866 = CARTESIAN_POINT('',(8.606103968846,-14.5,157.9516265097));
#867 = CARTESIAN_POINT('',(8.286803581268,-14.5,159.08049984792));
#868 = CARTESIAN_POINT('',(7.947465357955,-14.5,160.20334185211));
#869 = CARTESIAN_POINT('',(7.383640561486,-14.5,161.91903007117));
#870 = CARTESIAN_POINT('',(7.178279416045,-14.5,162.51762809463));
#871 = CARTESIAN_POINT('',(6.964081387562,-14.5,163.11321987898));
#872 = CARTESIAN_POINT('',(6.739676708282,-14.5,163.70529880659));
#873 = CARTESIAN_POINT('',(6.503443719658,-14.5,164.29297329615));
#874 = CARTESIAN_POINT('',(6.253155791084,-14.5,164.87480983321));
#875 = CARTESIAN_POINT('',(5.985968340033,-14.5,165.44883315639));
#876 = CARTESIAN_POINT('',(5.521289809646,-14.5,166.35339182138));
#877 = CARTESIAN_POINT('',(5.337995263428,-14.5,166.69035495986));
#878 = CARTESIAN_POINT('',(5.145555723325,-14.5,167.0224397738));
#879 = CARTESIAN_POINT('',(4.942544388867,-14.5,167.348693382));
#880 = CARTESIAN_POINT('',(4.72737184889,-14.5,167.66745136341));
#881 = CARTESIAN_POINT('',(4.498179527606,-14.5,167.97626090852));
#882 = CARTESIAN_POINT('',(4.252655133048,-14.5,168.27175208508));
#883 = CARTESIAN_POINT('',(3.921017994321,-14.5,168.61939980231));
#884 = CARTESIAN_POINT('',(3.853084050231,-14.5,168.68819497788));
#885 = CARTESIAN_POINT('',(3.783907456126,-14.5,168.7557555866));
#886 = CARTESIAN_POINT('',(3.713453313501,-14.5,168.82199321572));
#887 = CARTESIAN_POINT('',(3.641690277339,-14.5,168.88681219892));
#888 = CARTESIAN_POINT('',(3.5685917925,-14.5,168.95011102159));
#889 = CARTESIAN_POINT('',(3.49413733012,-14.5,169.01178372616));
#890 = CARTESIAN_POINT('',(3.305341045727,-14.5,169.16102457849));
#891 = CARTESIAN_POINT('',(3.189306841343,-14.5,169.24649373977));
#892 = CARTESIAN_POINT('',(3.070196496661,-14.5,169.32774367137));
#893 = CARTESIAN_POINT('',(2.948031206036,-14.5,169.40438757035));
#894 = CARTESIAN_POINT('',(2.822879480239,-14.5,169.47605786859));
#895 = CARTESIAN_POINT('',(2.694872487221,-14.5,169.54243286178));
#896 = CARTESIAN_POINT('',(2.564223125762,-14.5,169.60326905919));
#897 = CARTESIAN_POINT('',(2.285382952881,-14.5,169.71895808735));
#898 = CARTESIAN_POINT('',(2.136649456252,-14.5,169.7726880943));
#899 = CARTESIAN_POINT('',(1.985505527675,-14.5,169.81942970991));
#900 = CARTESIAN_POINT('',(1.832394630561,-14.5,169.85923165638));
#901 = CARTESIAN_POINT('',(1.677743548503,-14.5,169.89237232221));
#902 = CARTESIAN_POINT('',(1.5219559056,-14.5,169.91932829939));
#903 = CARTESIAN_POINT('',(1.365402164764,-14.5,169.94073007924));
#904 = CARTESIAN_POINT('',(1.129659018378,-14.5,169.96561861456));
#905 = CARTESIAN_POINT('',(1.050785502872,-14.5,169.97271952119));
#906 = CARTESIAN_POINT('',(0.97181595917,-14.5,169.97870005087));
#907 = CARTESIAN_POINT('',(0.892776137912,-14.5,169.98365807177));
#908 = CARTESIAN_POINT('',(0.813687064412,-14.5,169.98769574283));
#909 = CARTESIAN_POINT('',(0.734564964386,-14.5,169.99091836039));
#910 = CARTESIAN_POINT('',(0.655421189682,-14.5,169.99343320496));
#911 = CARTESIAN_POINT('',(0.510993843109,-14.5,169.99692749656));
#912 = CARTESIAN_POINT('',(0.445716326244,-14.5,169.99809881857));
#913 = CARTESIAN_POINT('',(0.380433236753,-14.5,169.99892337801));
#914 = CARTESIAN_POINT('',(0.315147339397,-14.5,169.99946242164));
#915 = CARTESIAN_POINT('',(0.249860520351,-14.5,169.9997774189));
#916 = CARTESIAN_POINT('',(0.1845737872,-14.5,169.99993006193));
#917 = CARTESIAN_POINT('',(0.119287268946,-14.5,169.99998226552));
#918 = CARTESIAN_POINT('',(3.149984601352E-02,-14.5,170.00000095822));
#919 = CARTESIAN_POINT('',(8.99947463105E-03,-14.5,170.00000249444));
#920 = CARTESIAN_POINT('',(-1.350089754759E-02,-14.5,170.00000249936));
#921 = CARTESIAN_POINT('',(-3.600126984557E-02,-14.5,170.00000143126));
#922 = CARTESIAN_POINT('',(-5.85016415091E-02,-14.5,169.99999848311));
#923 = CARTESIAN_POINT('',(-8.100201170736E-02,-14.5,169.99999158262));
#924 = CARTESIAN_POINT('',(-0.103502379533,-14.5,169.99997739223));
#925 = CARTESIAN_POINT('',(-0.180035742724,-14.5,169.99988867238));
#926 = CARTESIAN_POINT('',(-0.234068475173,-14.5,169.99976469597));
#927 = CARTESIAN_POINT('',(-0.288101126659,-14.5,169.99954420475));
#928 = CARTESIAN_POINT('',(-0.34213343496,-14.5,169.99919213923));
#929 = CARTESIAN_POINT('',(-0.396164690314,-14.5,169.99867355552));
#930 = CARTESIAN_POINT('',(-0.45019373542,-14.5,169.99795362536));
#931 = CARTESIAN_POINT('',(-0.504218965441,-14.5,169.99699763609));
#932 = CARTESIAN_POINT('',(-0.734460005798,-14.5,169.99176943463));
#933 = CARTESIAN_POINT('',(-0.910626842459,-14.5,169.98488802966));
#934 = CARTESIAN_POINT('',(-1.086674644544,-14.5,169.97392877499));
#935 = CARTESIAN_POINT('',(-1.262407740199,-14.5,169.95772229663));
#936 = CARTESIAN_POINT('',(-1.437503787581,-14.5,169.9351621141));
#937 = CARTESIAN_POINT('',(-1.611524442882,-14.5,169.90529181969));
#938 = CARTESIAN_POINT('',(-1.783927697762,-14.5,169.86741233435));
#939 = CARTESIAN_POINT('',(-2.014929563509,-14.5,169.80464074282));
#940 = CARTESIAN_POINT('',(-2.075493009084,-14.5,169.7870363582));
#941 = CARTESIAN_POINT('',(-2.13573895257,-14.5,169.7683472586));
#942 = CARTESIAN_POINT('',(-2.195639178082,-14.5,169.74856270852));
#943 = CARTESIAN_POINT('',(-2.255166333998,-14.5,169.72767722852));
#944 = CARTESIAN_POINT('',(-2.314293932969,-14.5,169.70569059514));
#945 = CARTESIAN_POINT('',(-2.372996351908,-14.5,169.68260784096));
#946 = CARTESIAN_POINT('',(-2.583932831014,-14.5,169.59509162686));
#947 = CARTESIAN_POINT('',(-2.733552370894,-14.5,169.52427367828));
#948 = CARTESIAN_POINT('',(-2.879620574793,-14.5,169.44617995596));
#949 = CARTESIAN_POINT('',(-3.021839627806,-14.5,169.36120711848));
#950 = CARTESIAN_POINT('',(-3.160051565812,-14.5,169.26987483419));
#951 = CARTESIAN_POINT('',(-3.294199124886,-14.5,169.17276179407));
#952 = CARTESIAN_POINT('',(-3.424296651284,-14.5,169.07045683877));
#953 = CARTESIAN_POINT('',(-3.64905676269,-14.5,168.87988412816));
#954 = CARTESIAN_POINT('',(-3.745286164772,-14.5,168.79339489661));
#955 = CARTESIAN_POINT('',(-3.839155311483,-14.5,168.70430483514));
#956 = CARTESIAN_POINT('',(-3.930736026842,-14.5,168.61284905941));
#957 = CARTESIAN_POINT('',(-4.020110317151,-14.5,168.51924475237));
#958 = CARTESIAN_POINT('',(-4.107366465614,-14.5,168.42368719515));
#959 = CARTESIAN_POINT('',(-4.192596830092,-14.5,168.32634754762));
#960 = CARTESIAN_POINT('',(-4.547705953976,-14.5,167.90441755079));
#961 = CARTESIAN_POINT('',(-4.798594905059,-14.5,167.56449220748));
#962 = CARTESIAN_POINT('',(-5.032467810489,-14.5,167.21219123553));
#963 = CARTESIAN_POINT('',(-5.251947368822,-14.5,166.85074389965));
#964 = CARTESIAN_POINT('',(-5.459062601956,-14.5,166.482449931));
#965 = CARTESIAN_POINT('',(-5.655516767229,-14.5,166.10884717831));
#966 = CARTESIAN_POINT('',(-5.842766657109,-14.5,165.73076128916));
#967 = CARTESIAN_POINT('',(-6.325081607897,-14.5,164.70262471049));
#968 = CARTESIAN_POINT('',(-6.604810905114,-14.5,164.04623838566));
#969 = CARTESIAN_POINT('',(-6.866915224945,-14.5,163.38238472509));
#970 = CARTESIAN_POINT('',(-7.114411762589,-14.5,162.71295827104));
#971 = CARTESIAN_POINT('',(-7.349666113631,-14.5,162.03933626129));
#972 = CARTESIAN_POINT('',(-7.574368748265,-14.5,161.36236322911));
#973 = CARTESIAN_POINT('',(-7.789943685566,-14.5,160.68251839818));
#974 = CARTESIAN_POINT('',(-8.288579202649,-14.5,159.04309723393));
#975 = CARTESIAN_POINT('',(-8.563762202527,-14.5,158.08151964425));
#976 = CARTESIAN_POINT('',(-8.826141151241,-14.5,157.11629918623));
#977 = CARTESIAN_POINT('',(-9.077636400774,-14.5,156.14818185045));
#978 = CARTESIAN_POINT('',(-9.31973217448,-14.5,155.17772211484));
#979 = CARTESIAN_POINT('',(-9.553562048915,-14.5,154.20530503237));
#980 = CARTESIAN_POINT('',(-9.780060306841,-14.5,153.23118753143));
#981 = CARTESIAN_POINT('',(-10.,-14.5,152.255508));
#982 = ORIENTED_EDGE('',*,*,#197,.T.);
#983 = ORIENTED_EDGE('',*,*,#707,.T.);
#984 = ORIENTED_EDGE('',*,*,#985,.F.);
#985 = EDGE_CURVE('',#732,#708,#986,.T.);
#986 = B_SPLINE_CURVE_WITH_KNOTS('',7,(#987,#988,#989,#990,#991,#992,
    #993,#994,#995,#996,#997,#998,#999,#1000,#1001,#1002,#1003,#1004,
    #1005,#1006),.UNSPECIFIED.,.F.,.F.,(8,6,6,8),(0.,0.472172541528,
    0.725443262091,1.),.UNSPECIFIED.);
#987 = CARTESIAN_POINT('',(10.,-14.5,152.255508));
#988 = CARTESIAN_POINT('',(10.135318211459,-14.5,151.50261411558));
#989 = CARTESIAN_POINT('',(10.261874538478,-14.5,150.74814708159));
#990 = CARTESIAN_POINT('',(10.380247368306,-14.5,149.99232869281));
#991 = CARTESIAN_POINT('',(10.490973561009,-14.5,149.23535148073));
#992 = CARTESIAN_POINT('',(10.594550009295,-14.5,148.47737891137));
#993 = CARTESIAN_POINT('',(10.691435198333,-14.5,147.71854558319));
#994 = CARTESIAN_POINT('',(10.830656450984,-14.5,146.55151856891));
#995 = CARTESIAN_POINT('',(10.877458193147,-14.5,146.14386394073));
#996 = CARTESIAN_POINT('',(10.922520852343,-14.5,145.73601080465));
#997 = CARTESIAN_POINT('',(10.965906460054,-14.5,145.32797501331));
#998 = CARTESIAN_POINT('',(11.007674218964,-14.5,144.9197710078));
#999 = CARTESIAN_POINT('',(11.047880502961,-14.5,144.5114118176));
#1000 = CARTESIAN_POINT('',(11.128529596102,-14.5,143.66007388358));
#1001 = CARTESIAN_POINT('',(11.168708343345,-14.5,143.21707027282));
#1002 = CARTESIAN_POINT('',(11.207183620051,-14.5,142.7739131073));
#1003 = CARTESIAN_POINT('',(11.244020040474,-14.5,142.33061589371));
#1004 = CARTESIAN_POINT('',(11.279279363297,-14.5,141.88719091433));
#1005 = CARTESIAN_POINT('',(11.313019511298,-14.5,141.44364905071));
#1006 = CARTESIAN_POINT('',(11.345296057622,-14.5,141.));
#1007 = FACE_BOUND('',#1008,.F.);
#1008 = EDGE_LOOP('',(#1009));
#1009 = ORIENTED_EDGE('',*,*,#1010,.F.);
#1010 = EDGE_CURVE('',#1011,#1011,#1013,.T.);
#1011 = VERTEX_POINT('',#1012);
#1012 = CARTESIAN_POINT('',(2.,-14.5,162.));
#1013 = CIRCLE('',#1014,2.);
#1014 = AXIS2_PLACEMENT_3D('',#1015,#1016,#1017);
#1015 = CARTESIAN_POINT('',(0.,-14.5,162.));
#1016 = DIRECTION('',(0.,-1.,2.2E-16));
#1017 = DIRECTION('',(1.,0.,0.));
#1018 = PLANE('',#1019);
#1019 = AXIS2_PLACEMENT_3D('',#1020,#1021,#1022);
#1020 = CARTESIAN_POINT('',(-25.,-14.5,170.));
#1021 = DIRECTION('',(0.,-1.,0.));
#1022 = DIRECTION('',(1.,0.,0.));
#1023 = ADVANCED_FACE('',(#1024),#1045,.T.);
#1024 = FACE_BOUND('',#1025,.T.);
#1025 = EDGE_LOOP('',(#1026,#1027,#1028,#1038,#1044));
#1026 = ORIENTED_EDGE('',*,*,#859,.T.);
#1027 = ORIENTED_EDGE('',*,*,#189,.T.);
#1028 = ORIENTED_EDGE('',*,*,#1029,.T.);
#1029 = EDGE_CURVE('',#181,#1030,#1032,.T.);
#1030 = VERTEX_POINT('',#1031);
#1031 = CARTESIAN_POINT('',(10.,-20.,152.255508));
#1032 = B_SPLINE_CURVE_WITH_KNOTS('',3,(#1033,#1034,#1035,#1036,#1037),
  .UNSPECIFIED.,.F.,.F.,(4,1,4),(0.,0.5,1.),.QUASI_UNIFORM_KNOTS.);
#1033 = CARTESIAN_POINT('',(-10.,-20.,152.255508));
#1034 = CARTESIAN_POINT('',(-6.,-20.,170.));
#1035 = CARTESIAN_POINT('',(-2.E-16,-20.,170.));
#1036 = CARTESIAN_POINT('',(6.,-20.,170.));
#1037 = CARTESIAN_POINT('',(10.,-20.,152.255508));
#1038 = ORIENTED_EDGE('',*,*,#1039,.F.);
#1039 = EDGE_CURVE('',#732,#1030,#1040,.T.);
#1040 = LINE('',#1041,#1042);
#1041 = CARTESIAN_POINT('',(10.,3.381E-14,152.255508));
#1042 = VECTOR('',#1043,1.);
#1043 = DIRECTION('',(0.,-1.,2.2E-16));
#1044 = ORIENTED_EDGE('',*,*,#731,.T.);
#1045 = SURFACE_OF_LINEAR_EXTRUSION('',#1046,#1052);
#1046 = B_SPLINE_CURVE_WITH_KNOTS('',3,(#1047,#1048,#1049,#1050,#1051),
  .UNSPECIFIED.,.F.,.F.,(4,1,4),(0.,0.5,1.),.QUASI_UNIFORM_KNOTS.);
#1047 = CARTESIAN_POINT('',(-10.,3.381E-14,152.255508));
#1048 = CARTESIAN_POINT('',(-6.,3.775E-14,170.));
#1049 = CARTESIAN_POINT('',(-2.E-16,3.775E-14,170.));
#1050 = CARTESIAN_POINT('',(6.,3.775E-14,170.));
#1051 = CARTESIAN_POINT('',(10.,3.381E-14,152.255508));
#1052 = VECTOR('',#1053,1.);
#1053 = DIRECTION('',(0.,1.,-2.2E-16));
#1054 = ADVANCED_FACE('',(#1055,#1124,#1135),#1146,.F.);
#1055 = FACE_BOUND('',#1056,.F.);
#1056 = EDGE_LOOP('',(#1057,#1066,#1074,#1082,#1091,#1099,#1108,#1116,
    #1122,#1123));
#1057 = ORIENTED_EDGE('',*,*,#1058,.F.);
#1058 = EDGE_CURVE('',#1059,#1030,#1061,.T.);
#1059 = VERTEX_POINT('',#1060);
#1060 = CARTESIAN_POINT('',(11.290598741155,-20.,93.000000000001));
#1061 = B_SPLINE_CURVE_WITH_KNOTS('',3,(#1062,#1063,#1064,#1065),
  .UNSPECIFIED.,.F.,.F.,(4,4),(0.,1.),.PIECEWISE_BEZIER_KNOTS.);
#1062 = CARTESIAN_POINT('',(7.5,-20.,3.552713678801E-15));
#1063 = CARTESIAN_POINT('',(11.,-20.,90.157171556849));
#1064 = CARTESIAN_POINT('',(14.,-20.,130.));
#1065 = CARTESIAN_POINT('',(10.,-20.,152.255508));
#1066 = ORIENTED_EDGE('',*,*,#1067,.T.);
#1067 = EDGE_CURVE('',#1059,#1068,#1070,.T.);
#1068 = VERTEX_POINT('',#1069);
#1069 = CARTESIAN_POINT('',(2.943291621447,-20.,93.));
#1070 = LINE('',#1071,#1072);
#1071 = CARTESIAN_POINT('',(13.,-20.,93.));
#1072 = VECTOR('',#1073,1.);
#1073 = DIRECTION('',(-1.,-0.,0.));
#1074 = ORIENTED_EDGE('',*,*,#1075,.T.);
#1075 = EDGE_CURVE('',#1068,#1076,#1078,.T.);
#1076 = VERTEX_POINT('',#1077);
#1077 = CARTESIAN_POINT('',(3.872392485124,-20.,111.89661965834));
#1078 = LINE('',#1079,#1080);
#1079 = CARTESIAN_POINT('',(1.512220722169,-20.,63.894007803691));
#1080 = VECTOR('',#1081,1.);
#1081 = DIRECTION('',(4.910824714211E-02,-2.2E-16,0.998793462165));
#1082 = ORIENTED_EDGE('',*,*,#1083,.T.);
#1083 = EDGE_CURVE('',#1076,#1084,#1086,.T.);
#1084 = VERTEX_POINT('',#1085);
#1085 = CARTESIAN_POINT('',(2.474879,-20.,113.36453367488));
#1086 = CIRCLE('',#1087,1.399201674884);
#1087 = AXIS2_PLACEMENT_3D('',#1088,#1089,#1090);
#1088 = CARTESIAN_POINT('',(2.474879,-20.,111.965332));
#1089 = DIRECTION('',(0.,-1.,-2.2E-16));
#1090 = DIRECTION('',(1.,0.,0.));
#1091 = ORIENTED_EDGE('',*,*,#1092,.T.);
#1092 = EDGE_CURVE('',#1084,#1093,#1095,.T.);
#1093 = VERTEX_POINT('',#1094);
#1094 = CARTESIAN_POINT('',(-2.474879,-20.,113.36453367488));
#1095 = LINE('',#1096,#1097);
#1096 = CARTESIAN_POINT('',(2.474879,-20.,113.36453367488));
#1097 = VECTOR('',#1098,1.);
#1098 = DIRECTION('',(-1.,0.,-2.87E-15));
#1099 = ORIENTED_EDGE('',*,*,#1100,.T.);
#1100 = EDGE_CURVE('',#1093,#1101,#1103,.T.);
#1101 = VERTEX_POINT('',#1102);
#1102 = CARTESIAN_POINT('',(-3.872392485124,-20.,111.89661965834));
#1103 = CIRCLE('',#1104,1.399201674884);
#1104 = AXIS2_PLACEMENT_3D('',#1105,#1106,#1107);
#1105 = CARTESIAN_POINT('',(-2.474879,-20.,111.965332));
#1106 = DIRECTION('',(0.,-1.,-2.2E-16));
#1107 = DIRECTION('',(1.,0.,0.));
#1108 = ORIENTED_EDGE('',*,*,#1109,.T.);
#1109 = EDGE_CURVE('',#1101,#1110,#1112,.T.);
#1110 = VERTEX_POINT('',#1111);
#1111 = CARTESIAN_POINT('',(-2.943291621447,-20.,93.));
#1112 = LINE('',#1113,#1114);
#1113 = CARTESIAN_POINT('',(-3.872392485124,-20.,111.89661965834));
#1114 = VECTOR('',#1115,1.);
#1115 = DIRECTION('',(4.910824714211E-02,2.2E-16,-0.998793462165));
#1116 = ORIENTED_EDGE('',*,*,#1117,.T.);
#1117 = EDGE_CURVE('',#1110,#111,#1118,.T.);
#1118 = LINE('',#1119,#1120);
#1119 = CARTESIAN_POINT('',(13.,-20.,93.));
#1120 = VECTOR('',#1121,1.);
#1121 = DIRECTION('',(-1.,-0.,0.));
#1122 = ORIENTED_EDGE('',*,*,#180,.T.);
#1123 = ORIENTED_EDGE('',*,*,#1029,.T.);
#1124 = FACE_BOUND('',#1125,.F.);
#1125 = EDGE_LOOP('',(#1126));
#1126 = ORIENTED_EDGE('',*,*,#1127,.T.);
#1127 = EDGE_CURVE('',#1128,#1128,#1130,.T.);
#1128 = VERTEX_POINT('',#1129);
#1129 = CARTESIAN_POINT('',(2.6,-20.,130.));
#1130 = CIRCLE('',#1131,2.6);
#1131 = AXIS2_PLACEMENT_3D('',#1132,#1133,#1134);
#1132 = CARTESIAN_POINT('',(0.,-20.,130.));
#1133 = DIRECTION('',(0.,-1.,-2.2E-16));
#1134 = DIRECTION('',(1.,0.,0.));
#1135 = FACE_BOUND('',#1136,.F.);
#1136 = EDGE_LOOP('',(#1137));
#1137 = ORIENTED_EDGE('',*,*,#1138,.T.);
#1138 = EDGE_CURVE('',#1139,#1139,#1141,.T.);
#1139 = VERTEX_POINT('',#1140);
#1140 = CARTESIAN_POINT('',(2.,-20.,162.));
#1141 = CIRCLE('',#1142,2.);
#1142 = AXIS2_PLACEMENT_3D('',#1143,#1144,#1145);
#1143 = CARTESIAN_POINT('',(0.,-20.,162.));
#1144 = DIRECTION('',(0.,-1.,-2.2E-16));
#1145 = DIRECTION('',(1.,0.,0.));
#1146 = PLANE('',#1147);
#1147 = AXIS2_PLACEMENT_3D('',#1148,#1149,#1150);
#1148 = CARTESIAN_POINT('',(5.5E-16,-20.,83.321381208124));
#1149 = DIRECTION('',(0.,1.,2.2E-16));
#1150 = DIRECTION('',(0.,-2.2E-16,1.));
#1151 = ADVANCED_FACE('',(#1152),#1264,.F.);
#1152 = FACE_BOUND('',#1153,.F.);
#1153 = EDGE_LOOP('',(#1154,#1224,#1232,#1238,#1239,#1240,#1248,#1257,
    #1263));
#1154 = ORIENTED_EDGE('',*,*,#1155,.T.);
#1155 = EDGE_CURVE('',#1059,#1156,#1158,.T.);
#1156 = VERTEX_POINT('',#1157);
#1157 = CARTESIAN_POINT('',(7.814301921823,-17.5,8.));
#1158 = B_SPLINE_CURVE_WITH_KNOTS('',8,(#1159,#1160,#1161,#1162,#1163,
    #1164,#1165,#1166,#1167,#1168,#1169,#1170,#1171,#1172,#1173,#1174,
    #1175,#1176,#1177,#1178,#1179,#1180,#1181,#1182,#1183,#1184,#1185,
    #1186,#1187,#1188,#1189,#1190,#1191,#1192,#1193,#1194,#1195,#1196,
    #1197,#1198,#1199,#1200,#1201,#1202,#1203,#1204,#1205,#1206,#1207,
    #1208,#1209,#1210,#1211,#1212,#1213,#1214,#1215,#1216,#1217,#1218,
    #1219,#1220,#1221,#1222,#1223),.UNSPECIFIED.,.F.,.F.,(9,7,7,7,7,7,7,
    7,7,9),(0.,2.656006076732E-02,0.240665665083,0.404771012578,
    0.508302290883,0.775534593203,0.884269214981,0.938988528495,
    0.968093037813,1.),.UNSPECIFIED.);
#1159 = CARTESIAN_POINT('',(11.290598741155,-20.,93.));
#1160 = CARTESIAN_POINT('',(11.280888496062,-19.99166839682,
    92.71672549212));
#1161 = CARTESIAN_POINT('',(11.271129727057,-19.98333684166,
    92.433452616609));
#1162 = CARTESIAN_POINT('',(11.261323376042,-19.97500533318,
    92.150181328132));
#1163 = CARTESIAN_POINT('',(11.251470259586,-19.96667387223,
    91.866911656033));
#1164 = CARTESIAN_POINT('',(11.241571323481,-19.95834245636,
    91.583643516499));
#1165 = CARTESIAN_POINT('',(11.231627356102,-19.95001108648,
    91.300376940597));
#1166 = CARTESIAN_POINT('',(11.221639223012,-19.94167976116,
    91.017111879561));
#1167 = CARTESIAN_POINT('',(11.130742009331,-19.86618846883,
    88.450407940283));
#1168 = CARTESIAN_POINT('',(11.047058928409,-19.79903134994,
    86.167065898155));
#1169 = CARTESIAN_POINT('',(10.960986427297,-19.73187676566,
    83.883810032609));
#1170 = CARTESIAN_POINT('',(10.872885375792,-19.66472440419,
    81.60062974246));
#1171 = CARTESIAN_POINT('',(10.783063876839,-19.59757398351,
    79.317515439632));
#1172 = CARTESIAN_POINT('',(10.691788352235,-19.53042523892,
    77.034458123532));
#1173 = CARTESIAN_POINT('',(10.599291412357,-19.46327791405,
    74.751449077993));
#1174 = CARTESIAN_POINT('',(10.434100219113,-19.34466629444,
    70.718654011021));
#1175 = CARTESIAN_POINT('',(10.361826006832,-19.29320153209,
    68.968852091335));
#1176 = CARTESIAN_POINT('',(10.289045408122,-19.24173736456,
    67.219070395265));
#1177 = CARTESIAN_POINT('',(10.215840458006,-19.19027369756,
    65.469305717142));
#1178 = CARTESIAN_POINT('',(10.142284765473,-19.13881044521,
    63.719555137432));
#1179 = CARTESIAN_POINT('',(10.068444587447,-19.08734752876,
    61.969815978097));
#1180 = CARTESIAN_POINT('',(9.994379902774,-19.03588487523,
    60.220085757949));
#1181 = CARTESIAN_POINT('',(9.873312252791,-18.95195562415,
    57.366491221316));
#1182 = CARTESIAN_POINT('',(9.826411507667,-18.91948891004,
    56.262622941658));
#1183 = CARTESIAN_POINT('',(9.779456831989,-18.88702225714,
    55.158756743038));
#1184 = CARTESIAN_POINT('',(9.73246107404,-18.85455564967,
    54.054892088934));
#1185 = CARTESIAN_POINT('',(9.685436349221,-18.82208907271,
    52.951028472303));
#1186 = CARTESIAN_POINT('',(9.638394040048,-18.78962251222,
    51.84716541558));
#1187 = CARTESIAN_POINT('',(9.591344796157,-18.75715595502,
    50.743302470682));
#1188 = CARTESIAN_POINT('',(9.422863919788,-18.64088751381,
    46.790175469677));
#1189 = CARTESIAN_POINT('',(9.301449854592,-18.55708557913,
    43.940909690688));
#1190 = CARTESIAN_POINT('',(9.180228024917,-18.47328337093,
    41.091634611671));
#1191 = CARTESIAN_POINT('',(9.059344399607,-18.38948070931,
    38.242344116846));
#1192 = CARTESIAN_POINT('',(8.938922923517,-18.30567744379,
    35.393033088972));
#1193 = CARTESIAN_POINT('',(8.819069210861,-18.22187344862,
    32.543697253298));
#1194 = CARTESIAN_POINT('',(8.699874238573,-18.13806861828,
    29.694333021518));
#1195 = CARTESIAN_POINT('',(8.533219188428,-18.02016299148,
    25.68554171064));
#1196 = CARTESIAN_POINT('',(8.485142630995,-17.98606296705,24.5261408798
    ));
#1197 = CARTESIAN_POINT('',(8.437193661927,-17.95196278359,
    23.366734642052));
#1198 = CARTESIAN_POINT('',(8.389377287598,-17.91786243559,
    22.207322810252));
#1199 = CARTESIAN_POINT('',(8.341698226192,-17.88376191797,
    21.047905211257));
#1200 = CARTESIAN_POINT('',(8.294160907704,-17.84966122605,
    19.888481685929));
#1201 = CARTESIAN_POINT('',(8.246769473944,-17.81556035556,
    18.729052089134));
#1202 = CARTESIAN_POINT('',(8.175753997006,-17.76429838208,
    16.986144990824));
#1203 = CARTESIAN_POINT('',(8.152018142341,-17.74713741531,16.4026721208
    ));
#1204 = CARTESIAN_POINT('',(8.128320709894,-17.72997640184,
    15.819197662753));
#1205 = CARTESIAN_POINT('',(8.104662180284,-17.71281534119,
    15.235721600487));
#1206 = CARTESIAN_POINT('',(8.081043019389,-17.69565423289,
    14.652243918522));
#1207 = CARTESIAN_POINT('',(8.057463678351,-17.67849307653,
    14.068764602101));
#1208 = CARTESIAN_POINT('',(8.033924593568,-17.66133187168,
    13.485283637183));
#1209 = CARTESIAN_POINT('',(7.997927681921,-17.6350427646,
    12.591453996652));
#1210 = CARTESIAN_POINT('',(7.985420916655,-17.62590046012,
    12.280615644188));
#1211 = CARTESIAN_POINT('',(7.972905996893,-17.61674368879,
    11.969285418875));
#1212 = CARTESIAN_POINT('',(7.960383028626,-17.60757243489,
    11.657462786529));
#1213 = CARTESIAN_POINT('',(7.947852117845,-17.59838668273,
    11.345147212963));
#1214 = CARTESIAN_POINT('',(7.935313370541,-17.58918641658,
    11.032338163993));
#1215 = CARTESIAN_POINT('',(7.922766892706,-17.57997162074,
    10.719035105432));
#1216 = CARTESIAN_POINT('',(7.896449862207,-17.56062425143,
    10.061224548841));
#1217 = CARTESIAN_POINT('',(7.885129809483,-17.5522911773,9.777900028243
    ));
#1218 = CARTESIAN_POINT('',(7.873774865493,-17.54392866732,
    9.493574688956));
#1219 = CARTESIAN_POINT('',(7.861094254819,-17.53458263651,
    9.175809641428));
#1220 = CARTESIAN_POINT('',(7.847008678939,-17.52418801035,
    8.822392351934));
#1221 = CARTESIAN_POINT('',(7.832677887405,-17.51359743793,
    8.462312889691));
#1222 = CARTESIAN_POINT('',(7.820531334568,-17.50461001259,
    8.156740428089));
#1223 = CARTESIAN_POINT('',(7.814301921823,-17.5,8.));
#1224 = ORIENTED_EDGE('',*,*,#1225,.T.);
#1225 = EDGE_CURVE('',#1156,#1226,#1228,.T.);
#1226 = VERTEX_POINT('',#1227);
#1227 = CARTESIAN_POINT('',(-8.32E-13,-17.5,8.));
#1228 = LINE('',#1229,#1230);
#1229 = CARTESIAN_POINT('',(13.,-17.5,8.));
#1230 = VECTOR('',#1231,1.);
#1231 = DIRECTION('',(-1.,-0.,0.));
#1232 = ORIENTED_EDGE('',*,*,#1233,.T.);
#1233 = EDGE_CURVE('',#1226,#103,#1234,.T.);
#1234 = LINE('',#1235,#1236);
#1235 = CARTESIAN_POINT('',(13.,-17.5,8.));
#1236 = VECTOR('',#1237,1.);
#1237 = DIRECTION('',(-1.,-0.,0.));
#1238 = ORIENTED_EDGE('',*,*,#110,.F.);
#1239 = ORIENTED_EDGE('',*,*,#1117,.F.);
#1240 = ORIENTED_EDGE('',*,*,#1241,.T.);
#1241 = EDGE_CURVE('',#1110,#1242,#1244,.T.);
#1242 = VERTEX_POINT('',#1243);
#1243 = CARTESIAN_POINT('',(-1.512220722169,-19.14394140599,
    63.894007803691));
#1244 = LINE('',#1245,#1246);
#1245 = CARTESIAN_POINT('',(-1.303646820847,-19.0191736668,
    59.651904671497));
#1246 = VECTOR('',#1247,1.);
#1247 = DIRECTION('',(4.908707147943E-02,2.936361113619E-02,
    -0.99836277863));
#1248 = ORIENTED_EDGE('',*,*,#1249,.F.);
#1249 = EDGE_CURVE('',#1250,#1242,#1252,.T.);
#1250 = VERTEX_POINT('',#1251);
#1251 = CARTESIAN_POINT('',(1.512220722169,-19.14394140599,
    63.894007803691));
#1252 = ELLIPSE('',#1253,1.514702201,1.514047477735);
#1253 = AXIS2_PLACEMENT_3D('',#1254,#1255,#1256);
#1254 = CARTESIAN_POINT('',(-2.E-16,-19.14612823592,63.968360021413));
#1255 = DIRECTION('',(-0.,0.999567754464,2.939905160189E-02));
#1256 = DIRECTION('',(0.,-2.939905160189E-02,0.999567754464));
#1257 = ORIENTED_EDGE('',*,*,#1258,.T.);
#1258 = EDGE_CURVE('',#1250,#1068,#1259,.T.);
#1259 = LINE('',#1260,#1261);
#1260 = CARTESIAN_POINT('',(0.1559024626,-18.33259942223,36.308380355984
    ));
#1261 = VECTOR('',#1262,1.);
#1262 = DIRECTION('',(4.908707147943E-02,-2.936361113619E-02,
    0.99836277863));
#1263 = ORIENTED_EDGE('',*,*,#1067,.F.);
#1264 = PLANE('',#1265);
#1265 = AXIS2_PLACEMENT_3D('',#1266,#1267,#1268);
#1266 = CARTESIAN_POINT('',(13.,-17.5,8.));
#1267 = DIRECTION('',(0.,0.999567754464,2.939905160189E-02));
#1268 = DIRECTION('',(0.,-2.939905160189E-02,0.999567754464));
#1269 = ADVANCED_FACE('',(#1270),#1289,.F.);
#1270 = FACE_BOUND('',#1271,.F.);
#1271 = EDGE_LOOP('',(#1272,#1273,#1274,#1283));
#1272 = ORIENTED_EDGE('',*,*,#102,.F.);
#1273 = ORIENTED_EDGE('',*,*,#1233,.F.);
#1274 = ORIENTED_EDGE('',*,*,#1275,.T.);
#1275 = EDGE_CURVE('',#1226,#1276,#1278,.T.);
#1276 = VERTEX_POINT('',#1277);
#1277 = CARTESIAN_POINT('',(9.895383E-09,-2.5,8.));
#1278 = CIRCLE('',#1279,7.5);
#1279 = AXIS2_PLACEMENT_3D('',#1280,#1281,#1282);
#1280 = CARTESIAN_POINT('',(0.,-10.,8.));
#1281 = DIRECTION('',(0.,2.2E-16,-1.));
#1282 = DIRECTION('',(1.,0.,0.));
#1283 = ORIENTED_EDGE('',*,*,#1284,.T.);
#1284 = EDGE_CURVE('',#1276,#33,#1285,.T.);
#1285 = LINE('',#1286,#1287);
#1286 = CARTESIAN_POINT('',(13.,-2.5,8.));
#1287 = VECTOR('',#1288,1.);
#1288 = DIRECTION('',(-1.,-0.,0.));
#1289 = PLANE('',#1290);
#1290 = AXIS2_PLACEMENT_3D('',#1291,#1292,#1293);
#1291 = CARTESIAN_POINT('',(7.814301921823,-20.,8.));
#1292 = DIRECTION('',(0.,2.2E-16,1.));
#1293 = DIRECTION('',(-1.,0.,0.));
#1294 = ADVANCED_FACE('',(#1295),#1400,.F.);
#1295 = FACE_BOUND('',#1296,.F.);
#1296 = EDGE_LOOP('',(#1297,#1367,#1368,#1376,#1385,#1391,#1392,#1393,
    #1394));
#1297 = ORIENTED_EDGE('',*,*,#1298,.F.);
#1298 = EDGE_CURVE('',#294,#1299,#1301,.T.);
#1299 = VERTEX_POINT('',#1300);
#1300 = CARTESIAN_POINT('',(7.814301921823,-2.5,8.));
#1301 = B_SPLINE_CURVE_WITH_KNOTS('',8,(#1302,#1303,#1304,#1305,#1306,
    #1307,#1308,#1309,#1310,#1311,#1312,#1313,#1314,#1315,#1316,#1317,
    #1318,#1319,#1320,#1321,#1322,#1323,#1324,#1325,#1326,#1327,#1328,
    #1329,#1330,#1331,#1332,#1333,#1334,#1335,#1336,#1337,#1338,#1339,
    #1340,#1341,#1342,#1343,#1344,#1345,#1346,#1347,#1348,#1349,#1350,
    #1351,#1352,#1353,#1354,#1355,#1356,#1357,#1358,#1359,#1360,#1361,
    #1362,#1363,#1364,#1365,#1366),.UNSPECIFIED.,.F.,.F.,(9,7,7,7,7,7,7,
    7,7,9),(0.,2.656006076659E-02,0.240665665083,0.404771012578,
    0.508302290882,0.775534593203,0.884269214981,0.938988528496,
    0.968093037813,1.),.UNSPECIFIED.);
#1302 = CARTESIAN_POINT('',(11.290598741155,0.,93.));
#1303 = CARTESIAN_POINT('',(11.280888496061,-8.331603173178E-03,
    92.716725492112));
#1304 = CARTESIAN_POINT('',(11.271129727059,-1.666315833375E-02,
    92.433452616652));
#1305 = CARTESIAN_POINT('',(11.261323376039,-2.499466682244E-02,
    92.150181328037));
#1306 = CARTESIAN_POINT('',(11.251470259591,-3.332612776007E-02,
    91.866911656158));
#1307 = CARTESIAN_POINT('',(11.241571323477,-4.165754363513E-02,
    91.583643516406));
#1308 = CARTESIAN_POINT('',(11.231627356104,-4.99889135106E-02,
    91.30037694064));
#1309 = CARTESIAN_POINT('',(11.221639223012,-5.832023883662E-02,
    91.017111879555));
#1310 = CARTESIAN_POINT('',(11.130742009331,-0.133811531168,
    88.450407940288));
#1311 = CARTESIAN_POINT('',(11.047058928409,-0.200968650054,
    86.167065898156));
#1312 = CARTESIAN_POINT('',(10.960986427298,-0.268123234335,
    83.883810032612));
#1313 = CARTESIAN_POINT('',(10.872885375792,-0.33527559581,
    81.600629742465));
#1314 = CARTESIAN_POINT('',(10.783063876839,-0.402426016481,
    79.317515439635));
#1315 = CARTESIAN_POINT('',(10.691788352235,-0.469574761073,
    77.034458123534));
#1316 = CARTESIAN_POINT('',(10.599291412358,-0.536722085941,
    74.751449077998));
#1317 = CARTESIAN_POINT('',(10.434100219113,-0.655333705558,
    70.718654011025));
#1318 = CARTESIAN_POINT('',(10.361826006832,-0.706798467902,
    68.968852091338));
#1319 = CARTESIAN_POINT('',(10.289045408122,-0.758262635433,
    67.219070395268));
#1320 = CARTESIAN_POINT('',(10.215840458007,-0.809726302437,
    65.469305717146));
#1321 = CARTESIAN_POINT('',(10.142284765473,-0.861189554781,
    63.719555137437));
#1322 = CARTESIAN_POINT('',(10.068444587447,-0.912652471232,
    61.969815978101));
#1323 = CARTESIAN_POINT('',(9.994379902774,-0.964115124766,
    60.220085757953));
#1324 = CARTESIAN_POINT('',(9.873312252792,-1.048044375844,
    57.36649122132));
#1325 = CARTESIAN_POINT('',(9.826411507667,-1.080511089951,
    56.262622941662));
#1326 = CARTESIAN_POINT('',(9.779456831989,-1.112977742852,
    55.158756743042));
#1327 = CARTESIAN_POINT('',(9.73246107404,-1.145444350325,
    54.054892088938));
#1328 = CARTESIAN_POINT('',(9.685436349221,-1.177910927285,
    52.951028472307));
#1329 = CARTESIAN_POINT('',(9.638394040048,-1.210377487777,
    51.847165415585));
#1330 = CARTESIAN_POINT('',(9.591344796158,-1.24284404498,
    50.743302470687));
#1331 = CARTESIAN_POINT('',(9.422863919788,-1.359112486186,
    46.790175469681));
#1332 = CARTESIAN_POINT('',(9.301449854593,-1.442914420862,
    43.940909690692));
#1333 = CARTESIAN_POINT('',(9.180228024917,-1.526716629068,
    41.091634611675));
#1334 = CARTESIAN_POINT('',(9.059344399608,-1.610519290681,
    38.24234411685));
#1335 = CARTESIAN_POINT('',(8.938922923518,-1.694322556207,
    35.393033088977));
#1336 = CARTESIAN_POINT('',(8.819069210861,-1.778126551373,
    32.543697253303));
#1337 = CARTESIAN_POINT('',(8.699874238573,-1.86193138172,
    29.694333021523));
#1338 = CARTESIAN_POINT('',(8.533219188428,-1.97983700851,
    25.685541710645));
#1339 = CARTESIAN_POINT('',(8.485142630995,-2.013937032947,
    24.526140879805));
#1340 = CARTESIAN_POINT('',(8.437193661928,-2.04803721641,
    23.366734642057));
#1341 = CARTESIAN_POINT('',(8.389377287598,-2.082137564404,
    22.207322810257));
#1342 = CARTESIAN_POINT('',(8.341698226192,-2.116238082022,
    21.047905211262));
#1343 = CARTESIAN_POINT('',(8.294160907704,-2.150338773943,
    19.888481685934));
#1344 = CARTESIAN_POINT('',(8.246769473944,-2.184439644437,
    18.72905208914));
#1345 = CARTESIAN_POINT('',(8.175753997006,-2.235701617917,
    16.98614499083));
#1346 = CARTESIAN_POINT('',(8.152018142342,-2.252862584682,
    16.402672120805));
#1347 = CARTESIAN_POINT('',(8.128320709894,-2.270023598154,
    15.819197662759));
#1348 = CARTESIAN_POINT('',(8.104662180284,-2.287184658809,
    15.235721600492));
#1349 = CARTESIAN_POINT('',(8.081043019389,-2.304345767102,
    14.652243918528));
#1350 = CARTESIAN_POINT('',(8.057463678351,-2.321506923467,
    14.068764602106));
#1351 = CARTESIAN_POINT('',(8.033924593568,-2.338668128318,
    13.485283637189));
#1352 = CARTESIAN_POINT('',(7.997927681922,-2.364957235392,
    12.591453996657));
#1353 = CARTESIAN_POINT('',(7.985420916655,-2.374099539877,
    12.280615644194));
#1354 = CARTESIAN_POINT('',(7.972905996893,-2.383256311209,
    11.969285418881));
#1355 = CARTESIAN_POINT('',(7.960383028626,-2.392427565102,
    11.657462786535));
#1356 = CARTESIAN_POINT('',(7.947852117846,-2.401613317266,
    11.345147212969));
#1357 = CARTESIAN_POINT('',(7.935313370542,-2.410813583412,
    11.032338163999));
#1358 = CARTESIAN_POINT('',(7.922766892706,-2.420028379252,
    10.719035105438));
#1359 = CARTESIAN_POINT('',(7.896449862208,-2.439375748563,
    10.061224548849));
#1360 = CARTESIAN_POINT('',(7.885129809483,-2.447708822699,
    9.777900028249));
#1361 = CARTESIAN_POINT('',(7.873774865493,-2.456071332678,9.49357468896
    ));
#1362 = CARTESIAN_POINT('',(7.86109425482,-2.465417363487,9.175809641434
    ));
#1363 = CARTESIAN_POINT('',(7.847008678939,-2.475811989649,
    8.822392351941));
#1364 = CARTESIAN_POINT('',(7.832677887405,-2.486402562068,
    8.462312889701));
#1365 = CARTESIAN_POINT('',(7.820531334569,-2.495389987409,
    8.156740428098));
#1366 = CARTESIAN_POINT('',(7.814301921823,-2.5,8.));
#1367 = ORIENTED_EDGE('',*,*,#302,.T.);
#1368 = ORIENTED_EDGE('',*,*,#1369,.T.);
#1369 = EDGE_CURVE('',#303,#1370,#1372,.T.);
#1370 = VERTEX_POINT('',#1371);
#1371 = CARTESIAN_POINT('',(1.512220722169,-0.856058594009,
    63.894007803691));
#1372 = LINE('',#1373,#1374);
#1373 = CARTESIAN_POINT('',(2.226075408685,-0.429034720088,
    78.412819517015));
#1374 = VECTOR('',#1375,1.);
#1375 = DIRECTION('',(-4.908707147943E-02,-2.936361113619E-02,
    -0.99836277863));
#1376 = ORIENTED_EDGE('',*,*,#1377,.F.);
#1377 = EDGE_CURVE('',#1378,#1370,#1380,.T.);
#1378 = VERTEX_POINT('',#1379);
#1379 = CARTESIAN_POINT('',(-1.512220722169,-0.856058594009,
    63.894007803691));
#1380 = ELLIPSE('',#1381,1.514702201,1.514047477735);
#1381 = AXIS2_PLACEMENT_3D('',#1382,#1383,#1384);
#1382 = CARTESIAN_POINT('',(-2.E-16,-0.853871764076,63.968360021413));
#1383 = DIRECTION('',(0.,-0.999567754464,2.939905160189E-02));
#1384 = DIRECTION('',(0.,-2.939905160189E-02,-0.999567754464));
#1385 = ORIENTED_EDGE('',*,*,#1386,.T.);
#1386 = EDGE_CURVE('',#1378,#275,#1387,.T.);
#1387 = LINE('',#1388,#1389);
#1388 = CARTESIAN_POINT('',(-3.373819766932,0.257539524486,
    101.75634383252));
#1389 = VECTOR('',#1390,1.);
#1390 = DIRECTION('',(-4.908707147943E-02,2.936361113619E-02,
    0.99836277863));
#1391 = ORIENTED_EDGE('',*,*,#274,.T.);
#1392 = ORIENTED_EDGE('',*,*,#32,.T.);
#1393 = ORIENTED_EDGE('',*,*,#1284,.F.);
#1394 = ORIENTED_EDGE('',*,*,#1395,.F.);
#1395 = EDGE_CURVE('',#1299,#1276,#1396,.T.);
#1396 = LINE('',#1397,#1398);
#1397 = CARTESIAN_POINT('',(13.,-2.5,8.));
#1398 = VECTOR('',#1399,1.);
#1399 = DIRECTION('',(-1.,-0.,0.));
#1400 = PLANE('',#1401);
#1401 = AXIS2_PLACEMENT_3D('',#1402,#1403,#1404);
#1402 = CARTESIAN_POINT('',(13.,0.,93.));
#1403 = DIRECTION('',(0.,-0.999567754464,2.939905160189E-02));
#1404 = DIRECTION('',(0.,-2.939905160189E-02,-0.999567754464));
#1405 = ADVANCED_FACE('',(#1406),#1424,.F.);
#1406 = FACE_BOUND('',#1407,.F.);
#1407 = EDGE_LOOP('',(#1408,#1409,#1415,#1416,#1417,#1423));
#1408 = ORIENTED_EDGE('',*,*,#1109,.F.);
#1409 = ORIENTED_EDGE('',*,*,#1410,.T.);
#1410 = EDGE_CURVE('',#1101,#336,#1411,.T.);
#1411 = LINE('',#1412,#1413);
#1412 = CARTESIAN_POINT('',(-3.872392485124,-20.,111.89661965834));
#1413 = VECTOR('',#1414,1.);
#1414 = DIRECTION('',(0.,1.,-2.2E-16));
#1415 = ORIENTED_EDGE('',*,*,#344,.F.);
#1416 = ORIENTED_EDGE('',*,*,#1386,.F.);
#1417 = ORIENTED_EDGE('',*,*,#1418,.F.);
#1418 = EDGE_CURVE('',#1242,#1378,#1419,.T.);
#1419 = LINE('',#1420,#1421);
#1420 = CARTESIAN_POINT('',(-1.512220722169,-20.,63.894007803691));
#1421 = VECTOR('',#1422,1.);
#1422 = DIRECTION('',(0.,1.,-2.2E-16));
#1423 = ORIENTED_EDGE('',*,*,#1241,.F.);
#1424 = PLANE('',#1425);
#1425 = AXIS2_PLACEMENT_3D('',#1426,#1427,#1428);
#1426 = CARTESIAN_POINT('',(-3.872392485124,-20.,111.89661965834));
#1427 = DIRECTION('',(-0.998793462165,-1.E-17,-4.910824714211E-02));
#1428 = DIRECTION('',(4.910824714211E-02,-2.2E-16,-0.998793462165));
#1429 = ADVANCED_FACE('',(#1430),#1441,.F.);
#1430 = FACE_BOUND('',#1431,.F.);
#1431 = EDGE_LOOP('',(#1432,#1433,#1439,#1440));
#1432 = ORIENTED_EDGE('',*,*,#1100,.F.);
#1433 = ORIENTED_EDGE('',*,*,#1434,.T.);
#1434 = EDGE_CURVE('',#1093,#328,#1435,.T.);
#1435 = LINE('',#1436,#1437);
#1436 = CARTESIAN_POINT('',(-2.474879,-20.,113.36453367488));
#1437 = VECTOR('',#1438,1.);
#1438 = DIRECTION('',(0.,1.,-2.2E-16));
#1439 = ORIENTED_EDGE('',*,*,#335,.T.);
#1440 = ORIENTED_EDGE('',*,*,#1410,.F.);
#1441 = CYLINDRICAL_SURFACE('',#1442,1.399201674884);
#1442 = AXIS2_PLACEMENT_3D('',#1443,#1444,#1445);
#1443 = CARTESIAN_POINT('',(-2.474879,-20.,111.965332));
#1444 = DIRECTION('',(0.,-1.,2.2E-16));
#1445 = DIRECTION('',(1.,0.,0.));
#1446 = ADVANCED_FACE('',(#1447),#1458,.F.);
#1447 = FACE_BOUND('',#1448,.F.);
#1448 = EDGE_LOOP('',(#1449,#1450,#1456,#1457));
#1449 = ORIENTED_EDGE('',*,*,#1092,.F.);
#1450 = ORIENTED_EDGE('',*,*,#1451,.T.);
#1451 = EDGE_CURVE('',#1084,#319,#1452,.T.);
#1452 = LINE('',#1453,#1454);
#1453 = CARTESIAN_POINT('',(2.474879,-20.,113.36453367488));
#1454 = VECTOR('',#1455,1.);
#1455 = DIRECTION('',(0.,1.,-2.2E-16));
#1456 = ORIENTED_EDGE('',*,*,#327,.F.);
#1457 = ORIENTED_EDGE('',*,*,#1434,.F.);
#1458 = PLANE('',#1459);
#1459 = AXIS2_PLACEMENT_3D('',#1460,#1461,#1462);
#1460 = CARTESIAN_POINT('',(2.474879,-20.,113.36453367488));
#1461 = DIRECTION('',(-2.87E-15,2.2E-16,1.));
#1462 = DIRECTION('',(-1.,0.,-2.87E-15));
#1463 = ADVANCED_FACE('',(#1464),#1475,.F.);
#1464 = FACE_BOUND('',#1465,.F.);
#1465 = EDGE_LOOP('',(#1466,#1467,#1473,#1474));
#1466 = ORIENTED_EDGE('',*,*,#1083,.F.);
#1467 = ORIENTED_EDGE('',*,*,#1468,.T.);
#1468 = EDGE_CURVE('',#1076,#311,#1469,.T.);
#1469 = LINE('',#1470,#1471);
#1470 = CARTESIAN_POINT('',(3.872392485124,-20.,111.89661965834));
#1471 = VECTOR('',#1472,1.);
#1472 = DIRECTION('',(0.,1.,-2.2E-16));
#1473 = ORIENTED_EDGE('',*,*,#318,.T.);
#1474 = ORIENTED_EDGE('',*,*,#1451,.F.);
#1475 = CYLINDRICAL_SURFACE('',#1476,1.399201674884);
#1476 = AXIS2_PLACEMENT_3D('',#1477,#1478,#1479);
#1477 = CARTESIAN_POINT('',(2.474879,-20.,111.965332));
#1478 = DIRECTION('',(0.,-1.,2.2E-16));
#1479 = DIRECTION('',(1.,0.,0.));
#1480 = ADVANCED_FACE('',(#1481),#1494,.F.);
#1481 = FACE_BOUND('',#1482,.F.);
#1482 = EDGE_LOOP('',(#1483,#1484,#1485,#1491,#1492,#1493));
#1483 = ORIENTED_EDGE('',*,*,#1075,.F.);
#1484 = ORIENTED_EDGE('',*,*,#1258,.F.);
#1485 = ORIENTED_EDGE('',*,*,#1486,.T.);
#1486 = EDGE_CURVE('',#1250,#1370,#1487,.T.);
#1487 = LINE('',#1488,#1489);
#1488 = CARTESIAN_POINT('',(1.512220722169,-20.,63.894007803691));
#1489 = VECTOR('',#1490,1.);
#1490 = DIRECTION('',(0.,1.,-2.2E-16));
#1491 = ORIENTED_EDGE('',*,*,#1369,.F.);
#1492 = ORIENTED_EDGE('',*,*,#310,.F.);
#1493 = ORIENTED_EDGE('',*,*,#1468,.F.);
#1494 = PLANE('',#1495);
#1495 = AXIS2_PLACEMENT_3D('',#1496,#1497,#1498);
#1496 = CARTESIAN_POINT('',(1.512220722169,-20.,63.894007803691));
#1497 = DIRECTION('',(0.998793462165,-1.E-17,-4.910824714211E-02));
#1498 = DIRECTION('',(4.910824714211E-02,2.2E-16,0.998793462165));
#1499 = ADVANCED_FACE('',(#1500),#1517,.F.);
#1500 = FACE_BOUND('',#1501,.F.);
#1501 = EDGE_LOOP('',(#1502,#1503,#1504,#1510,#1511,#1512,#1513,#1514,
    #1515,#1516));
#1502 = ORIENTED_EDGE('',*,*,#293,.F.);
#1503 = ORIENTED_EDGE('',*,*,#1298,.T.);
#1504 = ORIENTED_EDGE('',*,*,#1505,.F.);
#1505 = EDGE_CURVE('',#1156,#1299,#1506,.T.);
#1506 = LINE('',#1507,#1508);
#1507 = CARTESIAN_POINT('',(7.814301921823,-20.,8.));
#1508 = VECTOR('',#1509,1.);
#1509 = DIRECTION('',(0.,1.,-2.2E-16));
#1510 = ORIENTED_EDGE('',*,*,#1155,.F.);
#1511 = ORIENTED_EDGE('',*,*,#1058,.T.);
#1512 = ORIENTED_EDGE('',*,*,#1039,.F.);
#1513 = ORIENTED_EDGE('',*,*,#985,.T.);
#1514 = ORIENTED_EDGE('',*,*,#715,.T.);
#1515 = ORIENTED_EDGE('',*,*,#654,.F.);
#1516 = ORIENTED_EDGE('',*,*,#634,.F.);
#1517 = SURFACE_OF_LINEAR_EXTRUSION('',#1518,#1523);
#1518 = B_SPLINE_CURVE_WITH_KNOTS('',3,(#1519,#1520,#1521,#1522),
  .UNSPECIFIED.,.F.,.F.,(4,4),(0.,1.),.PIECEWISE_BEZIER_KNOTS.);
#1519 = CARTESIAN_POINT('',(7.5,0.,1.E-16));
#1520 = CARTESIAN_POINT('',(11.,2.002E-14,90.157171556849));
#1521 = CARTESIAN_POINT('',(14.,2.886E-14,130.));
#1522 = CARTESIAN_POINT('',(10.,3.381E-14,152.255508));
#1523 = VECTOR('',#1524,1.);
#1524 = DIRECTION('',(0.,1.,-2.2E-16));
#1525 = ADVANCED_FACE('',(#1526),#1537,.F.);
#1526 = FACE_BOUND('',#1527,.F.);
#1527 = EDGE_LOOP('',(#1528,#1529,#1535,#1536));
#1528 = ORIENTED_EDGE('',*,*,#1127,.F.);
#1529 = ORIENTED_EDGE('',*,*,#1530,.T.);
#1530 = EDGE_CURVE('',#1128,#353,#1531,.T.);
#1531 = LINE('',#1532,#1533);
#1532 = CARTESIAN_POINT('',(2.6,-20.,130.));
#1533 = VECTOR('',#1534,1.);
#1534 = DIRECTION('',(0.,1.,-2.2E-16));
#1535 = ORIENTED_EDGE('',*,*,#352,.T.);
#1536 = ORIENTED_EDGE('',*,*,#1530,.F.);
#1537 = CYLINDRICAL_SURFACE('',#1538,2.6);
#1538 = AXIS2_PLACEMENT_3D('',#1539,#1540,#1541);
#1539 = CARTESIAN_POINT('',(0.,-20.,130.));
#1540 = DIRECTION('',(0.,-1.,2.2E-16));
#1541 = DIRECTION('',(1.,0.,0.));
#1542 = ADVANCED_FACE('',(#1543),#1554,.F.);
#1543 = FACE_BOUND('',#1544,.F.);
#1544 = EDGE_LOOP('',(#1545,#1546,#1552,#1553));
#1545 = ORIENTED_EDGE('',*,*,#688,.F.);
#1546 = ORIENTED_EDGE('',*,*,#1547,.T.);
#1547 = EDGE_CURVE('',#689,#364,#1548,.T.);
#1548 = LINE('',#1549,#1550);
#1549 = CARTESIAN_POINT('',(2.,-20.,162.));
#1550 = VECTOR('',#1551,1.);
#1551 = DIRECTION('',(0.,1.,-2.2E-16));
#1552 = ORIENTED_EDGE('',*,*,#363,.T.);
#1553 = ORIENTED_EDGE('',*,*,#1547,.F.);
#1554 = CYLINDRICAL_SURFACE('',#1555,2.);
#1555 = AXIS2_PLACEMENT_3D('',#1556,#1557,#1558);
#1556 = CARTESIAN_POINT('',(0.,-20.,162.));
#1557 = DIRECTION('',(0.,-1.,2.2E-16));
#1558 = DIRECTION('',(1.,0.,0.));
#1559 = ADVANCED_FACE('',(#1560),#1571,.F.);
#1560 = FACE_BOUND('',#1561,.F.);
#1561 = EDGE_LOOP('',(#1562,#1568,#1569,#1570));
#1562 = ORIENTED_EDGE('',*,*,#1563,.F.);
#1563 = EDGE_CURVE('',#1139,#1011,#1564,.T.);
#1564 = LINE('',#1565,#1566);
#1565 = CARTESIAN_POINT('',(2.,-20.,162.));
#1566 = VECTOR('',#1567,1.);
#1567 = DIRECTION('',(0.,1.,-2.2E-16));
#1568 = ORIENTED_EDGE('',*,*,#1138,.F.);
#1569 = ORIENTED_EDGE('',*,*,#1563,.T.);
#1570 = ORIENTED_EDGE('',*,*,#1010,.T.);
#1571 = CYLINDRICAL_SURFACE('',#1572,2.);
#1572 = AXIS2_PLACEMENT_3D('',#1573,#1574,#1575);
#1573 = CARTESIAN_POINT('',(0.,-20.,162.));
#1574 = DIRECTION('',(0.,-1.,2.2E-16));
#1575 = DIRECTION('',(1.,0.,0.));
#1576 = ADVANCED_FACE('',(#1577),#1583,.F.);
#1577 = FACE_BOUND('',#1578,.F.);
#1578 = EDGE_LOOP('',(#1579,#1580,#1581,#1582));
#1579 = ORIENTED_EDGE('',*,*,#1249,.T.);
#1580 = ORIENTED_EDGE('',*,*,#1418,.T.);
#1581 = ORIENTED_EDGE('',*,*,#1377,.T.);
#1582 = ORIENTED_EDGE('',*,*,#1486,.F.);
#1583 = CYLINDRICAL_SURFACE('',#1584,1.514047477735);
#1584 = AXIS2_PLACEMENT_3D('',#1585,#1586,#1587);
#1585 = CARTESIAN_POINT('',(-2.E-16,-20.,63.968360021413));
#1586 = DIRECTION('',(0.,-1.,2.2E-16));
#1587 = DIRECTION('',(1.,0.,0.));
#1588 = ADVANCED_FACE('',(#1589),#1610,.F.);
#1589 = FACE_BOUND('',#1590,.F.);
#1590 = EDGE_LOOP('',(#1591,#1592,#1593,#1594,#1603));
#1591 = ORIENTED_EDGE('',*,*,#1225,.F.);
#1592 = ORIENTED_EDGE('',*,*,#1505,.T.);
#1593 = ORIENTED_EDGE('',*,*,#1395,.T.);
#1594 = ORIENTED_EDGE('',*,*,#1595,.T.);
#1595 = EDGE_CURVE('',#1276,#1596,#1598,.T.);
#1596 = VERTEX_POINT('',#1597);
#1597 = CARTESIAN_POINT('',(7.5,-10.,8.));
#1598 = CIRCLE('',#1599,7.5);
#1599 = AXIS2_PLACEMENT_3D('',#1600,#1601,#1602);
#1600 = CARTESIAN_POINT('',(0.,-10.,8.));
#1601 = DIRECTION('',(0.,2.2E-16,-1.));
#1602 = DIRECTION('',(1.,0.,0.));
#1603 = ORIENTED_EDGE('',*,*,#1604,.T.);
#1604 = EDGE_CURVE('',#1596,#1226,#1605,.T.);
#1605 = CIRCLE('',#1606,7.5);
#1606 = AXIS2_PLACEMENT_3D('',#1607,#1608,#1609);
#1607 = CARTESIAN_POINT('',(0.,-10.,8.));
#1608 = DIRECTION('',(0.,2.2E-16,-1.));
#1609 = DIRECTION('',(1.,0.,0.));
#1610 = PLANE('',#1611);
#1611 = AXIS2_PLACEMENT_3D('',#1612,#1613,#1614);
#1612 = CARTESIAN_POINT('',(7.814301921823,-20.,8.));
#1613 = DIRECTION('',(0.,2.2E-16,1.));
#1614 = DIRECTION('',(-1.,0.,0.));
#1615 = ADVANCED_FACE('',(#1616),#1637,.T.);
#1616 = FACE_BOUND('',#1617,.F.);
#1617 = EDGE_LOOP('',(#1618,#1619,#1627,#1634,#1635,#1636));
#1618 = ORIENTED_EDGE('',*,*,#1604,.F.);
#1619 = ORIENTED_EDGE('',*,*,#1620,.T.);
#1620 = EDGE_CURVE('',#1596,#1621,#1623,.T.);
#1621 = VERTEX_POINT('',#1622);
#1622 = CARTESIAN_POINT('',(7.5,-10.,-4.));
#1623 = LINE('',#1624,#1625);
#1624 = CARTESIAN_POINT('',(7.5,-10.,8.));
#1625 = VECTOR('',#1626,1.);
#1626 = DIRECTION('',(0.,0.,-1.));
#1627 = ORIENTED_EDGE('',*,*,#1628,.T.);
#1628 = EDGE_CURVE('',#1621,#1621,#1629,.T.);
#1629 = CIRCLE('',#1630,7.5);
#1630 = AXIS2_PLACEMENT_3D('',#1631,#1632,#1633);
#1631 = CARTESIAN_POINT('',(0.,-10.,-4.));
#1632 = DIRECTION('',(0.,2.2E-16,-1.));
#1633 = DIRECTION('',(1.,0.,0.));
#1634 = ORIENTED_EDGE('',*,*,#1620,.F.);
#1635 = ORIENTED_EDGE('',*,*,#1595,.F.);
#1636 = ORIENTED_EDGE('',*,*,#1275,.F.);
#1637 = CYLINDRICAL_SURFACE('',#1638,7.5);
#1638 = AXIS2_PLACEMENT_3D('',#1639,#1640,#1641);
#1639 = CARTESIAN_POINT('',(0.,-10.,8.));
#1640 = DIRECTION('',(0.,0.,1.));
#1641 = DIRECTION('',(1.,0.,0.));
#1642 = ADVANCED_FACE('',(#1643),#1646,.F.);
#1643 = FACE_BOUND('',#1644,.T.);
#1644 = EDGE_LOOP('',(#1645));
#1645 = ORIENTED_EDGE('',*,*,#1628,.T.);
#1646 = PLANE('',#1647);
#1647 = AXIS2_PLACEMENT_3D('',#1648,#1649,#1650);
#1648 = CARTESIAN_POINT('',(-3.6E-16,-10.,-4.));
#1649 = DIRECTION('',(0.,-2.2E-16,1.));
#1650 = DIRECTION('',(1.,0.,0.));
#1651 = ( GEOMETRIC_REPRESENTATION_CONTEXT(3) 
GLOBAL_UNCERTAINTY_ASSIGNED_CONTEXT((#1655)) 
GLOBAL_UNIT_ASSIGNED_CONTEXT((#1652,#1653,#1654)) REPRESENTATION_CONTEXT
('Context #1','3D Context with UNIT and UNCERTAINTY') );
#1652 = ( LENGTH_UNIT() NAMED_UNIT(*) SI_UNIT(.MILLI.,.METRE.) );
#1653 = ( NAMED_UNIT(*) PLANE_ANGLE_UNIT() SI_UNIT($,.RADIAN.) );
#1654 = ( NAMED_UNIT(*) SI_UNIT($,.STERADIAN.) SOLID_ANGLE_UNIT() );
#1655 = UNCERTAINTY_MEASURE_WITH_UNIT(LENGTH_MEASURE(5.E-05),#1652,
  'distance_accuracy_value','confusion accuracy');
#1656 = PRODUCT_RELATED_PRODUCT_CATEGORY('part',$,(#7));
#1657 = MECHANICAL_DESIGN_GEOMETRIC_PRESENTATION_REPRESENTATION('',(
    #1658),#1651);
#1658 = STYLED_ITEM('color',(#1659),#15);
#1659 = PRESENTATION_STYLE_ASSIGNMENT((#1660,#1666));
#1660 = SURFACE_STYLE_USAGE(.BOTH.,#1661);
#1661 = SURFACE_SIDE_STYLE('',(#1662));
#1662 = SURFACE_STYLE_FILL_AREA(#1663);
#1663 = FILL_AREA_STYLE('',(#1664));
#1664 = FILL_AREA_STYLE_COLOUR('',#1665);
#1665 = DRAUGHTING_PRE_DEFINED_COLOUR('white');
#1666 = CURVE_STYLE('',#1667,POSITIVE_LENGTH_MEASURE(0.1),#1668);
#1667 = DRAUGHTING_PRE_DEFINED_CURVE_FONT('continuous');
#1668 = DRAUGHTING_PRE_DEFINED_COLOUR('black');
ENDSEC;
END-ISO-10303-21;
