ISO-10303-21;
HEADER;
FILE_DESCRIPTION(('FreeCAD Model'),'2;1');
FILE_NAME('Open CASCADE Shape Model','2026-06-01T14:06:37',(''),(''),
  'Open CASCADE STEP processor 7.8','FreeCAD','Unknown');
FILE_SCHEMA(('AUTOMOTIVE_DESIGN { 1 0 10303 214 1 1 1 1 }'));
ENDSEC;
DATA;
#1 = APPLICATION_PROTOCOL_DEFINITION('international standard',
  'automotive_design',2000,#2);
#2 = APPLICATION_CONTEXT(
  'core data for automotive mechanical design processes');
#3 = SHAPE_DEFINITION_REPRESENTATION(#4,#10);
#4 = PRODUCT_DEFINITION_SHAPE('','',#5);
#5 = PRODUCT_DEFINITION('design','',#6,#9);
#6 = PRODUCT_DEFINITION_FORMATION('','',#7);
#7 = PRODUCT('Body','Body','',(#8));
#8 = PRODUCT_CONTEXT('',#2,'mechanical');
#9 = PRODUCT_DEFINITION_CONTEXT('part definition',#2,'design');
#10 = ADVANCED_BREP_SHAPE_REPRESENTATION('',(#11,#15),#4192);
#11 = AXIS2_PLACEMENT_3D('',#12,#13,#14);
#12 = CARTESIAN_POINT('',(0.,0.,0.));
#13 = DIRECTION('',(0.,0.,1.));
#14 = DIRECTION('',(1.,0.,-0.));
#15 = MANIFOLD_SOLID_BREP('',#16);
#16 = CLOSED_SHELL('',(#17,#231,#262,#286,#310,#334,#358,#382,#406,#430,
    #502,#526,#550,#574,#598,#622,#646,#718,#742,#766,#790,#814,#831,
    #856,#881,#1018,#1040,#1064,#1349,#1366,#1383,#1400,#1518,#1636,
    #1667,#1691,#1844,#1861,#1892,#1916,#2069,#2086,#2117,#2163,#2187,
    #2226,#2279,#2303,#2349,#2366,#2429,#2454,#2479,#2512,#2545,#2585,
    #2625,#2650,#2675,#2724,#2777,#2801,#2847,#2864,#2917,#2941,#2987,
    #3004,#3026,#3043,#3060,#3077,#3094,#3106,#3128,#3145,#3162,#3179,
    #3196,#3208,#3230,#3247,#3264,#3281,#3298,#3310,#3332,#3349,#3366,
    #3383,#3400,#3412,#3477,#3542,#3554,#3571,#3588,#3600,#3617,#3634,
    #3651,#3677,#3694,#3720,#3732,#3744,#3756,#3768,#3785,#3802,#3814,
    #3831,#3848,#3873,#3898,#3923,#3948,#3973,#3998,#4023,#4048,#4066,
    #4084,#4102,#4120,#4138,#4156,#4174));
#17 = ADVANCED_FACE('',(#18,#204,#215),#226,.T.);
#18 = FACE_BOUND('',#19,.T.);
#19 = EDGE_LOOP('',(#20,#30,#38,#46,#54,#62,#70,#78,#86,#94,#102,#110,
    #118,#126,#134,#142,#150,#158,#166,#174,#182,#190,#198));
#20 = ORIENTED_EDGE('',*,*,#21,.T.);
#21 = EDGE_CURVE('',#22,#24,#26,.T.);
#22 = VERTEX_POINT('',#23);
#23 = CARTESIAN_POINT('',(-128.,-2.000021288544,15.));
#24 = VERTEX_POINT('',#25);
#25 = CARTESIAN_POINT('',(-128.,5.000021288544,15.));
#26 = LINE('',#27,#28);
#27 = CARTESIAN_POINT('',(-128.,-8.000021288544,15.));
#28 = VECTOR('',#29,1.);
#29 = DIRECTION('',(0.,1.,-2.2E-16));
#30 = ORIENTED_EDGE('',*,*,#31,.T.);
#31 = EDGE_CURVE('',#24,#32,#34,.T.);
#32 = VERTEX_POINT('',#33);
#33 = CARTESIAN_POINT('',(-128.,8.000021288544,12.));
#34 = LINE('',#35,#36);
#35 = CARTESIAN_POINT('',(-128.,0.599562214392,19.400459074152));
#36 = VECTOR('',#37,1.);
#37 = DIRECTION('',(0.,0.707106781187,-0.707106781187));
#38 = ORIENTED_EDGE('',*,*,#39,.F.);
#39 = EDGE_CURVE('',#40,#32,#42,.T.);
#40 = VERTEX_POINT('',#41);
#41 = CARTESIAN_POINT('',(-128.,8.000021288544,3.));
#42 = LINE('',#43,#44);
#43 = CARTESIAN_POINT('',(-128.,8.000021288544,0.));
#44 = VECTOR('',#45,1.);
#45 = DIRECTION('',(0.,0.,1.));
#46 = ORIENTED_EDGE('',*,*,#47,.F.);
#47 = EDGE_CURVE('',#48,#40,#50,.T.);
#48 = VERTEX_POINT('',#49);
#49 = CARTESIAN_POINT('',(-128.,5.000021288544,0.));
#50 = LINE('',#51,#52);
#51 = CARTESIAN_POINT('',(-128.,17.000021288544,12.));
#52 = VECTOR('',#53,1.);
#53 = DIRECTION('',(0.,0.707106781187,0.707106781187));
#54 = ORIENTED_EDGE('',*,*,#55,.F.);
#55 = EDGE_CURVE('',#56,#48,#58,.T.);
#56 = VERTEX_POINT('',#57);
#57 = CARTESIAN_POINT('',(-128.,25.000021288544,-2.E-15));
#58 = LINE('',#59,#60);
#59 = CARTESIAN_POINT('',(-128.,50.000021288544,0.));
#60 = VECTOR('',#61,1.);
#61 = DIRECTION('',(0.,-1.,0.));
#62 = ORIENTED_EDGE('',*,*,#63,.T.);
#63 = EDGE_CURVE('',#56,#64,#66,.T.);
#64 = VERTEX_POINT('',#65);
#65 = CARTESIAN_POINT('',(-128.,50.000021288544,13.292735791537));
#66 = LINE('',#67,#68);
#67 = CARTESIAN_POINT('',(-128.,40.994976935237,8.504668776353));
#68 = VECTOR('',#69,1.);
#69 = DIRECTION('',(0.,0.882947592859,0.469471562786));
#70 = ORIENTED_EDGE('',*,*,#71,.T.);
#71 = EDGE_CURVE('',#64,#72,#74,.T.);
#72 = VERTEX_POINT('',#73);
#73 = CARTESIAN_POINT('',(-128.,50.000021288544,51.));
#74 = LINE('',#75,#76);
#75 = CARTESIAN_POINT('',(-128.,50.000021288544,0.));
#76 = VECTOR('',#77,1.);
#77 = DIRECTION('',(0.,0.,1.));
#78 = ORIENTED_EDGE('',*,*,#79,.T.);
#79 = EDGE_CURVE('',#72,#80,#82,.T.);
#80 = VERTEX_POINT('',#81);
#81 = CARTESIAN_POINT('',(-128.,41.000021288544,60.));
#82 = LINE('',#83,#84);
#83 = CARTESIAN_POINT('',(-128.,60.500021288544,40.5));
#84 = VECTOR('',#85,1.);
#85 = DIRECTION('',(0.,-0.707106781187,0.707106781187));
#86 = ORIENTED_EDGE('',*,*,#87,.T.);
#87 = EDGE_CURVE('',#80,#88,#90,.T.);
#88 = VERTEX_POINT('',#89);
#89 = CARTESIAN_POINT('',(-128.,5.000021288544,60.));
#90 = LINE('',#91,#92);
#91 = CARTESIAN_POINT('',(-128.,50.000021288544,60.));
#92 = VECTOR('',#93,1.);
#93 = DIRECTION('',(0.,-1.,0.));
#94 = ORIENTED_EDGE('',*,*,#95,.F.);
#95 = EDGE_CURVE('',#96,#88,#98,.T.);
#96 = VERTEX_POINT('',#97);
#97 = CARTESIAN_POINT('',(-128.,8.000021288544,57.));
#98 = LINE('',#99,#100);
#99 = CARTESIAN_POINT('',(-128.,32.000021288544,33.));
#100 = VECTOR('',#101,1.);
#101 = DIRECTION('',(0.,-0.707106781187,0.707106781187));
#102 = ORIENTED_EDGE('',*,*,#103,.F.);
#103 = EDGE_CURVE('',#104,#96,#106,.T.);
#104 = VERTEX_POINT('',#105);
#105 = CARTESIAN_POINT('',(-128.,8.000021288544,55.));
#106 = LINE('',#107,#108);
#107 = CARTESIAN_POINT('',(-128.,8.000021288544,0.));
#108 = VECTOR('',#109,1.);
#109 = DIRECTION('',(0.,0.,1.));
#110 = ORIENTED_EDGE('',*,*,#111,.F.);
#111 = EDGE_CURVE('',#112,#104,#114,.T.);
#112 = VERTEX_POINT('',#113);
#113 = CARTESIAN_POINT('',(-128.,-8.000021288544,55.));
#114 = LINE('',#115,#116);
#115 = CARTESIAN_POINT('',(-128.,-8.000021288544,55.));
#116 = VECTOR('',#117,1.);
#117 = DIRECTION('',(0.,1.,-2.2E-16));
#118 = ORIENTED_EDGE('',*,*,#119,.T.);
#119 = EDGE_CURVE('',#112,#120,#122,.T.);
#120 = VERTEX_POINT('',#121);
#121 = CARTESIAN_POINT('',(-128.,-8.000021288544,57.));
#122 = LINE('',#123,#124);
#123 = CARTESIAN_POINT('',(-128.,-8.000021288544,0.));
#124 = VECTOR('',#125,1.);
#125 = DIRECTION('',(0.,0.,1.));
#126 = ORIENTED_EDGE('',*,*,#127,.T.);
#127 = EDGE_CURVE('',#120,#128,#130,.T.);
#128 = VERTEX_POINT('',#129);
#129 = CARTESIAN_POINT('',(-128.,-5.000021288544,60.));
#130 = LINE('',#131,#132);
#131 = CARTESIAN_POINT('',(-128.,-21.50002128854,43.5));
#132 = VECTOR('',#133,1.);
#133 = DIRECTION('',(0.,0.707106781187,0.707106781187));
#134 = ORIENTED_EDGE('',*,*,#135,.F.);
#135 = EDGE_CURVE('',#136,#128,#138,.T.);
#136 = VERTEX_POINT('',#137);
#137 = CARTESIAN_POINT('',(-128.,-41.00002128846,60.));
#138 = LINE('',#139,#140);
#139 = CARTESIAN_POINT('',(-128.,-4.000008491942,60.));
#140 = VECTOR('',#141,1.);
#141 = DIRECTION('',(0.,1.,0.));
#142 = ORIENTED_EDGE('',*,*,#143,.F.);
#143 = EDGE_CURVE('',#144,#136,#146,.T.);
#144 = VERTEX_POINT('',#145);
#145 = CARTESIAN_POINT('',(-128.,-50.00002128854,51.));
#146 = LINE('',#147,#148);
#147 = CARTESIAN_POINT('',(-128.,-50.00002128844,51.000000000095));
#148 = VECTOR('',#149,1.);
#149 = DIRECTION('',(0.,0.70710678119,0.707106781183));
#150 = ORIENTED_EDGE('',*,*,#151,.F.);
#151 = EDGE_CURVE('',#152,#144,#154,.T.);
#152 = VERTEX_POINT('',#153);
#153 = CARTESIAN_POINT('',(-128.,-50.00002128854,13.292735791537));
#154 = LINE('',#155,#156);
#155 = CARTESIAN_POINT('',(-128.,-50.00002128854,0.));
#156 = VECTOR('',#157,1.);
#157 = DIRECTION('',(0.,0.,1.));
#158 = ORIENTED_EDGE('',*,*,#159,.F.);
#159 = EDGE_CURVE('',#160,#152,#162,.T.);
#160 = VERTEX_POINT('',#161);
#161 = CARTESIAN_POINT('',(-128.,-25.00002128831,-1.E-15));
#162 = LINE('',#163,#164);
#163 = CARTESIAN_POINT('',(-128.,-24.62345144877,-0.200225735363));
#164 = VECTOR('',#165,1.);
#165 = DIRECTION('',(0.,-0.882947592861,0.469471562783));
#166 = ORIENTED_EDGE('',*,*,#167,.T.);
#167 = EDGE_CURVE('',#160,#168,#170,.T.);
#168 = VERTEX_POINT('',#169);
#169 = CARTESIAN_POINT('',(-128.,-5.000021288544,0.));
#170 = LINE('',#171,#172);
#171 = CARTESIAN_POINT('',(-128.,-4.000008491942,0.));
#172 = VECTOR('',#173,1.);
#173 = DIRECTION('',(0.,1.,0.));
#174 = ORIENTED_EDGE('',*,*,#175,.T.);
#175 = EDGE_CURVE('',#168,#176,#178,.T.);
#176 = VERTEX_POINT('',#177);
#177 = CARTESIAN_POINT('',(-128.,-8.000021288544,3.));
#178 = LINE('',#179,#180);
#179 = CARTESIAN_POINT('',(-128.,-6.500021288544,1.5));
#180 = VECTOR('',#181,1.);
#181 = DIRECTION('',(0.,-0.707106781187,0.707106781187));
#182 = ORIENTED_EDGE('',*,*,#183,.T.);
#183 = EDGE_CURVE('',#176,#184,#186,.T.);
#184 = VERTEX_POINT('',#185);
#185 = CARTESIAN_POINT('',(-128.,-8.000021288544,12.));
#186 = LINE('',#187,#188);
#187 = CARTESIAN_POINT('',(-128.,-8.000021288544,0.));
#188 = VECTOR('',#189,1.);
#189 = DIRECTION('',(0.,0.,1.));
#190 = ORIENTED_EDGE('',*,*,#191,.F.);
#191 = EDGE_CURVE('',#192,#184,#194,.T.);
#192 = VERTEX_POINT('',#193);
#193 = CARTESIAN_POINT('',(-128.,-7.121341632104,12.87867965644));
#194 = LINE('',#195,#196);
#195 = CARTESIAN_POINT('',(-128.,-0.599562214389,19.400459074156));
#196 = VECTOR('',#197,1.);
#197 = DIRECTION('',(0.,-0.707106781187,-0.707106781187));
#198 = ORIENTED_EDGE('',*,*,#199,.F.);
#199 = EDGE_CURVE('',#22,#192,#200,.T.);
#200 = LINE('',#201,#202);
#201 = CARTESIAN_POINT('',(-128.,0.331248399373,15.965643522285));
#202 = VECTOR('',#203,1.);
#203 = DIRECTION('',(0.,-0.923879532511,-0.382683432365));
#204 = FACE_BOUND('',#205,.T.);
#205 = EDGE_LOOP('',(#206));
#206 = ORIENTED_EDGE('',*,*,#207,.T.);
#207 = EDGE_CURVE('',#208,#208,#210,.T.);
#208 = VERTEX_POINT('',#209);
#209 = CARTESIAN_POINT('',(-128.,26.5,39.5));
#210 = CIRCLE('',#211,5.);
#211 = AXIS2_PLACEMENT_3D('',#212,#213,#214);
#212 = CARTESIAN_POINT('',(-128.,31.5,39.5));
#213 = DIRECTION('',(-1.,0.,0.));
#214 = DIRECTION('',(0.,-1.,0.));
#215 = FACE_BOUND('',#216,.T.);
#216 = EDGE_LOOP('',(#217));
#217 = ORIENTED_EDGE('',*,*,#218,.T.);
#218 = EDGE_CURVE('',#219,#219,#221,.T.);
#219 = VERTEX_POINT('',#220);
#220 = CARTESIAN_POINT('',(-128.,-36.5,39.5));
#221 = CIRCLE('',#222,5.);
#222 = AXIS2_PLACEMENT_3D('',#223,#224,#225);
#223 = CARTESIAN_POINT('',(-128.,-31.5,39.5));
#224 = DIRECTION('',(-1.,0.,0.));
#225 = DIRECTION('',(0.,-1.,0.));
#226 = PLANE('',#227);
#227 = AXIS2_PLACEMENT_3D('',#228,#229,#230);
#228 = CARTESIAN_POINT('',(-128.,7.53283E-12,30.601815008072));
#229 = DIRECTION('',(1.,0.,0.));
#230 = DIRECTION('',(0.,0.,1.));
#231 = ADVANCED_FACE('',(#232),#257,.F.);
#232 = FACE_BOUND('',#233,.F.);
#233 = EDGE_LOOP('',(#234,#244,#250,#251));
#234 = ORIENTED_EDGE('',*,*,#235,.F.);
#235 = EDGE_CURVE('',#236,#238,#240,.T.);
#236 = VERTEX_POINT('',#237);
#237 = CARTESIAN_POINT('',(-64.,-2.000021288544,15.));
#238 = VERTEX_POINT('',#239);
#239 = CARTESIAN_POINT('',(-64.,5.000021288544,15.));
#240 = LINE('',#241,#242);
#241 = CARTESIAN_POINT('',(-64.,-8.000021288544,15.));
#242 = VECTOR('',#243,1.);
#243 = DIRECTION('',(0.,1.,-2.2E-16));
#244 = ORIENTED_EDGE('',*,*,#245,.F.);
#245 = EDGE_CURVE('',#22,#236,#246,.T.);
#246 = LINE('',#247,#248);
#247 = CARTESIAN_POINT('',(-128.,-2.000021288544,15.));
#248 = VECTOR('',#249,1.);
#249 = DIRECTION('',(1.,0.,0.));
#250 = ORIENTED_EDGE('',*,*,#21,.T.);
#251 = ORIENTED_EDGE('',*,*,#252,.F.);
#252 = EDGE_CURVE('',#238,#24,#253,.T.);
#253 = LINE('',#254,#255);
#254 = CARTESIAN_POINT('',(-64.,5.000021288544,15.));
#255 = VECTOR('',#256,1.);
#256 = DIRECTION('',(-1.,0.,0.));
#257 = PLANE('',#258);
#258 = AXIS2_PLACEMENT_3D('',#259,#260,#261);
#259 = CARTESIAN_POINT('',(-128.,-8.000021288544,15.));
#260 = DIRECTION('',(0.,-2.2E-16,-1.));
#261 = DIRECTION('',(1.,0.,0.));
#262 = ADVANCED_FACE('',(#263),#281,.T.);
#263 = FACE_BOUND('',#264,.F.);
#264 = EDGE_LOOP('',(#265,#266,#267,#275));
#265 = ORIENTED_EDGE('',*,*,#199,.F.);
#266 = ORIENTED_EDGE('',*,*,#245,.T.);
#267 = ORIENTED_EDGE('',*,*,#268,.T.);
#268 = EDGE_CURVE('',#236,#269,#271,.T.);
#269 = VERTEX_POINT('',#270);
#270 = CARTESIAN_POINT('',(-64.,-7.121341632104,12.87867965644));
#271 = LINE('',#272,#273);
#272 = CARTESIAN_POINT('',(-64.,0.105647039937,15.872196379516));
#273 = VECTOR('',#274,1.);
#274 = DIRECTION('',(0.,-0.923879532511,-0.382683432365));
#275 = ORIENTED_EDGE('',*,*,#276,.F.);
#276 = EDGE_CURVE('',#192,#269,#277,.T.);
#277 = LINE('',#278,#279);
#278 = CARTESIAN_POINT('',(-128.,-7.121341632104,12.87867965644));
#279 = VECTOR('',#280,1.);
#280 = DIRECTION('',(1.,0.,0.));
#281 = PLANE('',#282);
#282 = AXIS2_PLACEMENT_3D('',#283,#284,#285);
#283 = CARTESIAN_POINT('',(-128.,-4.560681460324,13.93933982822));
#284 = DIRECTION('',(0.,-0.382683432365,0.923879532511));
#285 = DIRECTION('',(-1.,-0.,-0.));
#286 = ADVANCED_FACE('',(#287),#305,.F.);
#287 = FACE_BOUND('',#288,.F.);
#288 = EDGE_LOOP('',(#289,#297,#298,#299));
#289 = ORIENTED_EDGE('',*,*,#290,.F.);
#290 = EDGE_CURVE('',#238,#291,#293,.T.);
#291 = VERTEX_POINT('',#292);
#292 = CARTESIAN_POINT('',(-64.,8.000021288544,12.));
#293 = LINE('',#294,#295);
#294 = CARTESIAN_POINT('',(-64.,0.918610716591,19.081410571954));
#295 = VECTOR('',#296,1.);
#296 = DIRECTION('',(0.,0.707106781187,-0.707106781187));
#297 = ORIENTED_EDGE('',*,*,#252,.T.);
#298 = ORIENTED_EDGE('',*,*,#31,.T.);
#299 = ORIENTED_EDGE('',*,*,#300,.F.);
#300 = EDGE_CURVE('',#291,#32,#301,.T.);
#301 = LINE('',#302,#303);
#302 = CARTESIAN_POINT('',(-64.,8.000021288544,12.));
#303 = VECTOR('',#304,1.);
#304 = DIRECTION('',(-1.,0.,0.));
#305 = PLANE('',#306);
#306 = AXIS2_PLACEMENT_3D('',#307,#308,#309);
#307 = CARTESIAN_POINT('',(-64.,6.500021288544,13.5));
#308 = DIRECTION('',(0.,-0.707106781187,-0.707106781187));
#309 = DIRECTION('',(-1.,-0.,0.));
#310 = ADVANCED_FACE('',(#311),#329,.F.);
#311 = FACE_BOUND('',#312,.F.);
#312 = EDGE_LOOP('',(#313,#314,#315,#323));
#313 = ORIENTED_EDGE('',*,*,#191,.F.);
#314 = ORIENTED_EDGE('',*,*,#276,.T.);
#315 = ORIENTED_EDGE('',*,*,#316,.T.);
#316 = EDGE_CURVE('',#269,#317,#319,.T.);
#317 = VERTEX_POINT('',#318);
#318 = CARTESIAN_POINT('',(-64.,-8.000021288544,12.));
#319 = LINE('',#320,#321);
#320 = CARTESIAN_POINT('',(-64.,-0.918610716591,19.081410571954));
#321 = VECTOR('',#322,1.);
#322 = DIRECTION('',(0.,-0.707106781187,-0.707106781187));
#323 = ORIENTED_EDGE('',*,*,#324,.F.);
#324 = EDGE_CURVE('',#184,#317,#325,.T.);
#325 = LINE('',#326,#327);
#326 = CARTESIAN_POINT('',(-128.,-8.000021288544,12.));
#327 = VECTOR('',#328,1.);
#328 = DIRECTION('',(1.,0.,0.));
#329 = PLANE('',#330);
#330 = AXIS2_PLACEMENT_3D('',#331,#332,#333);
#331 = CARTESIAN_POINT('',(-128.,-6.500021288544,13.5));
#332 = DIRECTION('',(0.,0.707106781187,-0.707106781187));
#333 = DIRECTION('',(1.,0.,0.));
#334 = ADVANCED_FACE('',(#335),#353,.T.);
#335 = FACE_BOUND('',#336,.T.);
#336 = EDGE_LOOP('',(#337,#345,#351,#352));
#337 = ORIENTED_EDGE('',*,*,#338,.F.);
#338 = EDGE_CURVE('',#339,#291,#341,.T.);
#339 = VERTEX_POINT('',#340);
#340 = CARTESIAN_POINT('',(-64.,8.000021288544,3.));
#341 = LINE('',#342,#343);
#342 = CARTESIAN_POINT('',(-64.,8.000021288544,0.));
#343 = VECTOR('',#344,1.);
#344 = DIRECTION('',(0.,0.,1.));
#345 = ORIENTED_EDGE('',*,*,#346,.F.);
#346 = EDGE_CURVE('',#40,#339,#347,.T.);
#347 = LINE('',#348,#349);
#348 = CARTESIAN_POINT('',(-128.,8.000021288544,3.));
#349 = VECTOR('',#350,1.);
#350 = DIRECTION('',(1.,0.,0.));
#351 = ORIENTED_EDGE('',*,*,#39,.T.);
#352 = ORIENTED_EDGE('',*,*,#300,.F.);
#353 = PLANE('',#354);
#354 = AXIS2_PLACEMENT_3D('',#355,#356,#357);
#355 = CARTESIAN_POINT('',(-128.,8.000021288544,0.));
#356 = DIRECTION('',(0.,1.,0.));
#357 = DIRECTION('',(1.,0.,0.));
#358 = ADVANCED_FACE('',(#359),#377,.T.);
#359 = FACE_BOUND('',#360,.T.);
#360 = EDGE_LOOP('',(#361,#362,#370,#376));
#361 = ORIENTED_EDGE('',*,*,#183,.F.);
#362 = ORIENTED_EDGE('',*,*,#363,.F.);
#363 = EDGE_CURVE('',#364,#176,#366,.T.);
#364 = VERTEX_POINT('',#365);
#365 = CARTESIAN_POINT('',(-64.,-8.000021288544,3.));
#366 = LINE('',#367,#368);
#367 = CARTESIAN_POINT('',(-64.,-8.000021288544,3.));
#368 = VECTOR('',#369,1.);
#369 = DIRECTION('',(-1.,0.,0.));
#370 = ORIENTED_EDGE('',*,*,#371,.T.);
#371 = EDGE_CURVE('',#364,#317,#372,.T.);
#372 = LINE('',#373,#374);
#373 = CARTESIAN_POINT('',(-64.,-8.000021288544,0.));
#374 = VECTOR('',#375,1.);
#375 = DIRECTION('',(0.,0.,1.));
#376 = ORIENTED_EDGE('',*,*,#324,.F.);
#377 = PLANE('',#378);
#378 = AXIS2_PLACEMENT_3D('',#379,#380,#381);
#379 = CARTESIAN_POINT('',(-64.,-8.000021288544,0.));
#380 = DIRECTION('',(0.,-1.,0.));
#381 = DIRECTION('',(-1.,0.,0.));
#382 = ADVANCED_FACE('',(#383),#401,.T.);
#383 = FACE_BOUND('',#384,.F.);
#384 = EDGE_LOOP('',(#385,#386,#394,#400));
#385 = ORIENTED_EDGE('',*,*,#47,.F.);
#386 = ORIENTED_EDGE('',*,*,#387,.T.);
#387 = EDGE_CURVE('',#48,#388,#390,.T.);
#388 = VERTEX_POINT('',#389);
#389 = CARTESIAN_POINT('',(-64.,5.000021288544,0.));
#390 = LINE('',#391,#392);
#391 = CARTESIAN_POINT('',(-128.,5.000021288544,0.));
#392 = VECTOR('',#393,1.);
#393 = DIRECTION('',(1.,0.,0.));
#394 = ORIENTED_EDGE('',*,*,#395,.T.);
#395 = EDGE_CURVE('',#388,#339,#396,.T.);
#396 = LINE('',#397,#398);
#397 = CARTESIAN_POINT('',(-64.,6.500021288544,1.5));
#398 = VECTOR('',#399,1.);
#399 = DIRECTION('',(0.,0.707106781187,0.707106781187));
#400 = ORIENTED_EDGE('',*,*,#346,.F.);
#401 = PLANE('',#402);
#402 = AXIS2_PLACEMENT_3D('',#403,#404,#405);
#403 = CARTESIAN_POINT('',(-128.,6.500021288544,1.5));
#404 = DIRECTION('',(0.,0.707106781187,-0.707106781187));
#405 = DIRECTION('',(-1.,-0.,-0.));
#406 = ADVANCED_FACE('',(#407),#425,.T.);
#407 = FACE_BOUND('',#408,.F.);
#408 = EDGE_LOOP('',(#409,#417,#423,#424));
#409 = ORIENTED_EDGE('',*,*,#410,.F.);
#410 = EDGE_CURVE('',#411,#364,#413,.T.);
#411 = VERTEX_POINT('',#412);
#412 = CARTESIAN_POINT('',(-64.,-5.000021288544,0.));
#413 = LINE('',#414,#415);
#414 = CARTESIAN_POINT('',(-64.,-17.00002128854,12.));
#415 = VECTOR('',#416,1.);
#416 = DIRECTION('',(0.,-0.707106781187,0.707106781187));
#417 = ORIENTED_EDGE('',*,*,#418,.T.);
#418 = EDGE_CURVE('',#411,#168,#419,.T.);
#419 = LINE('',#420,#421);
#420 = CARTESIAN_POINT('',(-64.,-5.000021288544,0.));
#421 = VECTOR('',#422,1.);
#422 = DIRECTION('',(-1.,0.,0.));
#423 = ORIENTED_EDGE('',*,*,#175,.T.);
#424 = ORIENTED_EDGE('',*,*,#363,.F.);
#425 = PLANE('',#426);
#426 = AXIS2_PLACEMENT_3D('',#427,#428,#429);
#427 = CARTESIAN_POINT('',(-64.,-6.500021288544,1.5));
#428 = DIRECTION('',(0.,-0.707106781187,-0.707106781187));
#429 = DIRECTION('',(1.,0.,0.));
#430 = ADVANCED_FACE('',(#431),#497,.T.);
#431 = FACE_BOUND('',#432,.T.);
#432 = EDGE_LOOP('',(#433,#434,#435,#443,#451,#459,#467,#473,#474,#475,
    #483,#491));
#433 = ORIENTED_EDGE('',*,*,#55,.T.);
#434 = ORIENTED_EDGE('',*,*,#387,.T.);
#435 = ORIENTED_EDGE('',*,*,#436,.F.);
#436 = EDGE_CURVE('',#437,#388,#439,.T.);
#437 = VERTEX_POINT('',#438);
#438 = CARTESIAN_POINT('',(-64.,41.000021288544,-2.E-15));
#439 = LINE('',#440,#441);
#440 = CARTESIAN_POINT('',(-64.,4.000012796602,0.));
#441 = VECTOR('',#442,1.);
#442 = DIRECTION('',(0.,-1.,0.));
#443 = ORIENTED_EDGE('',*,*,#444,.T.);
#444 = EDGE_CURVE('',#437,#445,#447,.T.);
#445 = VERTEX_POINT('',#446);
#446 = CARTESIAN_POINT('',(0.,41.000021288544,-5.E-15));
#447 = LINE('',#448,#449);
#448 = CARTESIAN_POINT('',(-64.,41.000021288544,0.));
#449 = VECTOR('',#450,1.);
#450 = DIRECTION('',(1.,0.,0.));
#451 = ORIENTED_EDGE('',*,*,#452,.F.);
#452 = EDGE_CURVE('',#453,#445,#455,.T.);
#453 = VERTEX_POINT('',#454);
#454 = CARTESIAN_POINT('',(0.,-41.00002128854,5.E-15));
#455 = LINE('',#456,#457);
#456 = CARTESIAN_POINT('',(0.,-51.,1.132E-14));
#457 = VECTOR('',#458,1.);
#458 = DIRECTION('',(0.,1.,-2.2E-16));
#459 = ORIENTED_EDGE('',*,*,#460,.T.);
#460 = EDGE_CURVE('',#453,#461,#463,.T.);
#461 = VERTEX_POINT('',#462);
#462 = CARTESIAN_POINT('',(-64.,-41.00002128854,-2.E-15));
#463 = LINE('',#464,#465);
#464 = CARTESIAN_POINT('',(64.,-41.00002128854,0.));
#465 = VECTOR('',#466,1.);
#466 = DIRECTION('',(-1.,0.,0.));
#467 = ORIENTED_EDGE('',*,*,#468,.T.);
#468 = EDGE_CURVE('',#461,#411,#469,.T.);
#469 = LINE('',#470,#471);
#470 = CARTESIAN_POINT('',(-64.,-50.00002128854,0.));
#471 = VECTOR('',#472,1.);
#472 = DIRECTION('',(0.,1.,0.));
#473 = ORIENTED_EDGE('',*,*,#418,.T.);
#474 = ORIENTED_EDGE('',*,*,#167,.F.);
#475 = ORIENTED_EDGE('',*,*,#476,.T.);
#476 = EDGE_CURVE('',#160,#477,#479,.T.);
#477 = VERTEX_POINT('',#478);
#478 = CARTESIAN_POINT('',(-138.,-24.99997871122,-2.E-15));
#479 = LINE('',#480,#481);
#480 = CARTESIAN_POINT('',(-127.9998935572,-25.00002128877,0.));
#481 = VECTOR('',#482,1.);
#482 = DIRECTION('',(-0.999999999991,4.25770887556E-06,0.));
#483 = ORIENTED_EDGE('',*,*,#484,.T.);
#484 = EDGE_CURVE('',#477,#485,#487,.T.);
#485 = VERTEX_POINT('',#486);
#486 = CARTESIAN_POINT('',(-138.,25.000021288544,-2.E-15));
#487 = LINE('',#488,#489);
#488 = CARTESIAN_POINT('',(-138.,-49.99997871145,0.));
#489 = VECTOR('',#490,1.);
#490 = DIRECTION('',(0.,1.,0.));
#491 = ORIENTED_EDGE('',*,*,#492,.T.);
#492 = EDGE_CURVE('',#485,#56,#493,.T.);
#493 = LINE('',#494,#495);
#494 = CARTESIAN_POINT('',(-138.,25.000021288544,0.));
#495 = VECTOR('',#496,1.);
#496 = DIRECTION('',(1.,0.,0.));
#497 = PLANE('',#498);
#498 = AXIS2_PLACEMENT_3D('',#499,#500,#501);
#499 = CARTESIAN_POINT('',(0.,4.30466056693E-06,0.));
#500 = DIRECTION('',(-0.,-0.,-1.));
#501 = DIRECTION('',(-1.,0.,0.));
#502 = ADVANCED_FACE('',(#503),#521,.T.);
#503 = FACE_BOUND('',#504,.F.);
#504 = EDGE_LOOP('',(#505,#513,#514,#515));
#505 = ORIENTED_EDGE('',*,*,#506,.F.);
#506 = EDGE_CURVE('',#485,#507,#509,.T.);
#507 = VERTEX_POINT('',#508);
#508 = CARTESIAN_POINT('',(-138.,50.000021288544,13.292735791537));
#509 = LINE('',#510,#511);
#510 = CARTESIAN_POINT('',(-138.,2.015154348468,-12.22127053752));
#511 = VECTOR('',#512,1.);
#512 = DIRECTION('',(0.,0.882947592859,0.469471562786));
#513 = ORIENTED_EDGE('',*,*,#492,.T.);
#514 = ORIENTED_EDGE('',*,*,#63,.T.);
#515 = ORIENTED_EDGE('',*,*,#516,.F.);
#516 = EDGE_CURVE('',#507,#64,#517,.T.);
#517 = LINE('',#518,#519);
#518 = CARTESIAN_POINT('',(-138.,50.000021288544,13.292735791537));
#519 = VECTOR('',#520,1.);
#520 = DIRECTION('',(1.,0.,0.));
#521 = PLANE('',#522);
#522 = AXIS2_PLACEMENT_3D('',#523,#524,#525);
#523 = CARTESIAN_POINT('',(-138.,37.500021288544,6.646367895768));
#524 = DIRECTION('',(0.,0.469471562786,-0.882947592859));
#525 = DIRECTION('',(-1.,-0.,-0.));
#526 = ADVANCED_FACE('',(#527),#545,.T.);
#527 = FACE_BOUND('',#528,.F.);
#528 = EDGE_LOOP('',(#529,#530,#531,#539));
#529 = ORIENTED_EDGE('',*,*,#159,.F.);
#530 = ORIENTED_EDGE('',*,*,#476,.T.);
#531 = ORIENTED_EDGE('',*,*,#532,.T.);
#532 = EDGE_CURVE('',#477,#533,#535,.T.);
#533 = VERTEX_POINT('',#534);
#534 = CARTESIAN_POINT('',(-138.,-49.99997871145,13.292735791537));
#535 = LINE('',#536,#537);
#536 = CARTESIAN_POINT('',(-138.,-40.99495095466,8.504677600922));
#537 = VECTOR('',#538,1.);
#538 = DIRECTION('',(0.,-0.882947592861,0.469471562783));
#539 = ORIENTED_EDGE('',*,*,#540,.F.);
#540 = EDGE_CURVE('',#152,#533,#541,.T.);
#541 = LINE('',#542,#543);
#542 = CARTESIAN_POINT('',(-128.,-50.00002128854,13.292735791537));
#543 = VECTOR('',#544,1.);
#544 = DIRECTION('',(-0.999999999991,4.25770887556E-06,0.));
#545 = PLANE('',#546);
#546 = AXIS2_PLACEMENT_3D('',#547,#548,#549);
#547 = CARTESIAN_POINT('',(-127.9999467786,-37.50002128865,
    6.646367895768));
#548 = DIRECTION('',(-1.99887323957E-06,-0.469471562782,-0.882947592859)
  );
#549 = DIRECTION('',(0.999999999991,-4.257708875499E-06,
    1.110763008129E-16));
#550 = ADVANCED_FACE('',(#551),#569,.T.);
#551 = FACE_BOUND('',#552,.T.);
#552 = EDGE_LOOP('',(#553,#561,#567,#568));
#553 = ORIENTED_EDGE('',*,*,#554,.T.);
#554 = EDGE_CURVE('',#507,#555,#557,.T.);
#555 = VERTEX_POINT('',#556);
#556 = CARTESIAN_POINT('',(-138.,50.000021288544,51.));
#557 = LINE('',#558,#559);
#558 = CARTESIAN_POINT('',(-138.,50.000021288544,0.));
#559 = VECTOR('',#560,1.);
#560 = DIRECTION('',(0.,0.,1.));
#561 = ORIENTED_EDGE('',*,*,#562,.T.);
#562 = EDGE_CURVE('',#555,#72,#563,.T.);
#563 = LINE('',#564,#565);
#564 = CARTESIAN_POINT('',(-138.,50.000021288544,51.));
#565 = VECTOR('',#566,1.);
#566 = DIRECTION('',(1.,0.,0.));
#567 = ORIENTED_EDGE('',*,*,#71,.F.);
#568 = ORIENTED_EDGE('',*,*,#516,.F.);
#569 = PLANE('',#570);
#570 = AXIS2_PLACEMENT_3D('',#571,#572,#573);
#571 = CARTESIAN_POINT('',(-138.,50.000021288544,0.));
#572 = DIRECTION('',(0.,1.,0.));
#573 = DIRECTION('',(1.,0.,0.));
#574 = ADVANCED_FACE('',(#575),#593,.T.);
#575 = FACE_BOUND('',#576,.T.);
#576 = EDGE_LOOP('',(#577,#578,#586,#592));
#577 = ORIENTED_EDGE('',*,*,#151,.T.);
#578 = ORIENTED_EDGE('',*,*,#579,.T.);
#579 = EDGE_CURVE('',#144,#580,#582,.T.);
#580 = VERTEX_POINT('',#581);
#581 = CARTESIAN_POINT('',(-138.,-49.99997871145,51.));
#582 = LINE('',#583,#584);
#583 = CARTESIAN_POINT('',(-128.,-50.00002128854,51.));
#584 = VECTOR('',#585,1.);
#585 = DIRECTION('',(-0.999999999991,4.25770887556E-06,0.));
#586 = ORIENTED_EDGE('',*,*,#587,.F.);
#587 = EDGE_CURVE('',#533,#580,#588,.T.);
#588 = LINE('',#589,#590);
#589 = CARTESIAN_POINT('',(-138.,-49.99997871145,0.));
#590 = VECTOR('',#591,1.);
#591 = DIRECTION('',(0.,0.,1.));
#592 = ORIENTED_EDGE('',*,*,#540,.F.);
#593 = PLANE('',#594);
#594 = AXIS2_PLACEMENT_3D('',#595,#596,#597);
#595 = CARTESIAN_POINT('',(-128.,-50.00002128854,0.));
#596 = DIRECTION('',(-4.25770887556E-06,-0.999999999991,0.));
#597 = DIRECTION('',(-0.999999999991,4.25770887556E-06,0.));
#598 = ADVANCED_FACE('',(#599),#617,.T.);
#599 = FACE_BOUND('',#600,.F.);
#600 = EDGE_LOOP('',(#601,#609,#610,#611));
#601 = ORIENTED_EDGE('',*,*,#602,.F.);
#602 = EDGE_CURVE('',#555,#603,#605,.T.);
#603 = VERTEX_POINT('',#604);
#604 = CARTESIAN_POINT('',(-138.,41.000021288544,60.));
#605 = LINE('',#606,#607);
#606 = CARTESIAN_POINT('',(-138.,35.500021288544,65.5));
#607 = VECTOR('',#608,1.);
#608 = DIRECTION('',(0.,-0.707106781187,0.707106781187));
#609 = ORIENTED_EDGE('',*,*,#562,.T.);
#610 = ORIENTED_EDGE('',*,*,#79,.T.);
#611 = ORIENTED_EDGE('',*,*,#612,.F.);
#612 = EDGE_CURVE('',#603,#80,#613,.T.);
#613 = LINE('',#614,#615);
#614 = CARTESIAN_POINT('',(-138.,41.000021288544,60.));
#615 = VECTOR('',#616,1.);
#616 = DIRECTION('',(1.,0.,0.));
#617 = PLANE('',#618);
#618 = AXIS2_PLACEMENT_3D('',#619,#620,#621);
#619 = CARTESIAN_POINT('',(-138.,45.500021288544,55.5));
#620 = DIRECTION('',(0.,0.707106781187,0.707106781187));
#621 = DIRECTION('',(-1.,0.,0.));
#622 = ADVANCED_FACE('',(#623),#641,.T.);
#623 = FACE_BOUND('',#624,.F.);
#624 = EDGE_LOOP('',(#625,#626,#627,#635));
#625 = ORIENTED_EDGE('',*,*,#143,.F.);
#626 = ORIENTED_EDGE('',*,*,#579,.T.);
#627 = ORIENTED_EDGE('',*,*,#628,.T.);
#628 = EDGE_CURVE('',#580,#629,#631,.T.);
#629 = VERTEX_POINT('',#630);
#630 = CARTESIAN_POINT('',(-138.,-40.99997871137,60.));
#631 = LINE('',#632,#633);
#632 = CARTESIAN_POINT('',(-138.,-60.49998935572,40.499989355823));
#633 = VECTOR('',#634,1.);
#634 = DIRECTION('',(0.,0.70710678119,0.707106781183));
#635 = ORIENTED_EDGE('',*,*,#636,.F.);
#636 = EDGE_CURVE('',#136,#629,#637,.T.);
#637 = LINE('',#638,#639);
#638 = CARTESIAN_POINT('',(-127.9999616806,-41.00002128862,60.));
#639 = VECTOR('',#640,1.);
#640 = DIRECTION('',(-0.999999999991,4.25770887556E-06,0.));
#641 = PLANE('',#642);
#642 = AXIS2_PLACEMENT_3D('',#643,#644,#645);
#643 = CARTESIAN_POINT('',(-127.9999808403,-45.50002128858,55.5));
#644 = DIRECTION('',(-3.01065481816E-06,-0.70710678118,0.707106781187));
#645 = DIRECTION('',(0.999999999991,-4.257708875513E-06,
    -4.711154900981E-17));
#646 = ADVANCED_FACE('',(#647),#713,.T.);
#647 = FACE_BOUND('',#648,.T.);
#648 = EDGE_LOOP('',(#649,#657,#658,#659,#665,#666,#667,#675,#683,#691,
    #699,#707));
#649 = ORIENTED_EDGE('',*,*,#650,.F.);
#650 = EDGE_CURVE('',#88,#651,#653,.T.);
#651 = VERTEX_POINT('',#652);
#652 = CARTESIAN_POINT('',(-64.,5.000021288544,60.));
#653 = LINE('',#654,#655);
#654 = CARTESIAN_POINT('',(-128.,5.000021288544,60.));
#655 = VECTOR('',#656,1.);
#656 = DIRECTION('',(1.,0.,0.));
#657 = ORIENTED_EDGE('',*,*,#87,.F.);
#658 = ORIENTED_EDGE('',*,*,#612,.F.);
#659 = ORIENTED_EDGE('',*,*,#660,.F.);
#660 = EDGE_CURVE('',#629,#603,#661,.T.);
#661 = LINE('',#662,#663);
#662 = CARTESIAN_POINT('',(-138.,-49.99997871145,60.));
#663 = VECTOR('',#664,1.);
#664 = DIRECTION('',(0.,1.,0.));
#665 = ORIENTED_EDGE('',*,*,#636,.F.);
#666 = ORIENTED_EDGE('',*,*,#135,.T.);
#667 = ORIENTED_EDGE('',*,*,#668,.F.);
#668 = EDGE_CURVE('',#669,#128,#671,.T.);
#669 = VERTEX_POINT('',#670);
#670 = CARTESIAN_POINT('',(-64.,-5.000021288544,60.));
#671 = LINE('',#672,#673);
#672 = CARTESIAN_POINT('',(-64.,-5.000021288544,60.));
#673 = VECTOR('',#674,1.);
#674 = DIRECTION('',(-1.,0.,0.));
#675 = ORIENTED_EDGE('',*,*,#676,.F.);
#676 = EDGE_CURVE('',#677,#669,#679,.T.);
#677 = VERTEX_POINT('',#678);
#678 = CARTESIAN_POINT('',(-64.,-41.00002128854,60.));
#679 = LINE('',#680,#681);
#680 = CARTESIAN_POINT('',(-64.,-50.00002128854,60.));
#681 = VECTOR('',#682,1.);
#682 = DIRECTION('',(0.,1.,0.));
#683 = ORIENTED_EDGE('',*,*,#684,.T.);
#684 = EDGE_CURVE('',#677,#685,#687,.T.);
#685 = VERTEX_POINT('',#686);
#686 = CARTESIAN_POINT('',(0.,-41.00002128854,60.));
#687 = LINE('',#688,#689);
#688 = CARTESIAN_POINT('',(-64.,-41.00002128854,60.));
#689 = VECTOR('',#690,1.);
#690 = DIRECTION('',(1.,0.,0.));
#691 = ORIENTED_EDGE('',*,*,#692,.T.);
#692 = EDGE_CURVE('',#685,#693,#695,.T.);
#693 = VERTEX_POINT('',#694);
#694 = CARTESIAN_POINT('',(0.,41.000021288544,60.));
#695 = LINE('',#696,#697);
#696 = CARTESIAN_POINT('',(0.,-51.,60.));
#697 = VECTOR('',#698,1.);
#698 = DIRECTION('',(0.,1.,-2.2E-16));
#699 = ORIENTED_EDGE('',*,*,#700,.T.);
#700 = EDGE_CURVE('',#693,#701,#703,.T.);
#701 = VERTEX_POINT('',#702);
#702 = CARTESIAN_POINT('',(-64.,41.000021288544,60.));
#703 = LINE('',#704,#705);
#704 = CARTESIAN_POINT('',(64.,41.000021288544,60.));
#705 = VECTOR('',#706,1.);
#706 = DIRECTION('',(-1.,-0.,-0.));
#707 = ORIENTED_EDGE('',*,*,#708,.T.);
#708 = EDGE_CURVE('',#701,#651,#709,.T.);
#709 = LINE('',#710,#711);
#710 = CARTESIAN_POINT('',(-64.,4.000012796602,60.));
#711 = VECTOR('',#712,1.);
#712 = DIRECTION('',(0.,-1.,0.));
#713 = PLANE('',#714);
#714 = AXIS2_PLACEMENT_3D('',#715,#716,#717);
#715 = CARTESIAN_POINT('',(1.67E-15,4.30466056863E-06,60.));
#716 = DIRECTION('',(0.,0.,1.));
#717 = DIRECTION('',(1.,0.,0.));
#718 = ADVANCED_FACE('',(#719),#737,.T.);
#719 = FACE_BOUND('',#720,.F.);
#720 = EDGE_LOOP('',(#721,#722,#730,#736));
#721 = ORIENTED_EDGE('',*,*,#95,.F.);
#722 = ORIENTED_EDGE('',*,*,#723,.T.);
#723 = EDGE_CURVE('',#96,#724,#726,.T.);
#724 = VERTEX_POINT('',#725);
#725 = CARTESIAN_POINT('',(-64.,8.000021288544,57.));
#726 = LINE('',#727,#728);
#727 = CARTESIAN_POINT('',(-128.,8.000021288544,57.));
#728 = VECTOR('',#729,1.);
#729 = DIRECTION('',(1.,0.,0.));
#730 = ORIENTED_EDGE('',*,*,#731,.T.);
#731 = EDGE_CURVE('',#724,#651,#732,.T.);
#732 = LINE('',#733,#734);
#733 = CARTESIAN_POINT('',(-64.,21.500021288544,43.5));
#734 = VECTOR('',#735,1.);
#735 = DIRECTION('',(0.,-0.707106781187,0.707106781187));
#736 = ORIENTED_EDGE('',*,*,#650,.F.);
#737 = PLANE('',#738);
#738 = AXIS2_PLACEMENT_3D('',#739,#740,#741);
#739 = CARTESIAN_POINT('',(-128.,6.500021288544,58.5));
#740 = DIRECTION('',(0.,0.707106781187,0.707106781187));
#741 = DIRECTION('',(-1.,0.,0.));
#742 = ADVANCED_FACE('',(#743),#761,.T.);
#743 = FACE_BOUND('',#744,.F.);
#744 = EDGE_LOOP('',(#745,#753,#759,#760));
#745 = ORIENTED_EDGE('',*,*,#746,.F.);
#746 = EDGE_CURVE('',#747,#669,#749,.T.);
#747 = VERTEX_POINT('',#748);
#748 = CARTESIAN_POINT('',(-64.,-8.000021288544,57.));
#749 = LINE('',#750,#751);
#750 = CARTESIAN_POINT('',(-64.,-32.00002128854,33.));
#751 = VECTOR('',#752,1.);
#752 = DIRECTION('',(0.,0.707106781187,0.707106781187));
#753 = ORIENTED_EDGE('',*,*,#754,.T.);
#754 = EDGE_CURVE('',#747,#120,#755,.T.);
#755 = LINE('',#756,#757);
#756 = CARTESIAN_POINT('',(-64.,-8.000021288544,57.));
#757 = VECTOR('',#758,1.);
#758 = DIRECTION('',(-1.,0.,0.));
#759 = ORIENTED_EDGE('',*,*,#127,.T.);
#760 = ORIENTED_EDGE('',*,*,#668,.F.);
#761 = PLANE('',#762);
#762 = AXIS2_PLACEMENT_3D('',#763,#764,#765);
#763 = CARTESIAN_POINT('',(-64.,-6.500021288544,58.5));
#764 = DIRECTION('',(0.,-0.707106781187,0.707106781187));
#765 = DIRECTION('',(1.,0.,0.));
#766 = ADVANCED_FACE('',(#767),#785,.T.);
#767 = FACE_BOUND('',#768,.T.);
#768 = EDGE_LOOP('',(#769,#777,#778,#779));
#769 = ORIENTED_EDGE('',*,*,#770,.F.);
#770 = EDGE_CURVE('',#104,#771,#773,.T.);
#771 = VERTEX_POINT('',#772);
#772 = CARTESIAN_POINT('',(-64.,8.000021288544,55.));
#773 = LINE('',#774,#775);
#774 = CARTESIAN_POINT('',(-96.,8.000021288544,55.));
#775 = VECTOR('',#776,1.);
#776 = DIRECTION('',(1.,0.,0.));
#777 = ORIENTED_EDGE('',*,*,#103,.T.);
#778 = ORIENTED_EDGE('',*,*,#723,.T.);
#779 = ORIENTED_EDGE('',*,*,#780,.F.);
#780 = EDGE_CURVE('',#771,#724,#781,.T.);
#781 = LINE('',#782,#783);
#782 = CARTESIAN_POINT('',(-64.,8.000021288544,0.));
#783 = VECTOR('',#784,1.);
#784 = DIRECTION('',(0.,0.,1.));
#785 = PLANE('',#786);
#786 = AXIS2_PLACEMENT_3D('',#787,#788,#789);
#787 = CARTESIAN_POINT('',(-128.,8.000021288544,0.));
#788 = DIRECTION('',(0.,1.,0.));
#789 = DIRECTION('',(1.,0.,0.));
#790 = ADVANCED_FACE('',(#791),#809,.T.);
#791 = FACE_BOUND('',#792,.T.);
#792 = EDGE_LOOP('',(#793,#801,#807,#808));
#793 = ORIENTED_EDGE('',*,*,#794,.F.);
#794 = EDGE_CURVE('',#795,#112,#797,.T.);
#795 = VERTEX_POINT('',#796);
#796 = CARTESIAN_POINT('',(-64.,-8.000021288544,55.));
#797 = LINE('',#798,#799);
#798 = CARTESIAN_POINT('',(-64.,-8.000021288544,55.));
#799 = VECTOR('',#800,1.);
#800 = DIRECTION('',(-1.,0.,0.));
#801 = ORIENTED_EDGE('',*,*,#802,.T.);
#802 = EDGE_CURVE('',#795,#747,#803,.T.);
#803 = LINE('',#804,#805);
#804 = CARTESIAN_POINT('',(-64.,-8.000021288544,0.));
#805 = VECTOR('',#806,1.);
#806 = DIRECTION('',(0.,0.,1.));
#807 = ORIENTED_EDGE('',*,*,#754,.T.);
#808 = ORIENTED_EDGE('',*,*,#119,.F.);
#809 = PLANE('',#810);
#810 = AXIS2_PLACEMENT_3D('',#811,#812,#813);
#811 = CARTESIAN_POINT('',(-64.,-8.000021288544,0.));
#812 = DIRECTION('',(0.,-1.,0.));
#813 = DIRECTION('',(-1.,0.,0.));
#814 = ADVANCED_FACE('',(#815),#826,.F.);
#815 = FACE_BOUND('',#816,.F.);
#816 = EDGE_LOOP('',(#817,#818,#824,#825));
#817 = ORIENTED_EDGE('',*,*,#794,.F.);
#818 = ORIENTED_EDGE('',*,*,#819,.T.);
#819 = EDGE_CURVE('',#795,#771,#820,.T.);
#820 = LINE('',#821,#822);
#821 = CARTESIAN_POINT('',(-64.,-8.000021288544,55.));
#822 = VECTOR('',#823,1.);
#823 = DIRECTION('',(0.,1.,-2.2E-16));
#824 = ORIENTED_EDGE('',*,*,#770,.F.);
#825 = ORIENTED_EDGE('',*,*,#111,.F.);
#826 = PLANE('',#827);
#827 = AXIS2_PLACEMENT_3D('',#828,#829,#830);
#828 = CARTESIAN_POINT('',(-64.,-8.000021288544,55.));
#829 = DIRECTION('',(0.,2.2E-16,1.));
#830 = DIRECTION('',(-1.,0.,0.));
#831 = ADVANCED_FACE('',(#832),#851,.F.);
#832 = FACE_BOUND('',#833,.F.);
#833 = EDGE_LOOP('',(#834,#842,#843,#844));
#834 = ORIENTED_EDGE('',*,*,#835,.T.);
#835 = EDGE_CURVE('',#836,#208,#838,.T.);
#836 = VERTEX_POINT('',#837);
#837 = CARTESIAN_POINT('',(-138.,26.5,39.5));
#838 = LINE('',#839,#840);
#839 = CARTESIAN_POINT('',(-138.,26.5,39.5));
#840 = VECTOR('',#841,1.);
#841 = DIRECTION('',(1.,0.,0.));
#842 = ORIENTED_EDGE('',*,*,#207,.T.);
#843 = ORIENTED_EDGE('',*,*,#835,.F.);
#844 = ORIENTED_EDGE('',*,*,#845,.F.);
#845 = EDGE_CURVE('',#836,#836,#846,.T.);
#846 = CIRCLE('',#847,5.);
#847 = AXIS2_PLACEMENT_3D('',#848,#849,#850);
#848 = CARTESIAN_POINT('',(-138.,31.5,39.5));
#849 = DIRECTION('',(-1.,0.,0.));
#850 = DIRECTION('',(0.,-1.,0.));
#851 = CYLINDRICAL_SURFACE('',#852,5.);
#852 = AXIS2_PLACEMENT_3D('',#853,#854,#855);
#853 = CARTESIAN_POINT('',(-138.,31.5,39.5));
#854 = DIRECTION('',(-1.,0.,0.));
#855 = DIRECTION('',(0.,-1.,0.));
#856 = ADVANCED_FACE('',(#857),#876,.F.);
#857 = FACE_BOUND('',#858,.F.);
#858 = EDGE_LOOP('',(#859,#867,#868,#869));
#859 = ORIENTED_EDGE('',*,*,#860,.T.);
#860 = EDGE_CURVE('',#861,#219,#863,.T.);
#861 = VERTEX_POINT('',#862);
#862 = CARTESIAN_POINT('',(-138.,-36.5,39.5));
#863 = LINE('',#864,#865);
#864 = CARTESIAN_POINT('',(-138.,-36.5,39.5));
#865 = VECTOR('',#866,1.);
#866 = DIRECTION('',(1.,0.,0.));
#867 = ORIENTED_EDGE('',*,*,#218,.T.);
#868 = ORIENTED_EDGE('',*,*,#860,.F.);
#869 = ORIENTED_EDGE('',*,*,#870,.F.);
#870 = EDGE_CURVE('',#861,#861,#871,.T.);
#871 = CIRCLE('',#872,5.);
#872 = AXIS2_PLACEMENT_3D('',#873,#874,#875);
#873 = CARTESIAN_POINT('',(-138.,-31.5,39.5));
#874 = DIRECTION('',(-1.,0.,0.));
#875 = DIRECTION('',(0.,-1.,0.));
#876 = CYLINDRICAL_SURFACE('',#877,5.);
#877 = AXIS2_PLACEMENT_3D('',#878,#879,#880);
#878 = CARTESIAN_POINT('',(-138.,-31.5,39.5));
#879 = DIRECTION('',(-1.,0.,0.));
#880 = DIRECTION('',(0.,-1.,0.));
#881 = ADVANCED_FACE('',(#882,#945,#979),#1013,.T.);
#882 = FACE_BOUND('',#883,.T.);
#883 = EDGE_LOOP('',(#884,#885,#886,#887,#888,#896,#904,#910,#911,#912,
    #913,#914,#915,#916,#917,#925,#933,#939,#940,#941,#942,#943,#944));
#884 = ORIENTED_EDGE('',*,*,#316,.T.);
#885 = ORIENTED_EDGE('',*,*,#371,.F.);
#886 = ORIENTED_EDGE('',*,*,#410,.F.);
#887 = ORIENTED_EDGE('',*,*,#468,.F.);
#888 = ORIENTED_EDGE('',*,*,#889,.F.);
#889 = EDGE_CURVE('',#890,#461,#892,.T.);
#890 = VERTEX_POINT('',#891);
#891 = CARTESIAN_POINT('',(-64.,-50.00002128854,9.));
#892 = LINE('',#893,#894);
#893 = CARTESIAN_POINT('',(-64.,-45.50002128854,4.5));
#894 = VECTOR('',#895,1.);
#895 = DIRECTION('',(0.,0.707106781187,-0.707106781187));
#896 = ORIENTED_EDGE('',*,*,#897,.T.);
#897 = EDGE_CURVE('',#890,#898,#900,.T.);
#898 = VERTEX_POINT('',#899);
#899 = CARTESIAN_POINT('',(-64.,-50.00002128854,51.));
#900 = LINE('',#901,#902);
#901 = CARTESIAN_POINT('',(-64.,-50.00002128854,0.));
#902 = VECTOR('',#903,1.);
#903 = DIRECTION('',(0.,0.,1.));
#904 = ORIENTED_EDGE('',*,*,#905,.T.);
#905 = EDGE_CURVE('',#898,#677,#906,.T.);
#906 = LINE('',#907,#908);
#907 = CARTESIAN_POINT('',(-64.,-60.50002128854,40.5));
#908 = VECTOR('',#909,1.);
#909 = DIRECTION('',(0.,0.707106781187,0.707106781187));
#910 = ORIENTED_EDGE('',*,*,#676,.T.);
#911 = ORIENTED_EDGE('',*,*,#746,.F.);
#912 = ORIENTED_EDGE('',*,*,#802,.F.);
#913 = ORIENTED_EDGE('',*,*,#819,.T.);
#914 = ORIENTED_EDGE('',*,*,#780,.T.);
#915 = ORIENTED_EDGE('',*,*,#731,.T.);
#916 = ORIENTED_EDGE('',*,*,#708,.F.);
#917 = ORIENTED_EDGE('',*,*,#918,.T.);
#918 = EDGE_CURVE('',#701,#919,#921,.T.);
#919 = VERTEX_POINT('',#920);
#920 = CARTESIAN_POINT('',(-64.,50.000021288544,51.));
#921 = LINE('',#922,#923);
#922 = CARTESIAN_POINT('',(-64.,50.000021288544,51.));
#923 = VECTOR('',#924,1.);
#924 = DIRECTION('',(0.,0.707106781187,-0.707106781187));
#925 = ORIENTED_EDGE('',*,*,#926,.F.);
#926 = EDGE_CURVE('',#927,#919,#929,.T.);
#927 = VERTEX_POINT('',#928);
#928 = CARTESIAN_POINT('',(-64.,50.000021288544,9.));
#929 = LINE('',#930,#931);
#930 = CARTESIAN_POINT('',(-64.,50.000021288544,0.));
#931 = VECTOR('',#932,1.);
#932 = DIRECTION('',(0.,0.,1.));
#933 = ORIENTED_EDGE('',*,*,#934,.F.);
#934 = EDGE_CURVE('',#437,#927,#935,.T.);
#935 = LINE('',#936,#937);
#936 = CARTESIAN_POINT('',(-64.,35.000021288544,-6.));
#937 = VECTOR('',#938,1.);
#938 = DIRECTION('',(0.,0.707106781187,0.707106781187));
#939 = ORIENTED_EDGE('',*,*,#436,.T.);
#940 = ORIENTED_EDGE('',*,*,#395,.T.);
#941 = ORIENTED_EDGE('',*,*,#338,.T.);
#942 = ORIENTED_EDGE('',*,*,#290,.F.);
#943 = ORIENTED_EDGE('',*,*,#235,.F.);
#944 = ORIENTED_EDGE('',*,*,#268,.T.);
#945 = FACE_BOUND('',#946,.T.);
#946 = EDGE_LOOP('',(#947,#957,#965,#973));
#947 = ORIENTED_EDGE('',*,*,#948,.T.);
#948 = EDGE_CURVE('',#949,#951,#953,.T.);
#949 = VERTEX_POINT('',#950);
#950 = CARTESIAN_POINT('',(-64.,-21.,3.));
#951 = VERTEX_POINT('',#952);
#952 = CARTESIAN_POINT('',(-64.,-21.,58.));
#953 = LINE('',#954,#955);
#954 = CARTESIAN_POINT('',(-64.,-21.,3.));
#955 = VECTOR('',#956,1.);
#956 = DIRECTION('',(0.,0.,1.));
#957 = ORIENTED_EDGE('',*,*,#958,.T.);
#958 = EDGE_CURVE('',#951,#959,#961,.T.);
#959 = VERTEX_POINT('',#960);
#960 = CARTESIAN_POINT('',(-64.,-41.5,58.));
#961 = LINE('',#962,#963);
#962 = CARTESIAN_POINT('',(-64.,-21.,58.));
#963 = VECTOR('',#964,1.);
#964 = DIRECTION('',(0.,-1.,0.));
#965 = ORIENTED_EDGE('',*,*,#966,.T.);
#966 = EDGE_CURVE('',#959,#967,#969,.T.);
#967 = VERTEX_POINT('',#968);
#968 = CARTESIAN_POINT('',(-64.,-41.5,3.));
#969 = LINE('',#970,#971);
#970 = CARTESIAN_POINT('',(-64.,-41.5,58.));
#971 = VECTOR('',#972,1.);
#972 = DIRECTION('',(0.,0.,-1.));
#973 = ORIENTED_EDGE('',*,*,#974,.T.);
#974 = EDGE_CURVE('',#967,#949,#975,.T.);
#975 = LINE('',#976,#977);
#976 = CARTESIAN_POINT('',(-64.,-41.5,3.));
#977 = VECTOR('',#978,1.);
#978 = DIRECTION('',(0.,1.,0.));
#979 = FACE_BOUND('',#980,.T.);
#980 = EDGE_LOOP('',(#981,#991,#999,#1007));
#981 = ORIENTED_EDGE('',*,*,#982,.F.);
#982 = EDGE_CURVE('',#983,#985,#987,.T.);
#983 = VERTEX_POINT('',#984);
#984 = CARTESIAN_POINT('',(-64.,21.,3.));
#985 = VERTEX_POINT('',#986);
#986 = CARTESIAN_POINT('',(-64.,21.,58.));
#987 = LINE('',#988,#989);
#988 = CARTESIAN_POINT('',(-64.,21.,3.));
#989 = VECTOR('',#990,1.);
#990 = DIRECTION('',(0.,0.,1.));
#991 = ORIENTED_EDGE('',*,*,#992,.F.);
#992 = EDGE_CURVE('',#993,#983,#995,.T.);
#993 = VERTEX_POINT('',#994);
#994 = CARTESIAN_POINT('',(-64.,41.5,3.));
#995 = LINE('',#996,#997);
#996 = CARTESIAN_POINT('',(-64.,41.5,3.));
#997 = VECTOR('',#998,1.);
#998 = DIRECTION('',(0.,-1.,0.));
#999 = ORIENTED_EDGE('',*,*,#1000,.F.);
#1000 = EDGE_CURVE('',#1001,#993,#1003,.T.);
#1001 = VERTEX_POINT('',#1002);
#1002 = CARTESIAN_POINT('',(-64.,41.5,58.));
#1003 = LINE('',#1004,#1005);
#1004 = CARTESIAN_POINT('',(-64.,41.5,58.));
#1005 = VECTOR('',#1006,1.);
#1006 = DIRECTION('',(0.,0.,-1.));
#1007 = ORIENTED_EDGE('',*,*,#1008,.F.);
#1008 = EDGE_CURVE('',#985,#1001,#1009,.T.);
#1009 = LINE('',#1010,#1011);
#1010 = CARTESIAN_POINT('',(-64.,21.,58.));
#1011 = VECTOR('',#1012,1.);
#1012 = DIRECTION('',(0.,1.,0.));
#1013 = PLANE('',#1014);
#1014 = AXIS2_PLACEMENT_3D('',#1015,#1016,#1017);
#1015 = CARTESIAN_POINT('',(-64.,-2.72E-15,29.32562099927));
#1016 = DIRECTION('',(-1.,-0.,-0.));
#1017 = DIRECTION('',(0.,0.,-1.));
#1018 = ADVANCED_FACE('',(#1019,#1029,#1032),#1035,.T.);
#1019 = FACE_BOUND('',#1020,.T.);
#1020 = EDGE_LOOP('',(#1021,#1022,#1023,#1024,#1025,#1026,#1027,#1028));
#1021 = ORIENTED_EDGE('',*,*,#587,.T.);
#1022 = ORIENTED_EDGE('',*,*,#628,.T.);
#1023 = ORIENTED_EDGE('',*,*,#660,.T.);
#1024 = ORIENTED_EDGE('',*,*,#602,.F.);
#1025 = ORIENTED_EDGE('',*,*,#554,.F.);
#1026 = ORIENTED_EDGE('',*,*,#506,.F.);
#1027 = ORIENTED_EDGE('',*,*,#484,.F.);
#1028 = ORIENTED_EDGE('',*,*,#532,.T.);
#1029 = FACE_BOUND('',#1030,.T.);
#1030 = EDGE_LOOP('',(#1031));
#1031 = ORIENTED_EDGE('',*,*,#870,.F.);
#1032 = FACE_BOUND('',#1033,.T.);
#1033 = EDGE_LOOP('',(#1034));
#1034 = ORIENTED_EDGE('',*,*,#845,.F.);
#1035 = PLANE('',#1036);
#1036 = AXIS2_PLACEMENT_3D('',#1037,#1038,#1039);
#1037 = CARTESIAN_POINT('',(-138.,-49.99997871145,0.));
#1038 = DIRECTION('',(-1.,0.,0.));
#1039 = DIRECTION('',(0.,1.,0.));
#1040 = ADVANCED_FACE('',(#1041),#1059,.T.);
#1041 = FACE_BOUND('',#1042,.T.);
#1042 = EDGE_LOOP('',(#1043,#1051,#1057,#1058));
#1043 = ORIENTED_EDGE('',*,*,#1044,.F.);
#1044 = EDGE_CURVE('',#1045,#453,#1047,.T.);
#1045 = VERTEX_POINT('',#1046);
#1046 = CARTESIAN_POINT('',(0.,-50.00002128854,9.));
#1047 = LINE('',#1048,#1049);
#1048 = CARTESIAN_POINT('',(-7.11E-15,-60.7500159664,19.749994677864));
#1049 = VECTOR('',#1050,1.);
#1050 = DIRECTION('',(0.,0.707106781187,-0.707106781187));
#1051 = ORIENTED_EDGE('',*,*,#1052,.T.);
#1052 = EDGE_CURVE('',#1045,#890,#1053,.T.);
#1053 = LINE('',#1054,#1055);
#1054 = CARTESIAN_POINT('',(64.,-50.00002128854,9.));
#1055 = VECTOR('',#1056,1.);
#1056 = DIRECTION('',(-1.,0.,0.));
#1057 = ORIENTED_EDGE('',*,*,#889,.T.);
#1058 = ORIENTED_EDGE('',*,*,#460,.F.);
#1059 = PLANE('',#1060);
#1060 = AXIS2_PLACEMENT_3D('',#1061,#1062,#1063);
#1061 = CARTESIAN_POINT('',(64.,-45.50002128854,4.5));
#1062 = DIRECTION('',(0.,-0.707106781187,-0.707106781187));
#1063 = DIRECTION('',(-1.,0.,0.));
#1064 = ADVANCED_FACE('',(#1065,#1106,#1140,#1174,#1276,#1310),#1344,.F.
  );
#1065 = FACE_BOUND('',#1066,.F.);
#1066 = EDGE_LOOP('',(#1067,#1075,#1076,#1084,#1092,#1098,#1099,#1100));
#1067 = ORIENTED_EDGE('',*,*,#1068,.F.);
#1068 = EDGE_CURVE('',#685,#1069,#1071,.T.);
#1069 = VERTEX_POINT('',#1070);
#1070 = CARTESIAN_POINT('',(0.,-50.00002128854,51.));
#1071 = LINE('',#1072,#1073);
#1072 = CARTESIAN_POINT('',(7.11E-15,-45.7500159664,55.250005322136));
#1073 = VECTOR('',#1074,1.);
#1074 = DIRECTION('',(0.,-0.707106781187,-0.707106781187));
#1075 = ORIENTED_EDGE('',*,*,#692,.T.);
#1076 = ORIENTED_EDGE('',*,*,#1077,.T.);
#1077 = EDGE_CURVE('',#693,#1078,#1080,.T.);
#1078 = VERTEX_POINT('',#1079);
#1079 = CARTESIAN_POINT('',(0.,50.000021288544,51.));
#1080 = LINE('',#1081,#1082);
#1081 = CARTESIAN_POINT('',(-7.11E-15,20.250015966408,80.750005322136));
#1082 = VECTOR('',#1083,1.);
#1083 = DIRECTION('',(0.,0.707106781187,-0.707106781187));
#1084 = ORIENTED_EDGE('',*,*,#1085,.F.);
#1085 = EDGE_CURVE('',#1086,#1078,#1088,.T.);
#1086 = VERTEX_POINT('',#1087);
#1087 = CARTESIAN_POINT('',(0.,50.000021288544,9.));
#1088 = LINE('',#1089,#1090);
#1089 = CARTESIAN_POINT('',(0.,50.000021288544,45.));
#1090 = VECTOR('',#1091,1.);
#1091 = DIRECTION('',(0.,0.,1.));
#1092 = ORIENTED_EDGE('',*,*,#1093,.T.);
#1093 = EDGE_CURVE('',#1086,#445,#1094,.T.);
#1094 = LINE('',#1095,#1096);
#1095 = CARTESIAN_POINT('',(7.11E-15,35.250015966408,-5.750005322136));
#1096 = VECTOR('',#1097,1.);
#1097 = DIRECTION('',(0.,-0.707106781187,-0.707106781187));
#1098 = ORIENTED_EDGE('',*,*,#452,.F.);
#1099 = ORIENTED_EDGE('',*,*,#1044,.F.);
#1100 = ORIENTED_EDGE('',*,*,#1101,.F.);
#1101 = EDGE_CURVE('',#1069,#1045,#1102,.T.);
#1102 = LINE('',#1103,#1104);
#1103 = CARTESIAN_POINT('',(0.,-50.00002128854,45.));
#1104 = VECTOR('',#1105,1.);
#1105 = DIRECTION('',(0.,0.,-1.));
#1106 = FACE_BOUND('',#1107,.F.);
#1107 = EDGE_LOOP('',(#1108,#1118,#1126,#1134));
#1108 = ORIENTED_EDGE('',*,*,#1109,.F.);
#1109 = EDGE_CURVE('',#1110,#1112,#1114,.T.);
#1110 = VERTEX_POINT('',#1111);
#1111 = CARTESIAN_POINT('',(0.,12.,53.5));
#1112 = VERTEX_POINT('',#1113);
#1113 = CARTESIAN_POINT('',(0.,12.,57.5));
#1114 = LINE('',#1115,#1116);
#1115 = CARTESIAN_POINT('',(0.,12.,53.5));
#1116 = VECTOR('',#1117,1.);
#1117 = DIRECTION('',(0.,0.,1.));
#1118 = ORIENTED_EDGE('',*,*,#1119,.F.);
#1119 = EDGE_CURVE('',#1120,#1110,#1122,.T.);
#1120 = VERTEX_POINT('',#1121);
#1121 = CARTESIAN_POINT('',(0.,32.,53.5));
#1122 = LINE('',#1123,#1124);
#1123 = CARTESIAN_POINT('',(0.,32.,53.5));
#1124 = VECTOR('',#1125,1.);
#1125 = DIRECTION('',(0.,-1.,0.));
#1126 = ORIENTED_EDGE('',*,*,#1127,.F.);
#1127 = EDGE_CURVE('',#1128,#1120,#1130,.T.);
#1128 = VERTEX_POINT('',#1129);
#1129 = CARTESIAN_POINT('',(0.,32.,57.5));
#1130 = LINE('',#1131,#1132);
#1131 = CARTESIAN_POINT('',(0.,32.,57.5));
#1132 = VECTOR('',#1133,1.);
#1133 = DIRECTION('',(0.,0.,-1.));
#1134 = ORIENTED_EDGE('',*,*,#1135,.F.);
#1135 = EDGE_CURVE('',#1112,#1128,#1136,.T.);
#1136 = LINE('',#1137,#1138);
#1137 = CARTESIAN_POINT('',(0.,12.,57.5));
#1138 = VECTOR('',#1139,1.);
#1139 = DIRECTION('',(0.,1.,0.));
#1140 = FACE_BOUND('',#1141,.F.);
#1141 = EDGE_LOOP('',(#1142,#1152,#1160,#1168));
#1142 = ORIENTED_EDGE('',*,*,#1143,.T.);
#1143 = EDGE_CURVE('',#1144,#1146,#1148,.T.);
#1144 = VERTEX_POINT('',#1145);
#1145 = CARTESIAN_POINT('',(0.,32.000000000014,6.5));
#1146 = VERTEX_POINT('',#1147);
#1147 = CARTESIAN_POINT('',(0.,12.,6.5));
#1148 = LINE('',#1149,#1150);
#1149 = CARTESIAN_POINT('',(0.,32.000000000014,6.5));
#1150 = VECTOR('',#1151,1.);
#1151 = DIRECTION('',(0.,-1.,0.));
#1152 = ORIENTED_EDGE('',*,*,#1153,.T.);
#1153 = EDGE_CURVE('',#1146,#1154,#1156,.T.);
#1154 = VERTEX_POINT('',#1155);
#1155 = CARTESIAN_POINT('',(0.,12.,2.5));
#1156 = LINE('',#1157,#1158);
#1157 = CARTESIAN_POINT('',(0.,12.,6.5));
#1158 = VECTOR('',#1159,1.);
#1159 = DIRECTION('',(0.,0.,-1.));
#1160 = ORIENTED_EDGE('',*,*,#1161,.T.);
#1161 = EDGE_CURVE('',#1154,#1162,#1164,.T.);
#1162 = VERTEX_POINT('',#1163);
#1163 = CARTESIAN_POINT('',(0.,32.000000000014,2.5));
#1164 = LINE('',#1165,#1166);
#1165 = CARTESIAN_POINT('',(0.,12.,2.5));
#1166 = VECTOR('',#1167,1.);
#1167 = DIRECTION('',(0.,1.,0.));
#1168 = ORIENTED_EDGE('',*,*,#1169,.T.);
#1169 = EDGE_CURVE('',#1162,#1144,#1170,.T.);
#1170 = LINE('',#1171,#1172);
#1171 = CARTESIAN_POINT('',(0.,32.000000000014,2.5));
#1172 = VECTOR('',#1173,1.);
#1173 = DIRECTION('',(0.,0.,1.));
#1174 = FACE_BOUND('',#1175,.F.);
#1175 = EDGE_LOOP('',(#1176,#1186,#1195,#1203,#1211,#1219,#1228,#1236,
    #1245,#1253,#1261,#1269));
#1176 = ORIENTED_EDGE('',*,*,#1177,.T.);
#1177 = EDGE_CURVE('',#1178,#1180,#1182,.T.);
#1178 = VERTEX_POINT('',#1179);
#1179 = CARTESIAN_POINT('',(0.,38.999999999999,51.499999999999));
#1180 = VERTEX_POINT('',#1181);
#1181 = CARTESIAN_POINT('',(0.,-38.99999999999,51.499999999999));
#1182 = LINE('',#1183,#1184);
#1183 = CARTESIAN_POINT('',(0.,38.999999999999,51.499999999999));
#1184 = VECTOR('',#1185,1.);
#1185 = DIRECTION('',(0.,-1.,0.));
#1186 = ORIENTED_EDGE('',*,*,#1187,.T.);
#1187 = EDGE_CURVE('',#1180,#1188,#1190,.T.);
#1188 = VERTEX_POINT('',#1189);
#1189 = CARTESIAN_POINT('',(0.,-41.29128784747,50.));
#1190 = CIRCLE('',#1191,2.5);
#1191 = AXIS2_PLACEMENT_3D('',#1192,#1193,#1194);
#1192 = CARTESIAN_POINT('',(0.,-38.99999999999,48.999999999999));
#1193 = DIRECTION('',(1.,0.,0.));
#1194 = DIRECTION('',(0.,1.,0.));
#1195 = ORIENTED_EDGE('',*,*,#1196,.T.);
#1196 = EDGE_CURVE('',#1188,#1197,#1199,.T.);
#1197 = VERTEX_POINT('',#1198);
#1198 = CARTESIAN_POINT('',(0.,-41.49999999999,50.));
#1199 = LINE('',#1200,#1201);
#1200 = CARTESIAN_POINT('',(0.,-21.49999999999,50.));
#1201 = VECTOR('',#1202,1.);
#1202 = DIRECTION('',(0.,-1.,0.));
#1203 = ORIENTED_EDGE('',*,*,#1204,.T.);
#1204 = EDGE_CURVE('',#1197,#1205,#1207,.T.);
#1205 = VERTEX_POINT('',#1206);
#1206 = CARTESIAN_POINT('',(0.,-41.49999999999,9.));
#1207 = LINE('',#1208,#1209);
#1208 = CARTESIAN_POINT('',(0.,-41.49999999999,50.));
#1209 = VECTOR('',#1210,1.);
#1210 = DIRECTION('',(0.,0.,-1.));
#1211 = ORIENTED_EDGE('',*,*,#1212,.T.);
#1212 = EDGE_CURVE('',#1205,#1213,#1215,.T.);
#1213 = VERTEX_POINT('',#1214);
#1214 = CARTESIAN_POINT('',(0.,-40.49999999999,9.));
#1215 = LINE('',#1216,#1217);
#1216 = CARTESIAN_POINT('',(0.,-41.49999999999,9.));
#1217 = VECTOR('',#1218,1.);
#1218 = DIRECTION('',(0.,1.,0.));
#1219 = ORIENTED_EDGE('',*,*,#1220,.T.);
#1220 = EDGE_CURVE('',#1213,#1221,#1223,.T.);
#1221 = VERTEX_POINT('',#1222);
#1222 = CARTESIAN_POINT('',(0.,-39.,8.500000000001));
#1223 = CIRCLE('',#1224,2.5);
#1224 = AXIS2_PLACEMENT_3D('',#1225,#1226,#1227);
#1225 = CARTESIAN_POINT('',(0.,-38.99999999999,11.000000000001));
#1226 = DIRECTION('',(1.,0.,0.));
#1227 = DIRECTION('',(0.,1.,0.));
#1228 = ORIENTED_EDGE('',*,*,#1229,.T.);
#1229 = EDGE_CURVE('',#1221,#1230,#1232,.T.);
#1230 = VERTEX_POINT('',#1231);
#1231 = CARTESIAN_POINT('',(0.,39.,8.500000000001));
#1232 = LINE('',#1233,#1234);
#1233 = CARTESIAN_POINT('',(0.,-39.,8.500000000001));
#1234 = VECTOR('',#1235,1.);
#1235 = DIRECTION('',(0.,1.,0.));
#1236 = ORIENTED_EDGE('',*,*,#1237,.T.);
#1237 = EDGE_CURVE('',#1230,#1238,#1240,.T.);
#1238 = VERTEX_POINT('',#1239);
#1239 = CARTESIAN_POINT('',(0.,40.499999999998,9.));
#1240 = CIRCLE('',#1241,2.5);
#1241 = AXIS2_PLACEMENT_3D('',#1242,#1243,#1244);
#1242 = CARTESIAN_POINT('',(0.,38.999999999999,11.000000000001));
#1243 = DIRECTION('',(1.,0.,0.));
#1244 = DIRECTION('',(0.,1.,0.));
#1245 = ORIENTED_EDGE('',*,*,#1246,.T.);
#1246 = EDGE_CURVE('',#1238,#1247,#1249,.T.);
#1247 = VERTEX_POINT('',#1248);
#1248 = CARTESIAN_POINT('',(0.,41.499999999999,9.));
#1249 = LINE('',#1250,#1251);
#1250 = CARTESIAN_POINT('',(0.,21.499999999992,9.));
#1251 = VECTOR('',#1252,1.);
#1252 = DIRECTION('',(0.,1.,0.));
#1253 = ORIENTED_EDGE('',*,*,#1254,.T.);
#1254 = EDGE_CURVE('',#1247,#1255,#1257,.T.);
#1255 = VERTEX_POINT('',#1256);
#1256 = CARTESIAN_POINT('',(0.,41.499999999999,50.));
#1257 = LINE('',#1258,#1259);
#1258 = CARTESIAN_POINT('',(0.,41.499999999999,9.));
#1259 = VECTOR('',#1260,1.);
#1260 = DIRECTION('',(0.,0.,1.));
#1261 = ORIENTED_EDGE('',*,*,#1262,.T.);
#1262 = EDGE_CURVE('',#1255,#1263,#1265,.T.);
#1263 = VERTEX_POINT('',#1264);
#1264 = CARTESIAN_POINT('',(0.,41.291287847475,50.));
#1265 = LINE('',#1266,#1267);
#1266 = CARTESIAN_POINT('',(0.,41.499999999999,50.));
#1267 = VECTOR('',#1268,1.);
#1268 = DIRECTION('',(0.,-1.,0.));
#1269 = ORIENTED_EDGE('',*,*,#1270,.T.);
#1270 = EDGE_CURVE('',#1263,#1178,#1271,.T.);
#1271 = CIRCLE('',#1272,2.5);
#1272 = AXIS2_PLACEMENT_3D('',#1273,#1274,#1275);
#1273 = CARTESIAN_POINT('',(0.,38.999999999998,48.999999999999));
#1274 = DIRECTION('',(1.,0.,0.));
#1275 = DIRECTION('',(0.,1.,0.));
#1276 = FACE_BOUND('',#1277,.F.);
#1277 = EDGE_LOOP('',(#1278,#1288,#1296,#1304));
#1278 = ORIENTED_EDGE('',*,*,#1279,.T.);
#1279 = EDGE_CURVE('',#1280,#1282,#1284,.T.);
#1280 = VERTEX_POINT('',#1281);
#1281 = CARTESIAN_POINT('',(0.,-12.,57.5));
#1282 = VERTEX_POINT('',#1283);
#1283 = CARTESIAN_POINT('',(0.,-32.0000000001,57.5));
#1284 = LINE('',#1285,#1286);
#1285 = CARTESIAN_POINT('',(0.,-12.,57.5));
#1286 = VECTOR('',#1287,1.);
#1287 = DIRECTION('',(0.,-1.,0.));
#1288 = ORIENTED_EDGE('',*,*,#1289,.T.);
#1289 = EDGE_CURVE('',#1282,#1290,#1292,.T.);
#1290 = VERTEX_POINT('',#1291);
#1291 = CARTESIAN_POINT('',(0.,-32.0000000001,53.5));
#1292 = LINE('',#1293,#1294);
#1293 = CARTESIAN_POINT('',(0.,-32.0000000001,57.5));
#1294 = VECTOR('',#1295,1.);
#1295 = DIRECTION('',(0.,0.,-1.));
#1296 = ORIENTED_EDGE('',*,*,#1297,.T.);
#1297 = EDGE_CURVE('',#1290,#1298,#1300,.T.);
#1298 = VERTEX_POINT('',#1299);
#1299 = CARTESIAN_POINT('',(0.,-12.,53.5));
#1300 = LINE('',#1301,#1302);
#1301 = CARTESIAN_POINT('',(0.,-32.0000000001,53.5));
#1302 = VECTOR('',#1303,1.);
#1303 = DIRECTION('',(0.,1.,0.));
#1304 = ORIENTED_EDGE('',*,*,#1305,.T.);
#1305 = EDGE_CURVE('',#1298,#1280,#1306,.T.);
#1306 = LINE('',#1307,#1308);
#1307 = CARTESIAN_POINT('',(0.,-12.,53.5));
#1308 = VECTOR('',#1309,1.);
#1309 = DIRECTION('',(0.,0.,1.));
#1310 = FACE_BOUND('',#1311,.F.);
#1311 = EDGE_LOOP('',(#1312,#1322,#1330,#1338));
#1312 = ORIENTED_EDGE('',*,*,#1313,.T.);
#1313 = EDGE_CURVE('',#1314,#1316,#1318,.T.);
#1314 = VERTEX_POINT('',#1315);
#1315 = CARTESIAN_POINT('',(0.,-12.,6.5));
#1316 = VERTEX_POINT('',#1317);
#1317 = CARTESIAN_POINT('',(0.,-32.00000000004,6.5));
#1318 = LINE('',#1319,#1320);
#1319 = CARTESIAN_POINT('',(0.,-12.,6.5));
#1320 = VECTOR('',#1321,1.);
#1321 = DIRECTION('',(0.,-1.,0.));
#1322 = ORIENTED_EDGE('',*,*,#1323,.T.);
#1323 = EDGE_CURVE('',#1316,#1324,#1326,.T.);
#1324 = VERTEX_POINT('',#1325);
#1325 = CARTESIAN_POINT('',(0.,-32.00000000004,2.5));
#1326 = LINE('',#1327,#1328);
#1327 = CARTESIAN_POINT('',(0.,-32.00000000004,6.5));
#1328 = VECTOR('',#1329,1.);
#1329 = DIRECTION('',(0.,0.,-1.));
#1330 = ORIENTED_EDGE('',*,*,#1331,.T.);
#1331 = EDGE_CURVE('',#1324,#1332,#1334,.T.);
#1332 = VERTEX_POINT('',#1333);
#1333 = CARTESIAN_POINT('',(0.,-12.,2.5));
#1334 = LINE('',#1335,#1336);
#1335 = CARTESIAN_POINT('',(0.,-32.00000000004,2.5));
#1336 = VECTOR('',#1337,1.);
#1337 = DIRECTION('',(0.,1.,0.));
#1338 = ORIENTED_EDGE('',*,*,#1339,.T.);
#1339 = EDGE_CURVE('',#1332,#1314,#1340,.T.);
#1340 = LINE('',#1341,#1342);
#1341 = CARTESIAN_POINT('',(0.,-12.,2.5));
#1342 = VECTOR('',#1343,1.);
#1343 = DIRECTION('',(0.,0.,1.));
#1344 = PLANE('',#1345);
#1345 = AXIS2_PLACEMENT_3D('',#1346,#1347,#1348);
#1346 = CARTESIAN_POINT('',(0.,-51.,60.));
#1347 = DIRECTION('',(-1.,0.,0.));
#1348 = DIRECTION('',(-0.,-2.2E-16,-1.));
#1349 = ADVANCED_FACE('',(#1350),#1361,.T.);
#1350 = FACE_BOUND('',#1351,.F.);
#1351 = EDGE_LOOP('',(#1352,#1353,#1354,#1355));
#1352 = ORIENTED_EDGE('',*,*,#934,.F.);
#1353 = ORIENTED_EDGE('',*,*,#444,.T.);
#1354 = ORIENTED_EDGE('',*,*,#1093,.F.);
#1355 = ORIENTED_EDGE('',*,*,#1356,.F.);
#1356 = EDGE_CURVE('',#927,#1086,#1357,.T.);
#1357 = LINE('',#1358,#1359);
#1358 = CARTESIAN_POINT('',(-64.,50.000021288544,9.));
#1359 = VECTOR('',#1360,1.);
#1360 = DIRECTION('',(1.,0.,0.));
#1361 = PLANE('',#1362);
#1362 = AXIS2_PLACEMENT_3D('',#1363,#1364,#1365);
#1363 = CARTESIAN_POINT('',(-64.,45.500021288544,4.5));
#1364 = DIRECTION('',(0.,0.707106781187,-0.707106781187));
#1365 = DIRECTION('',(-1.,-0.,-0.));
#1366 = ADVANCED_FACE('',(#1367),#1378,.T.);
#1367 = FACE_BOUND('',#1368,.F.);
#1368 = EDGE_LOOP('',(#1369,#1370,#1371,#1372));
#1369 = ORIENTED_EDGE('',*,*,#1077,.F.);
#1370 = ORIENTED_EDGE('',*,*,#700,.T.);
#1371 = ORIENTED_EDGE('',*,*,#918,.T.);
#1372 = ORIENTED_EDGE('',*,*,#1373,.F.);
#1373 = EDGE_CURVE('',#1078,#919,#1374,.T.);
#1374 = LINE('',#1375,#1376);
#1375 = CARTESIAN_POINT('',(64.,50.000021288544,51.));
#1376 = VECTOR('',#1377,1.);
#1377 = DIRECTION('',(-1.,-0.,-0.));
#1378 = PLANE('',#1379);
#1379 = AXIS2_PLACEMENT_3D('',#1380,#1381,#1382);
#1380 = CARTESIAN_POINT('',(64.,45.500021288544,55.5));
#1381 = DIRECTION('',(0.,0.707106781187,0.707106781187));
#1382 = DIRECTION('',(1.,0.,0.));
#1383 = ADVANCED_FACE('',(#1384),#1395,.T.);
#1384 = FACE_BOUND('',#1385,.T.);
#1385 = EDGE_LOOP('',(#1386,#1387,#1393,#1394));
#1386 = ORIENTED_EDGE('',*,*,#905,.F.);
#1387 = ORIENTED_EDGE('',*,*,#1388,.T.);
#1388 = EDGE_CURVE('',#898,#1069,#1389,.T.);
#1389 = LINE('',#1390,#1391);
#1390 = CARTESIAN_POINT('',(-64.,-50.00002128854,51.));
#1391 = VECTOR('',#1392,1.);
#1392 = DIRECTION('',(1.,0.,0.));
#1393 = ORIENTED_EDGE('',*,*,#1068,.F.);
#1394 = ORIENTED_EDGE('',*,*,#684,.F.);
#1395 = PLANE('',#1396);
#1396 = AXIS2_PLACEMENT_3D('',#1397,#1398,#1399);
#1397 = CARTESIAN_POINT('',(-64.,-45.50002128854,55.5));
#1398 = DIRECTION('',(0.,-0.707106781187,0.707106781187));
#1399 = DIRECTION('',(1.,0.,0.));
#1400 = ADVANCED_FACE('',(#1401,#1407,#1460),#1513,.T.);
#1401 = FACE_BOUND('',#1402,.T.);
#1402 = EDGE_LOOP('',(#1403,#1404,#1405,#1406));
#1403 = ORIENTED_EDGE('',*,*,#897,.F.);
#1404 = ORIENTED_EDGE('',*,*,#1052,.F.);
#1405 = ORIENTED_EDGE('',*,*,#1101,.F.);
#1406 = ORIENTED_EDGE('',*,*,#1388,.F.);
#1407 = FACE_BOUND('',#1408,.T.);
#1408 = EDGE_LOOP('',(#1409,#1419,#1428,#1436,#1445,#1453));
#1409 = ORIENTED_EDGE('',*,*,#1410,.F.);
#1410 = EDGE_CURVE('',#1411,#1413,#1415,.T.);
#1411 = VERTEX_POINT('',#1412);
#1412 = CARTESIAN_POINT('',(-52.,-50.00002128854,45.401389492229));
#1413 = VERTEX_POINT('',#1414);
#1414 = CARTESIAN_POINT('',(-52.,-50.00002128854,14.598610507771));
#1415 = LINE('',#1416,#1417);
#1416 = CARTESIAN_POINT('',(-52.,-50.00002128854,45.401389492229));
#1417 = VECTOR('',#1418,1.);
#1418 = DIRECTION('',(6.9E-16,0.,-1.));
#1419 = ORIENTED_EDGE('',*,*,#1420,.F.);
#1420 = EDGE_CURVE('',#1421,#1411,#1423,.T.);
#1421 = VERTEX_POINT('',#1422);
#1422 = CARTESIAN_POINT('',(-50.25797209318,-50.00002128854,
    46.071758484277));
#1423 = CIRCLE('',#1424,1.);
#1424 = AXIS2_PLACEMENT_3D('',#1425,#1426,#1427);
#1425 = CARTESIAN_POINT('',(-51.,-50.00002128854,45.401389492229));
#1426 = DIRECTION('',(0.,-1.,0.));
#1427 = DIRECTION('',(1.,0.,0.));
#1428 = ORIENTED_EDGE('',*,*,#1429,.F.);
#1429 = EDGE_CURVE('',#1430,#1421,#1432,.T.);
#1430 = VERTEX_POINT('',#1431);
#1431 = CARTESIAN_POINT('',(-22.42987060225,-50.00002128854,
    15.268979499819));
#1432 = LINE('',#1433,#1434);
#1433 = CARTESIAN_POINT('',(-22.42987060225,-50.00002128854,
    15.268979499819));
#1434 = VECTOR('',#1435,1.);
#1435 = DIRECTION('',(-0.670368992048,0.,0.74202790682));
#1436 = ORIENTED_EDGE('',*,*,#1437,.F.);
#1437 = EDGE_CURVE('',#1438,#1430,#1440,.T.);
#1438 = VERTEX_POINT('',#1439);
#1439 = CARTESIAN_POINT('',(-23.17189850907,-50.00002128854,
    13.598610507771));
#1440 = CIRCLE('',#1441,1.);
#1441 = AXIS2_PLACEMENT_3D('',#1442,#1443,#1444);
#1442 = CARTESIAN_POINT('',(-23.17189850907,-50.00002128854,
    14.598610507771));
#1443 = DIRECTION('',(0.,-1.,0.));
#1444 = DIRECTION('',(1.,0.,0.));
#1445 = ORIENTED_EDGE('',*,*,#1446,.F.);
#1446 = EDGE_CURVE('',#1447,#1438,#1449,.T.);
#1447 = VERTEX_POINT('',#1448);
#1448 = CARTESIAN_POINT('',(-51.,-50.00002128854,13.598610507771));
#1449 = LINE('',#1450,#1451);
#1450 = CARTESIAN_POINT('',(-51.,-50.00002128854,13.598610507771));
#1451 = VECTOR('',#1452,1.);
#1452 = DIRECTION('',(1.,0.,0.));
#1453 = ORIENTED_EDGE('',*,*,#1454,.F.);
#1454 = EDGE_CURVE('',#1413,#1447,#1455,.T.);
#1455 = CIRCLE('',#1456,1.);
#1456 = AXIS2_PLACEMENT_3D('',#1457,#1458,#1459);
#1457 = CARTESIAN_POINT('',(-51.,-50.00002128854,14.598610507771));
#1458 = DIRECTION('',(0.,-1.,0.));
#1459 = DIRECTION('',(1.,0.,0.));
#1460 = FACE_BOUND('',#1461,.T.);
#1461 = EDGE_LOOP('',(#1462,#1472,#1481,#1489,#1498,#1506));
#1462 = ORIENTED_EDGE('',*,*,#1463,.F.);
#1463 = EDGE_CURVE('',#1464,#1466,#1468,.T.);
#1464 = VERTEX_POINT('',#1465);
#1465 = CARTESIAN_POINT('',(-37.01435933158,-50.00002128854,
    46.329631007952));
#1466 = VERTEX_POINT('',#1467);
#1467 = CARTESIAN_POINT('',(-7.742027906822,-50.00002128854,
    13.928241515724));
#1468 = LINE('',#1469,#1470);
#1469 = CARTESIAN_POINT('',(-37.01435933158,-50.00002128854,
    46.329631007952));
#1470 = VECTOR('',#1471,1.);
#1471 = DIRECTION('',(0.670368992048,0.,-0.74202790682));
#1472 = ORIENTED_EDGE('',*,*,#1473,.F.);
#1473 = EDGE_CURVE('',#1474,#1464,#1476,.T.);
#1474 = VERTEX_POINT('',#1475);
#1475 = CARTESIAN_POINT('',(-36.27233142476,-50.00002128854,48.));
#1476 = CIRCLE('',#1477,1.);
#1477 = AXIS2_PLACEMENT_3D('',#1478,#1479,#1480);
#1478 = CARTESIAN_POINT('',(-36.27233142476,-50.00002128854,47.));
#1479 = DIRECTION('',(0.,-1.,0.));
#1480 = DIRECTION('',(1.,0.,0.));
#1481 = ORIENTED_EDGE('',*,*,#1482,.F.);
#1482 = EDGE_CURVE('',#1483,#1474,#1485,.T.);
#1483 = VERTEX_POINT('',#1484);
#1484 = CARTESIAN_POINT('',(-7.,-50.00002128854,48.));
#1485 = LINE('',#1486,#1487);
#1486 = CARTESIAN_POINT('',(-7.,-50.00002128854,48.));
#1487 = VECTOR('',#1488,1.);
#1488 = DIRECTION('',(-1.,0.,0.));
#1489 = ORIENTED_EDGE('',*,*,#1490,.F.);
#1490 = EDGE_CURVE('',#1491,#1483,#1493,.T.);
#1491 = VERTEX_POINT('',#1492);
#1492 = CARTESIAN_POINT('',(-6.,-50.00002128854,47.));
#1493 = CIRCLE('',#1494,1.);
#1494 = AXIS2_PLACEMENT_3D('',#1495,#1496,#1497);
#1495 = CARTESIAN_POINT('',(-7.,-50.00002128854,47.));
#1496 = DIRECTION('',(0.,-1.,0.));
#1497 = DIRECTION('',(1.,0.,0.));
#1498 = ORIENTED_EDGE('',*,*,#1499,.F.);
#1499 = EDGE_CURVE('',#1500,#1491,#1502,.T.);
#1500 = VERTEX_POINT('',#1501);
#1501 = CARTESIAN_POINT('',(-6.,-50.00002128854,14.598610507771));
#1502 = LINE('',#1503,#1504);
#1503 = CARTESIAN_POINT('',(-6.,-50.00002128854,14.598610507771));
#1504 = VECTOR('',#1505,1.);
#1505 = DIRECTION('',(3.E-17,0.,1.));
#1506 = ORIENTED_EDGE('',*,*,#1507,.F.);
#1507 = EDGE_CURVE('',#1466,#1500,#1508,.T.);
#1508 = CIRCLE('',#1509,1.);
#1509 = AXIS2_PLACEMENT_3D('',#1510,#1511,#1512);
#1510 = CARTESIAN_POINT('',(-7.,-50.00002128854,14.598610507771));
#1511 = DIRECTION('',(0.,-1.,0.));
#1512 = DIRECTION('',(1.,0.,0.));
#1513 = PLANE('',#1514);
#1514 = AXIS2_PLACEMENT_3D('',#1515,#1516,#1517);
#1515 = CARTESIAN_POINT('',(0.,-50.00002128854,30.));
#1516 = DIRECTION('',(-0.,-1.,-0.));
#1517 = DIRECTION('',(0.,0.,-1.));
#1518 = ADVANCED_FACE('',(#1519,#1525,#1578),#1631,.T.);
#1519 = FACE_BOUND('',#1520,.T.);
#1520 = EDGE_LOOP('',(#1521,#1522,#1523,#1524));
#1521 = ORIENTED_EDGE('',*,*,#1356,.F.);
#1522 = ORIENTED_EDGE('',*,*,#926,.T.);
#1523 = ORIENTED_EDGE('',*,*,#1373,.F.);
#1524 = ORIENTED_EDGE('',*,*,#1085,.F.);
#1525 = FACE_BOUND('',#1526,.T.);
#1526 = EDGE_LOOP('',(#1527,#1537,#1546,#1554,#1563,#1571));
#1527 = ORIENTED_EDGE('',*,*,#1528,.F.);
#1528 = EDGE_CURVE('',#1529,#1531,#1533,.T.);
#1529 = VERTEX_POINT('',#1530);
#1530 = CARTESIAN_POINT('',(-52.,50.000021288544,14.598610507771));
#1531 = VERTEX_POINT('',#1532);
#1532 = CARTESIAN_POINT('',(-52.,50.000021288544,45.401389492229));
#1533 = LINE('',#1534,#1535);
#1534 = CARTESIAN_POINT('',(-52.,50.000021288544,37.700694746115));
#1535 = VECTOR('',#1536,1.);
#1536 = DIRECTION('',(-6.9E-16,0.,1.));
#1537 = ORIENTED_EDGE('',*,*,#1538,.T.);
#1538 = EDGE_CURVE('',#1529,#1539,#1541,.T.);
#1539 = VERTEX_POINT('',#1540);
#1540 = CARTESIAN_POINT('',(-51.,50.000021288544,13.598610507771));
#1541 = CIRCLE('',#1542,1.);
#1542 = AXIS2_PLACEMENT_3D('',#1543,#1544,#1545);
#1543 = CARTESIAN_POINT('',(-51.,50.000021288544,14.598610507771));
#1544 = DIRECTION('',(0.,-1.,2.2E-16));
#1545 = DIRECTION('',(1.,0.,0.));
#1546 = ORIENTED_EDGE('',*,*,#1547,.F.);
#1547 = EDGE_CURVE('',#1548,#1539,#1550,.T.);
#1548 = VERTEX_POINT('',#1549);
#1549 = CARTESIAN_POINT('',(-23.17189850907,50.000021288544,
    13.598610507771));
#1550 = LINE('',#1551,#1552);
#1551 = CARTESIAN_POINT('',(-25.5,50.000021288544,13.598610507771));
#1552 = VECTOR('',#1553,1.);
#1553 = DIRECTION('',(-1.,0.,0.));
#1554 = ORIENTED_EDGE('',*,*,#1555,.T.);
#1555 = EDGE_CURVE('',#1548,#1556,#1558,.T.);
#1556 = VERTEX_POINT('',#1557);
#1557 = CARTESIAN_POINT('',(-22.42987060225,50.000021288544,
    15.268979499819));
#1558 = CIRCLE('',#1559,1.);
#1559 = AXIS2_PLACEMENT_3D('',#1560,#1561,#1562);
#1560 = CARTESIAN_POINT('',(-23.17189850907,50.000021288544,
    14.598610507771));
#1561 = DIRECTION('',(0.,-1.,2.2E-16));
#1562 = DIRECTION('',(1.,0.,0.));
#1563 = ORIENTED_EDGE('',*,*,#1564,.F.);
#1564 = EDGE_CURVE('',#1565,#1556,#1567,.T.);
#1565 = VERTEX_POINT('',#1566);
#1566 = CARTESIAN_POINT('',(-50.25797209318,50.000021288544,
    46.071758484277));
#1567 = LINE('',#1568,#1569);
#1568 = CARTESIAN_POINT('',(-21.05378357843,50.000021288544,
    13.74579602027));
#1569 = VECTOR('',#1570,1.);
#1570 = DIRECTION('',(0.670368992048,0.,-0.74202790682));
#1571 = ORIENTED_EDGE('',*,*,#1572,.T.);
#1572 = EDGE_CURVE('',#1565,#1531,#1573,.T.);
#1573 = CIRCLE('',#1574,1.);
#1574 = AXIS2_PLACEMENT_3D('',#1575,#1576,#1577);
#1575 = CARTESIAN_POINT('',(-51.,50.000021288544,45.401389492229));
#1576 = DIRECTION('',(0.,-1.,2.2E-16));
#1577 = DIRECTION('',(1.,0.,0.));
#1578 = FACE_BOUND('',#1579,.T.);
#1579 = EDGE_LOOP('',(#1580,#1590,#1599,#1607,#1616,#1624));
#1580 = ORIENTED_EDGE('',*,*,#1581,.F.);
#1581 = EDGE_CURVE('',#1582,#1584,#1586,.T.);
#1582 = VERTEX_POINT('',#1583);
#1583 = CARTESIAN_POINT('',(-7.742027906822,50.000021288544,
    13.928241515724));
#1584 = VERTEX_POINT('',#1585);
#1585 = CARTESIAN_POINT('',(-37.01435933158,50.000021288544,
    46.329631007952));
#1586 = LINE('',#1587,#1588);
#1587 = CARTESIAN_POINT('',(-24.63588840899,50.000021288544,
    32.627966734577));
#1588 = VECTOR('',#1589,1.);
#1589 = DIRECTION('',(-0.670368992048,0.,0.74202790682));
#1590 = ORIENTED_EDGE('',*,*,#1591,.T.);
#1591 = EDGE_CURVE('',#1582,#1592,#1594,.T.);
#1592 = VERTEX_POINT('',#1593);
#1593 = CARTESIAN_POINT('',(-6.,50.000021288544,14.598610507771));
#1594 = CIRCLE('',#1595,1.);
#1595 = AXIS2_PLACEMENT_3D('',#1596,#1597,#1598);
#1596 = CARTESIAN_POINT('',(-7.,50.000021288544,14.598610507771));
#1597 = DIRECTION('',(0.,-1.,2.2E-16));
#1598 = DIRECTION('',(1.,0.,0.));
#1599 = ORIENTED_EDGE('',*,*,#1600,.F.);
#1600 = EDGE_CURVE('',#1601,#1592,#1603,.T.);
#1601 = VERTEX_POINT('',#1602);
#1602 = CARTESIAN_POINT('',(-6.,50.000021288544,47.));
#1603 = LINE('',#1604,#1605);
#1604 = CARTESIAN_POINT('',(-6.,50.000021288544,22.299305253886));
#1605 = VECTOR('',#1606,1.);
#1606 = DIRECTION('',(-3.E-17,0.,-1.));
#1607 = ORIENTED_EDGE('',*,*,#1608,.T.);
#1608 = EDGE_CURVE('',#1601,#1609,#1611,.T.);
#1609 = VERTEX_POINT('',#1610);
#1610 = CARTESIAN_POINT('',(-7.,50.000021288544,48.));
#1611 = CIRCLE('',#1612,1.);
#1612 = AXIS2_PLACEMENT_3D('',#1613,#1614,#1615);
#1613 = CARTESIAN_POINT('',(-7.,50.000021288544,47.));
#1614 = DIRECTION('',(0.,-1.,2.2E-16));
#1615 = DIRECTION('',(1.,0.,0.));
#1616 = ORIENTED_EDGE('',*,*,#1617,.F.);
#1617 = EDGE_CURVE('',#1618,#1609,#1620,.T.);
#1618 = VERTEX_POINT('',#1619);
#1619 = CARTESIAN_POINT('',(-36.27233142476,50.000021288544,48.));
#1620 = LINE('',#1621,#1622);
#1621 = CARTESIAN_POINT('',(-3.5,50.000021288544,48.));
#1622 = VECTOR('',#1623,1.);
#1623 = DIRECTION('',(1.,0.,0.));
#1624 = ORIENTED_EDGE('',*,*,#1625,.T.);
#1625 = EDGE_CURVE('',#1618,#1584,#1626,.T.);
#1626 = CIRCLE('',#1627,1.);
#1627 = AXIS2_PLACEMENT_3D('',#1628,#1629,#1630);
#1628 = CARTESIAN_POINT('',(-36.27233142476,50.000021288544,47.));
#1629 = DIRECTION('',(0.,-1.,2.2E-16));
#1630 = DIRECTION('',(1.,0.,0.));
#1631 = PLANE('',#1632);
#1632 = AXIS2_PLACEMENT_3D('',#1633,#1634,#1635);
#1633 = CARTESIAN_POINT('',(0.,50.000021288544,30.));
#1634 = DIRECTION('',(0.,1.,0.));
#1635 = DIRECTION('',(0.,0.,1.));
#1636 = ADVANCED_FACE('',(#1637),#1662,.T.);
#1637 = FACE_BOUND('',#1638,.T.);
#1638 = EDGE_LOOP('',(#1639,#1647,#1655,#1661));
#1639 = ORIENTED_EDGE('',*,*,#1640,.T.);
#1640 = EDGE_CURVE('',#949,#1641,#1643,.T.);
#1641 = VERTEX_POINT('',#1642);
#1642 = CARTESIAN_POINT('',(-53.,-21.,3.));
#1643 = LINE('',#1644,#1645);
#1644 = CARTESIAN_POINT('',(-64.,-21.,3.));
#1645 = VECTOR('',#1646,1.);
#1646 = DIRECTION('',(1.,0.,0.));
#1647 = ORIENTED_EDGE('',*,*,#1648,.T.);
#1648 = EDGE_CURVE('',#1641,#1649,#1651,.T.);
#1649 = VERTEX_POINT('',#1650);
#1650 = CARTESIAN_POINT('',(-53.,-21.,58.));
#1651 = LINE('',#1652,#1653);
#1652 = CARTESIAN_POINT('',(-53.,-21.,3.));
#1653 = VECTOR('',#1654,1.);
#1654 = DIRECTION('',(0.,0.,1.));
#1655 = ORIENTED_EDGE('',*,*,#1656,.F.);
#1656 = EDGE_CURVE('',#951,#1649,#1657,.T.);
#1657 = LINE('',#1658,#1659);
#1658 = CARTESIAN_POINT('',(-64.,-21.,58.));
#1659 = VECTOR('',#1660,1.);
#1660 = DIRECTION('',(1.,0.,0.));
#1661 = ORIENTED_EDGE('',*,*,#948,.F.);
#1662 = PLANE('',#1663);
#1663 = AXIS2_PLACEMENT_3D('',#1664,#1665,#1666);
#1664 = CARTESIAN_POINT('',(-64.,-21.,3.));
#1665 = DIRECTION('',(0.,-1.,0.));
#1666 = DIRECTION('',(0.,0.,1.));
#1667 = ADVANCED_FACE('',(#1668),#1686,.T.);
#1668 = FACE_BOUND('',#1669,.T.);
#1669 = EDGE_LOOP('',(#1670,#1671,#1679,#1685));
#1670 = ORIENTED_EDGE('',*,*,#1656,.T.);
#1671 = ORIENTED_EDGE('',*,*,#1672,.T.);
#1672 = EDGE_CURVE('',#1649,#1673,#1675,.T.);
#1673 = VERTEX_POINT('',#1674);
#1674 = CARTESIAN_POINT('',(-53.,-41.5,58.));
#1675 = LINE('',#1676,#1677);
#1676 = CARTESIAN_POINT('',(-53.,-21.,58.));
#1677 = VECTOR('',#1678,1.);
#1678 = DIRECTION('',(0.,-1.,0.));
#1679 = ORIENTED_EDGE('',*,*,#1680,.F.);
#1680 = EDGE_CURVE('',#959,#1673,#1681,.T.);
#1681 = LINE('',#1682,#1683);
#1682 = CARTESIAN_POINT('',(-64.,-41.5,58.));
#1683 = VECTOR('',#1684,1.);
#1684 = DIRECTION('',(1.,0.,0.));
#1685 = ORIENTED_EDGE('',*,*,#958,.F.);
#1686 = PLANE('',#1687);
#1687 = AXIS2_PLACEMENT_3D('',#1688,#1689,#1690);
#1688 = CARTESIAN_POINT('',(-64.,-21.,58.));
#1689 = DIRECTION('',(0.,0.,-1.));
#1690 = DIRECTION('',(0.,-1.,0.));
#1691 = ADVANCED_FACE('',(#1692,#1733,#1786),#1839,.T.);
#1692 = FACE_BOUND('',#1693,.T.);
#1693 = EDGE_LOOP('',(#1694,#1695,#1696,#1704,#1710,#1711,#1719,#1727));
#1694 = ORIENTED_EDGE('',*,*,#966,.F.);
#1695 = ORIENTED_EDGE('',*,*,#1680,.T.);
#1696 = ORIENTED_EDGE('',*,*,#1697,.T.);
#1697 = EDGE_CURVE('',#1673,#1698,#1700,.T.);
#1698 = VERTEX_POINT('',#1699);
#1699 = CARTESIAN_POINT('',(-53.,-41.49999999999,50.));
#1700 = LINE('',#1701,#1702);
#1701 = CARTESIAN_POINT('',(-53.,-41.5,58.));
#1702 = VECTOR('',#1703,1.);
#1703 = DIRECTION('',(0.,0.,-1.));
#1704 = ORIENTED_EDGE('',*,*,#1705,.F.);
#1705 = EDGE_CURVE('',#1197,#1698,#1706,.T.);
#1706 = LINE('',#1707,#1708);
#1707 = CARTESIAN_POINT('',(0.,-41.49999999999,50.));
#1708 = VECTOR('',#1709,1.);
#1709 = DIRECTION('',(-1.,-0.,-0.));
#1710 = ORIENTED_EDGE('',*,*,#1204,.T.);
#1711 = ORIENTED_EDGE('',*,*,#1712,.T.);
#1712 = EDGE_CURVE('',#1205,#1713,#1715,.T.);
#1713 = VERTEX_POINT('',#1714);
#1714 = CARTESIAN_POINT('',(-53.,-41.49999999999,9.));
#1715 = LINE('',#1716,#1717);
#1716 = CARTESIAN_POINT('',(0.,-41.49999999999,9.));
#1717 = VECTOR('',#1718,1.);
#1718 = DIRECTION('',(-1.,-0.,-0.));
#1719 = ORIENTED_EDGE('',*,*,#1720,.T.);
#1720 = EDGE_CURVE('',#1713,#1721,#1723,.T.);
#1721 = VERTEX_POINT('',#1722);
#1722 = CARTESIAN_POINT('',(-53.,-41.5,3.));
#1723 = LINE('',#1724,#1725);
#1724 = CARTESIAN_POINT('',(-53.,-41.5,58.));
#1725 = VECTOR('',#1726,1.);
#1726 = DIRECTION('',(0.,0.,-1.));
#1727 = ORIENTED_EDGE('',*,*,#1728,.F.);
#1728 = EDGE_CURVE('',#967,#1721,#1729,.T.);
#1729 = LINE('',#1730,#1731);
#1730 = CARTESIAN_POINT('',(-64.,-41.5,3.));
#1731 = VECTOR('',#1732,1.);
#1732 = DIRECTION('',(1.,0.,0.));
#1733 = FACE_BOUND('',#1734,.T.);
#1734 = EDGE_LOOP('',(#1735,#1745,#1754,#1762,#1771,#1779));
#1735 = ORIENTED_EDGE('',*,*,#1736,.T.);
#1736 = EDGE_CURVE('',#1737,#1739,#1741,.T.);
#1737 = VERTEX_POINT('',#1738);
#1738 = CARTESIAN_POINT('',(-37.01435933158,-41.49999999999,
    46.329631007952));
#1739 = VERTEX_POINT('',#1740);
#1740 = CARTESIAN_POINT('',(-7.742027906822,-41.49999999999,
    13.928241515724));
#1741 = LINE('',#1742,#1743);
#1742 = CARTESIAN_POINT('',(-29.36149715867,-41.49999999999,
    37.858718172329));
#1743 = VECTOR('',#1744,1.);
#1744 = DIRECTION('',(0.670368992048,0.,-0.74202790682));
#1745 = ORIENTED_EDGE('',*,*,#1746,.T.);
#1746 = EDGE_CURVE('',#1739,#1747,#1749,.T.);
#1747 = VERTEX_POINT('',#1748);
#1748 = CARTESIAN_POINT('',(-6.,-41.49999999999,14.598610507771));
#1749 = CIRCLE('',#1750,1.);
#1750 = AXIS2_PLACEMENT_3D('',#1751,#1752,#1753);
#1751 = CARTESIAN_POINT('',(-7.,-41.49999999999,14.598610507771));
#1752 = DIRECTION('',(0.,-1.,2.2E-16));
#1753 = DIRECTION('',(1.,0.,0.));
#1754 = ORIENTED_EDGE('',*,*,#1755,.T.);
#1755 = EDGE_CURVE('',#1747,#1756,#1758,.T.);
#1756 = VERTEX_POINT('',#1757);
#1757 = CARTESIAN_POINT('',(-6.,-41.49999999999,47.));
#1758 = LINE('',#1759,#1760);
#1759 = CARTESIAN_POINT('',(-6.,-41.49999999999,31.799305253886));
#1760 = VECTOR('',#1761,1.);
#1761 = DIRECTION('',(3.E-17,0.,1.));
#1762 = ORIENTED_EDGE('',*,*,#1763,.T.);
#1763 = EDGE_CURVE('',#1756,#1764,#1766,.T.);
#1764 = VERTEX_POINT('',#1765);
#1765 = CARTESIAN_POINT('',(-7.,-41.49999999999,48.));
#1766 = CIRCLE('',#1767,1.);
#1767 = AXIS2_PLACEMENT_3D('',#1768,#1769,#1770);
#1768 = CARTESIAN_POINT('',(-7.,-41.49999999999,47.));
#1769 = DIRECTION('',(0.,-1.,2.2E-16));
#1770 = DIRECTION('',(1.,0.,0.));
#1771 = ORIENTED_EDGE('',*,*,#1772,.T.);
#1772 = EDGE_CURVE('',#1764,#1773,#1775,.T.);
#1773 = VERTEX_POINT('',#1774);
#1774 = CARTESIAN_POINT('',(-36.27233142476,-41.49999999999,48.));
#1775 = LINE('',#1776,#1777);
#1776 = CARTESIAN_POINT('',(-3.5,-41.49999999999,48.));
#1777 = VECTOR('',#1778,1.);
#1778 = DIRECTION('',(-1.,0.,0.));
#1779 = ORIENTED_EDGE('',*,*,#1780,.T.);
#1780 = EDGE_CURVE('',#1773,#1737,#1781,.T.);
#1781 = CIRCLE('',#1782,1.);
#1782 = AXIS2_PLACEMENT_3D('',#1783,#1784,#1785);
#1783 = CARTESIAN_POINT('',(-36.27233142476,-41.49999999999,47.));
#1784 = DIRECTION('',(0.,-1.,2.2E-16));
#1785 = DIRECTION('',(1.,0.,0.));
#1786 = FACE_BOUND('',#1787,.T.);
#1787 = EDGE_LOOP('',(#1788,#1798,#1807,#1815,#1824,#1832));
#1788 = ORIENTED_EDGE('',*,*,#1789,.F.);
#1789 = EDGE_CURVE('',#1790,#1792,#1794,.T.);
#1790 = VERTEX_POINT('',#1791);
#1791 = CARTESIAN_POINT('',(-50.25797209318,-41.49999999999,
    46.071758484277));
#1792 = VERTEX_POINT('',#1793);
#1793 = CARTESIAN_POINT('',(-22.42987060225,-41.49999999999,
    15.268979499819));
#1794 = LINE('',#1795,#1796);
#1795 = CARTESIAN_POINT('',(-26.0281085781,-41.49999999999,
    19.251850165272));
#1796 = VECTOR('',#1797,1.);
#1797 = DIRECTION('',(0.670368992048,0.,-0.74202790682));
#1798 = ORIENTED_EDGE('',*,*,#1799,.T.);
#1799 = EDGE_CURVE('',#1790,#1800,#1802,.T.);
#1800 = VERTEX_POINT('',#1801);
#1801 = CARTESIAN_POINT('',(-52.,-41.49999999999,45.401389492229));
#1802 = CIRCLE('',#1803,1.);
#1803 = AXIS2_PLACEMENT_3D('',#1804,#1805,#1806);
#1804 = CARTESIAN_POINT('',(-51.,-41.49999999999,45.401389492229));
#1805 = DIRECTION('',(0.,-1.,2.2E-16));
#1806 = DIRECTION('',(1.,0.,0.));
#1807 = ORIENTED_EDGE('',*,*,#1808,.F.);
#1808 = EDGE_CURVE('',#1809,#1800,#1811,.T.);
#1809 = VERTEX_POINT('',#1810);
#1810 = CARTESIAN_POINT('',(-52.,-41.49999999999,14.598610507771));
#1811 = LINE('',#1812,#1813);
#1812 = CARTESIAN_POINT('',(-52.,-41.49999999999,47.700694746115));
#1813 = VECTOR('',#1814,1.);
#1814 = DIRECTION('',(-6.9E-16,0.,1.));
#1815 = ORIENTED_EDGE('',*,*,#1816,.T.);
#1816 = EDGE_CURVE('',#1809,#1817,#1819,.T.);
#1817 = VERTEX_POINT('',#1818);
#1818 = CARTESIAN_POINT('',(-51.,-41.49999999999,13.598610507771));
#1819 = CIRCLE('',#1820,1.);
#1820 = AXIS2_PLACEMENT_3D('',#1821,#1822,#1823);
#1821 = CARTESIAN_POINT('',(-51.,-41.49999999999,14.598610507771));
#1822 = DIRECTION('',(0.,-1.,2.2E-16));
#1823 = DIRECTION('',(1.,0.,0.));
#1824 = ORIENTED_EDGE('',*,*,#1825,.T.);
#1825 = EDGE_CURVE('',#1817,#1826,#1828,.T.);
#1826 = VERTEX_POINT('',#1827);
#1827 = CARTESIAN_POINT('',(-23.17189850907,-41.49999999999,
    13.598610507771));
#1828 = LINE('',#1829,#1830);
#1829 = CARTESIAN_POINT('',(-25.5,-41.49999999999,13.598610507771));
#1830 = VECTOR('',#1831,1.);
#1831 = DIRECTION('',(1.,0.,0.));
#1832 = ORIENTED_EDGE('',*,*,#1833,.T.);
#1833 = EDGE_CURVE('',#1826,#1792,#1834,.T.);
#1834 = CIRCLE('',#1835,1.);
#1835 = AXIS2_PLACEMENT_3D('',#1836,#1837,#1838);
#1836 = CARTESIAN_POINT('',(-23.17189850907,-41.49999999999,
    14.598610507771));
#1837 = DIRECTION('',(0.,-1.,2.2E-16));
#1838 = DIRECTION('',(1.,0.,0.));
#1839 = PLANE('',#1840);
#1840 = AXIS2_PLACEMENT_3D('',#1841,#1842,#1843);
#1841 = CARTESIAN_POINT('',(-35.11764705882,-41.49999999999,
    30.054621848739));
#1842 = DIRECTION('',(-2.747E-14,1.,9.3E-16));
#1843 = DIRECTION('',(1.,2.747E-14,0.));
#1844 = ADVANCED_FACE('',(#1845),#1856,.T.);
#1845 = FACE_BOUND('',#1846,.T.);
#1846 = EDGE_LOOP('',(#1847,#1848,#1854,#1855));
#1847 = ORIENTED_EDGE('',*,*,#1728,.T.);
#1848 = ORIENTED_EDGE('',*,*,#1849,.T.);
#1849 = EDGE_CURVE('',#1721,#1641,#1850,.T.);
#1850 = LINE('',#1851,#1852);
#1851 = CARTESIAN_POINT('',(-53.,-41.5,3.));
#1852 = VECTOR('',#1853,1.);
#1853 = DIRECTION('',(0.,1.,0.));
#1854 = ORIENTED_EDGE('',*,*,#1640,.F.);
#1855 = ORIENTED_EDGE('',*,*,#974,.F.);
#1856 = PLANE('',#1857);
#1857 = AXIS2_PLACEMENT_3D('',#1858,#1859,#1860);
#1858 = CARTESIAN_POINT('',(-64.,-41.5,3.));
#1859 = DIRECTION('',(0.,0.,1.));
#1860 = DIRECTION('',(0.,1.,0.));
#1861 = ADVANCED_FACE('',(#1862),#1887,.F.);
#1862 = FACE_BOUND('',#1863,.F.);
#1863 = EDGE_LOOP('',(#1864,#1872,#1880,#1886));
#1864 = ORIENTED_EDGE('',*,*,#1865,.T.);
#1865 = EDGE_CURVE('',#983,#1866,#1868,.T.);
#1866 = VERTEX_POINT('',#1867);
#1867 = CARTESIAN_POINT('',(-53.,21.,3.));
#1868 = LINE('',#1869,#1870);
#1869 = CARTESIAN_POINT('',(-64.,21.,3.));
#1870 = VECTOR('',#1871,1.);
#1871 = DIRECTION('',(1.,0.,0.));
#1872 = ORIENTED_EDGE('',*,*,#1873,.T.);
#1873 = EDGE_CURVE('',#1866,#1874,#1876,.T.);
#1874 = VERTEX_POINT('',#1875);
#1875 = CARTESIAN_POINT('',(-53.,21.,58.));
#1876 = LINE('',#1877,#1878);
#1877 = CARTESIAN_POINT('',(-53.,21.,3.));
#1878 = VECTOR('',#1879,1.);
#1879 = DIRECTION('',(0.,0.,1.));
#1880 = ORIENTED_EDGE('',*,*,#1881,.F.);
#1881 = EDGE_CURVE('',#985,#1874,#1882,.T.);
#1882 = LINE('',#1883,#1884);
#1883 = CARTESIAN_POINT('',(-64.,21.,58.));
#1884 = VECTOR('',#1885,1.);
#1885 = DIRECTION('',(1.,0.,0.));
#1886 = ORIENTED_EDGE('',*,*,#982,.F.);
#1887 = PLANE('',#1888);
#1888 = AXIS2_PLACEMENT_3D('',#1889,#1890,#1891);
#1889 = CARTESIAN_POINT('',(-64.,21.,3.));
#1890 = DIRECTION('',(0.,-1.,0.));
#1891 = DIRECTION('',(0.,0.,1.));
#1892 = ADVANCED_FACE('',(#1893),#1911,.F.);
#1893 = FACE_BOUND('',#1894,.F.);
#1894 = EDGE_LOOP('',(#1895,#1903,#1909,#1910));
#1895 = ORIENTED_EDGE('',*,*,#1896,.T.);
#1896 = EDGE_CURVE('',#993,#1897,#1899,.T.);
#1897 = VERTEX_POINT('',#1898);
#1898 = CARTESIAN_POINT('',(-53.,41.5,3.));
#1899 = LINE('',#1900,#1901);
#1900 = CARTESIAN_POINT('',(-64.,41.5,3.));
#1901 = VECTOR('',#1902,1.);
#1902 = DIRECTION('',(1.,0.,0.));
#1903 = ORIENTED_EDGE('',*,*,#1904,.T.);
#1904 = EDGE_CURVE('',#1897,#1866,#1905,.T.);
#1905 = LINE('',#1906,#1907);
#1906 = CARTESIAN_POINT('',(-53.,41.5,3.));
#1907 = VECTOR('',#1908,1.);
#1908 = DIRECTION('',(0.,-1.,0.));
#1909 = ORIENTED_EDGE('',*,*,#1865,.F.);
#1910 = ORIENTED_EDGE('',*,*,#992,.F.);
#1911 = PLANE('',#1912);
#1912 = AXIS2_PLACEMENT_3D('',#1913,#1914,#1915);
#1913 = CARTESIAN_POINT('',(-64.,41.5,3.));
#1914 = DIRECTION('',(0.,0.,-1.));
#1915 = DIRECTION('',(0.,-1.,0.));
#1916 = ADVANCED_FACE('',(#1917,#1958,#2011),#2064,.T.);
#1917 = FACE_BOUND('',#1918,.T.);
#1918 = EDGE_LOOP('',(#1919,#1920,#1928,#1936,#1942,#1943,#1944,#1952));
#1919 = ORIENTED_EDGE('',*,*,#1254,.T.);
#1920 = ORIENTED_EDGE('',*,*,#1921,.T.);
#1921 = EDGE_CURVE('',#1255,#1922,#1924,.T.);
#1922 = VERTEX_POINT('',#1923);
#1923 = CARTESIAN_POINT('',(-53.,41.499999999999,50.));
#1924 = LINE('',#1925,#1926);
#1925 = CARTESIAN_POINT('',(0.,41.499999999999,50.));
#1926 = VECTOR('',#1927,1.);
#1927 = DIRECTION('',(-1.,-0.,-0.));
#1928 = ORIENTED_EDGE('',*,*,#1929,.F.);
#1929 = EDGE_CURVE('',#1930,#1922,#1932,.T.);
#1930 = VERTEX_POINT('',#1931);
#1931 = CARTESIAN_POINT('',(-53.,41.5,58.));
#1932 = LINE('',#1933,#1934);
#1933 = CARTESIAN_POINT('',(-53.,41.5,58.));
#1934 = VECTOR('',#1935,1.);
#1935 = DIRECTION('',(0.,0.,-1.));
#1936 = ORIENTED_EDGE('',*,*,#1937,.F.);
#1937 = EDGE_CURVE('',#1001,#1930,#1938,.T.);
#1938 = LINE('',#1939,#1940);
#1939 = CARTESIAN_POINT('',(-64.,41.5,58.));
#1940 = VECTOR('',#1941,1.);
#1941 = DIRECTION('',(1.,0.,0.));
#1942 = ORIENTED_EDGE('',*,*,#1000,.T.);
#1943 = ORIENTED_EDGE('',*,*,#1896,.T.);
#1944 = ORIENTED_EDGE('',*,*,#1945,.F.);
#1945 = EDGE_CURVE('',#1946,#1897,#1948,.T.);
#1946 = VERTEX_POINT('',#1947);
#1947 = CARTESIAN_POINT('',(-53.,41.499999999999,9.));
#1948 = LINE('',#1949,#1950);
#1949 = CARTESIAN_POINT('',(-53.,41.5,58.));
#1950 = VECTOR('',#1951,1.);
#1951 = DIRECTION('',(0.,0.,-1.));
#1952 = ORIENTED_EDGE('',*,*,#1953,.F.);
#1953 = EDGE_CURVE('',#1247,#1946,#1954,.T.);
#1954 = LINE('',#1955,#1956);
#1955 = CARTESIAN_POINT('',(0.,41.499999999999,9.));
#1956 = VECTOR('',#1957,1.);
#1957 = DIRECTION('',(-1.,-0.,-0.));
#1958 = FACE_BOUND('',#1959,.T.);
#1959 = EDGE_LOOP('',(#1960,#1970,#1979,#1987,#1996,#2004));
#1960 = ORIENTED_EDGE('',*,*,#1961,.T.);
#1961 = EDGE_CURVE('',#1962,#1964,#1966,.T.);
#1962 = VERTEX_POINT('',#1963);
#1963 = CARTESIAN_POINT('',(-7.742027906822,41.499999999999,
    13.928241515724));
#1964 = VERTEX_POINT('',#1965);
#1965 = CARTESIAN_POINT('',(-37.01435933158,41.499999999999,
    46.329631007952));
#1966 = LINE('',#1967,#1968);
#1967 = CARTESIAN_POINT('',(-19.9102796593,41.499999999999,
    27.397215296825));
#1968 = VECTOR('',#1969,1.);
#1969 = DIRECTION('',(-0.670368992048,0.,0.74202790682));
#1970 = ORIENTED_EDGE('',*,*,#1971,.F.);
#1971 = EDGE_CURVE('',#1972,#1964,#1974,.T.);
#1972 = VERTEX_POINT('',#1973);
#1973 = CARTESIAN_POINT('',(-36.27233142476,41.499999999999,48.));
#1974 = CIRCLE('',#1975,1.);
#1975 = AXIS2_PLACEMENT_3D('',#1976,#1977,#1978);
#1976 = CARTESIAN_POINT('',(-36.27233142476,41.499999999999,47.));
#1977 = DIRECTION('',(0.,-1.,2.2E-16));
#1978 = DIRECTION('',(1.,0.,0.));
#1979 = ORIENTED_EDGE('',*,*,#1980,.T.);
#1980 = EDGE_CURVE('',#1972,#1981,#1983,.T.);
#1981 = VERTEX_POINT('',#1982);
#1982 = CARTESIAN_POINT('',(-7.,41.499999999999,48.));
#1983 = LINE('',#1984,#1985);
#1984 = CARTESIAN_POINT('',(-3.5,41.499999999999,48.));
#1985 = VECTOR('',#1986,1.);
#1986 = DIRECTION('',(1.,0.,0.));
#1987 = ORIENTED_EDGE('',*,*,#1988,.F.);
#1988 = EDGE_CURVE('',#1989,#1981,#1991,.T.);
#1989 = VERTEX_POINT('',#1990);
#1990 = CARTESIAN_POINT('',(-6.,41.499999999999,47.));
#1991 = CIRCLE('',#1992,1.);
#1992 = AXIS2_PLACEMENT_3D('',#1993,#1994,#1995);
#1993 = CARTESIAN_POINT('',(-7.,41.499999999999,47.));
#1994 = DIRECTION('',(0.,-1.,2.2E-16));
#1995 = DIRECTION('',(1.,0.,0.));
#1996 = ORIENTED_EDGE('',*,*,#1997,.T.);
#1997 = EDGE_CURVE('',#1989,#1998,#2000,.T.);
#1998 = VERTEX_POINT('',#1999);
#1999 = CARTESIAN_POINT('',(-6.,41.499999999999,14.598610507771));
#2000 = LINE('',#2001,#2002);
#2001 = CARTESIAN_POINT('',(-6.,41.499999999999,12.799305253886));
#2002 = VECTOR('',#2003,1.);
#2003 = DIRECTION('',(-3.E-17,0.,-1.));
#2004 = ORIENTED_EDGE('',*,*,#2005,.F.);
#2005 = EDGE_CURVE('',#1962,#1998,#2006,.T.);
#2006 = CIRCLE('',#2007,1.);
#2007 = AXIS2_PLACEMENT_3D('',#2008,#2009,#2010);
#2008 = CARTESIAN_POINT('',(-7.,41.499999999999,14.598610507771));
#2009 = DIRECTION('',(0.,-1.,2.2E-16));
#2010 = DIRECTION('',(1.,0.,0.));
#2011 = FACE_BOUND('',#2012,.T.);
#2012 = EDGE_LOOP('',(#2013,#2023,#2032,#2040,#2049,#2057));
#2013 = ORIENTED_EDGE('',*,*,#2014,.F.);
#2014 = EDGE_CURVE('',#2015,#2017,#2019,.T.);
#2015 = VERTEX_POINT('',#2016);
#2016 = CARTESIAN_POINT('',(-51.,41.499999999999,13.598610507771));
#2017 = VERTEX_POINT('',#2018);
#2018 = CARTESIAN_POINT('',(-23.17189850907,41.499999999999,
    13.598610507771));
#2019 = LINE('',#2020,#2021);
#2020 = CARTESIAN_POINT('',(-25.5,41.499999999999,13.598610507771));
#2021 = VECTOR('',#2022,1.);
#2022 = DIRECTION('',(1.,0.,0.));
#2023 = ORIENTED_EDGE('',*,*,#2024,.F.);
#2024 = EDGE_CURVE('',#2025,#2015,#2027,.T.);
#2025 = VERTEX_POINT('',#2026);
#2026 = CARTESIAN_POINT('',(-52.,41.499999999999,14.598610507771));
#2027 = CIRCLE('',#2028,1.);
#2028 = AXIS2_PLACEMENT_3D('',#2029,#2030,#2031);
#2029 = CARTESIAN_POINT('',(-51.,41.499999999999,14.598610507771));
#2030 = DIRECTION('',(0.,-1.,2.2E-16));
#2031 = DIRECTION('',(1.,0.,0.));
#2032 = ORIENTED_EDGE('',*,*,#2033,.F.);
#2033 = EDGE_CURVE('',#2034,#2025,#2036,.T.);
#2034 = VERTEX_POINT('',#2035);
#2035 = CARTESIAN_POINT('',(-52.,41.499999999999,45.401389492229));
#2036 = LINE('',#2037,#2038);
#2037 = CARTESIAN_POINT('',(-52.,41.499999999999,27.200694746115));
#2038 = VECTOR('',#2039,1.);
#2039 = DIRECTION('',(6.9E-16,0.,-1.));
#2040 = ORIENTED_EDGE('',*,*,#2041,.F.);
#2041 = EDGE_CURVE('',#2042,#2034,#2044,.T.);
#2042 = VERTEX_POINT('',#2043);
#2043 = CARTESIAN_POINT('',(-50.25797209318,41.499999999999,
    46.071758484277));
#2044 = CIRCLE('',#2045,1.);
#2045 = AXIS2_PLACEMENT_3D('',#2046,#2047,#2048);
#2046 = CARTESIAN_POINT('',(-51.,41.499999999999,45.401389492229));
#2047 = DIRECTION('',(0.,-1.,2.2E-16));
#2048 = DIRECTION('',(1.,0.,0.));
#2049 = ORIENTED_EDGE('',*,*,#2050,.T.);
#2050 = EDGE_CURVE('',#2042,#2051,#2053,.T.);
#2051 = VERTEX_POINT('',#2052);
#2052 = CARTESIAN_POINT('',(-22.42987060225,41.499999999999,
    15.268979499819));
#2053 = LINE('',#2054,#2055);
#2054 = CARTESIAN_POINT('',(-16.32817482874,41.499999999999,
    8.515044582518));
#2055 = VECTOR('',#2056,1.);
#2056 = DIRECTION('',(0.670368992048,0.,-0.74202790682));
#2057 = ORIENTED_EDGE('',*,*,#2058,.F.);
#2058 = EDGE_CURVE('',#2017,#2051,#2059,.T.);
#2059 = CIRCLE('',#2060,1.);
#2060 = AXIS2_PLACEMENT_3D('',#2061,#2062,#2063);
#2061 = CARTESIAN_POINT('',(-23.17189850907,41.499999999999,
    14.598610507771));
#2062 = DIRECTION('',(0.,-1.,2.2E-16));
#2063 = DIRECTION('',(1.,0.,0.));
#2064 = PLANE('',#2065);
#2065 = AXIS2_PLACEMENT_3D('',#2066,#2067,#2068);
#2066 = CARTESIAN_POINT('',(-35.11764705882,41.499999999999,
    30.054621848739));
#2067 = DIRECTION('',(-1.245E-14,-1.,4.2E-16));
#2068 = DIRECTION('',(-1.,1.245E-14,0.));
#2069 = ADVANCED_FACE('',(#2070),#2081,.F.);
#2070 = FACE_BOUND('',#2071,.F.);
#2071 = EDGE_LOOP('',(#2072,#2073,#2079,#2080));
#2072 = ORIENTED_EDGE('',*,*,#1881,.T.);
#2073 = ORIENTED_EDGE('',*,*,#2074,.T.);
#2074 = EDGE_CURVE('',#1874,#1930,#2075,.T.);
#2075 = LINE('',#2076,#2077);
#2076 = CARTESIAN_POINT('',(-53.,21.,58.));
#2077 = VECTOR('',#2078,1.);
#2078 = DIRECTION('',(0.,1.,0.));
#2079 = ORIENTED_EDGE('',*,*,#1937,.F.);
#2080 = ORIENTED_EDGE('',*,*,#1008,.F.);
#2081 = PLANE('',#2082);
#2082 = AXIS2_PLACEMENT_3D('',#2083,#2084,#2085);
#2083 = CARTESIAN_POINT('',(-64.,21.,58.));
#2084 = DIRECTION('',(0.,0.,1.));
#2085 = DIRECTION('',(0.,1.,0.));
#2086 = ADVANCED_FACE('',(#2087),#2112,.T.);
#2087 = FACE_BOUND('',#2088,.T.);
#2088 = EDGE_LOOP('',(#2089,#2097,#2105,#2111));
#2089 = ORIENTED_EDGE('',*,*,#2090,.T.);
#2090 = EDGE_CURVE('',#1110,#2091,#2093,.T.);
#2091 = VERTEX_POINT('',#2092);
#2092 = CARTESIAN_POINT('',(20.,12.,53.5));
#2093 = LINE('',#2094,#2095);
#2094 = CARTESIAN_POINT('',(0.,12.,53.5));
#2095 = VECTOR('',#2096,1.);
#2096 = DIRECTION('',(1.,0.,0.));
#2097 = ORIENTED_EDGE('',*,*,#2098,.T.);
#2098 = EDGE_CURVE('',#2091,#2099,#2101,.T.);
#2099 = VERTEX_POINT('',#2100);
#2100 = CARTESIAN_POINT('',(20.,12.,57.5));
#2101 = LINE('',#2102,#2103);
#2102 = CARTESIAN_POINT('',(20.,12.,53.5));
#2103 = VECTOR('',#2104,1.);
#2104 = DIRECTION('',(0.,0.,1.));
#2105 = ORIENTED_EDGE('',*,*,#2106,.F.);
#2106 = EDGE_CURVE('',#1112,#2099,#2107,.T.);
#2107 = LINE('',#2108,#2109);
#2108 = CARTESIAN_POINT('',(0.,12.,57.5));
#2109 = VECTOR('',#2110,1.);
#2110 = DIRECTION('',(1.,0.,0.));
#2111 = ORIENTED_EDGE('',*,*,#1109,.F.);
#2112 = PLANE('',#2113);
#2113 = AXIS2_PLACEMENT_3D('',#2114,#2115,#2116);
#2114 = CARTESIAN_POINT('',(0.,12.,53.5));
#2115 = DIRECTION('',(0.,-1.,0.));
#2116 = DIRECTION('',(0.,0.,1.));
#2117 = ADVANCED_FACE('',(#2118,#2136,#2147),#2158,.T.);
#2118 = FACE_BOUND('',#2119,.T.);
#2119 = EDGE_LOOP('',(#2120,#2121,#2129,#2135));
#2120 = ORIENTED_EDGE('',*,*,#2106,.T.);
#2121 = ORIENTED_EDGE('',*,*,#2122,.T.);
#2122 = EDGE_CURVE('',#2099,#2123,#2125,.T.);
#2123 = VERTEX_POINT('',#2124);
#2124 = CARTESIAN_POINT('',(20.,32.,57.5));
#2125 = LINE('',#2126,#2127);
#2126 = CARTESIAN_POINT('',(20.,12.,57.5));
#2127 = VECTOR('',#2128,1.);
#2128 = DIRECTION('',(0.,1.,0.));
#2129 = ORIENTED_EDGE('',*,*,#2130,.F.);
#2130 = EDGE_CURVE('',#1128,#2123,#2131,.T.);
#2131 = LINE('',#2132,#2133);
#2132 = CARTESIAN_POINT('',(0.,32.,57.5));
#2133 = VECTOR('',#2134,1.);
#2134 = DIRECTION('',(1.,0.,0.));
#2135 = ORIENTED_EDGE('',*,*,#1135,.F.);
#2136 = FACE_BOUND('',#2137,.T.);
#2137 = EDGE_LOOP('',(#2138));
#2138 = ORIENTED_EDGE('',*,*,#2139,.F.);
#2139 = EDGE_CURVE('',#2140,#2140,#2142,.T.);
#2140 = VERTEX_POINT('',#2141);
#2141 = CARTESIAN_POINT('',(11.35,22.0000000001,57.5));
#2142 = CIRCLE('',#2143,1.65);
#2143 = AXIS2_PLACEMENT_3D('',#2144,#2145,#2146);
#2144 = CARTESIAN_POINT('',(13.,22.0000000001,57.5));
#2145 = DIRECTION('',(0.,0.,1.));
#2146 = DIRECTION('',(-1.,0.,0.));
#2147 = FACE_BOUND('',#2148,.T.);
#2148 = EDGE_LOOP('',(#2149));
#2149 = ORIENTED_EDGE('',*,*,#2150,.F.);
#2150 = EDGE_CURVE('',#2151,#2151,#2153,.T.);
#2151 = VERTEX_POINT('',#2152);
#2152 = CARTESIAN_POINT('',(3.35,22.0000000001,57.5));
#2153 = CIRCLE('',#2154,1.65);
#2154 = AXIS2_PLACEMENT_3D('',#2155,#2156,#2157);
#2155 = CARTESIAN_POINT('',(5.,22.0000000001,57.5));
#2156 = DIRECTION('',(0.,0.,1.));
#2157 = DIRECTION('',(-1.,0.,0.));
#2158 = PLANE('',#2159);
#2159 = AXIS2_PLACEMENT_3D('',#2160,#2161,#2162);
#2160 = CARTESIAN_POINT('',(0.,12.,57.5));
#2161 = DIRECTION('',(0.,0.,1.));
#2162 = DIRECTION('',(0.,1.,0.));
#2163 = ADVANCED_FACE('',(#2164),#2182,.T.);
#2164 = FACE_BOUND('',#2165,.T.);
#2165 = EDGE_LOOP('',(#2166,#2167,#2175,#2181));
#2166 = ORIENTED_EDGE('',*,*,#2130,.T.);
#2167 = ORIENTED_EDGE('',*,*,#2168,.T.);
#2168 = EDGE_CURVE('',#2123,#2169,#2171,.T.);
#2169 = VERTEX_POINT('',#2170);
#2170 = CARTESIAN_POINT('',(20.,32.,53.5));
#2171 = LINE('',#2172,#2173);
#2172 = CARTESIAN_POINT('',(20.,32.,57.5));
#2173 = VECTOR('',#2174,1.);
#2174 = DIRECTION('',(0.,0.,-1.));
#2175 = ORIENTED_EDGE('',*,*,#2176,.F.);
#2176 = EDGE_CURVE('',#1120,#2169,#2177,.T.);
#2177 = LINE('',#2178,#2179);
#2178 = CARTESIAN_POINT('',(0.,32.,53.5));
#2179 = VECTOR('',#2180,1.);
#2180 = DIRECTION('',(1.,0.,0.));
#2181 = ORIENTED_EDGE('',*,*,#1127,.F.);
#2182 = PLANE('',#2183);
#2183 = AXIS2_PLACEMENT_3D('',#2184,#2185,#2186);
#2184 = CARTESIAN_POINT('',(0.,32.,57.5));
#2185 = DIRECTION('',(0.,1.,0.));
#2186 = DIRECTION('',(0.,0.,-1.));
#2187 = ADVANCED_FACE('',(#2188,#2199,#2210),#2221,.T.);
#2188 = FACE_BOUND('',#2189,.T.);
#2189 = EDGE_LOOP('',(#2190,#2191,#2197,#2198));
#2190 = ORIENTED_EDGE('',*,*,#2176,.T.);
#2191 = ORIENTED_EDGE('',*,*,#2192,.T.);
#2192 = EDGE_CURVE('',#2169,#2091,#2193,.T.);
#2193 = LINE('',#2194,#2195);
#2194 = CARTESIAN_POINT('',(20.,32.,53.5));
#2195 = VECTOR('',#2196,1.);
#2196 = DIRECTION('',(0.,-1.,0.));
#2197 = ORIENTED_EDGE('',*,*,#2090,.F.);
#2198 = ORIENTED_EDGE('',*,*,#1119,.F.);
#2199 = FACE_BOUND('',#2200,.T.);
#2200 = EDGE_LOOP('',(#2201));
#2201 = ORIENTED_EDGE('',*,*,#2202,.T.);
#2202 = EDGE_CURVE('',#2203,#2203,#2205,.T.);
#2203 = VERTEX_POINT('',#2204);
#2204 = CARTESIAN_POINT('',(11.35,22.0000000001,53.5));
#2205 = CIRCLE('',#2206,1.65);
#2206 = AXIS2_PLACEMENT_3D('',#2207,#2208,#2209);
#2207 = CARTESIAN_POINT('',(13.,22.0000000001,53.5));
#2208 = DIRECTION('',(0.,0.,1.));
#2209 = DIRECTION('',(-1.,0.,0.));
#2210 = FACE_BOUND('',#2211,.T.);
#2211 = EDGE_LOOP('',(#2212));
#2212 = ORIENTED_EDGE('',*,*,#2213,.T.);
#2213 = EDGE_CURVE('',#2214,#2214,#2216,.T.);
#2214 = VERTEX_POINT('',#2215);
#2215 = CARTESIAN_POINT('',(3.35,22.0000000001,53.5));
#2216 = CIRCLE('',#2217,1.65);
#2217 = AXIS2_PLACEMENT_3D('',#2218,#2219,#2220);
#2218 = CARTESIAN_POINT('',(5.,22.0000000001,53.5));
#2219 = DIRECTION('',(0.,0.,1.));
#2220 = DIRECTION('',(-1.,0.,0.));
#2221 = PLANE('',#2222);
#2222 = AXIS2_PLACEMENT_3D('',#2223,#2224,#2225);
#2223 = CARTESIAN_POINT('',(0.,32.,53.5));
#2224 = DIRECTION('',(0.,0.,-1.));
#2225 = DIRECTION('',(0.,-1.,0.));
#2226 = ADVANCED_FACE('',(#2227,#2252,#2263),#2274,.F.);
#2227 = FACE_BOUND('',#2228,.F.);
#2228 = EDGE_LOOP('',(#2229,#2237,#2245,#2251));
#2229 = ORIENTED_EDGE('',*,*,#2230,.T.);
#2230 = EDGE_CURVE('',#1144,#2231,#2233,.T.);
#2231 = VERTEX_POINT('',#2232);
#2232 = CARTESIAN_POINT('',(20.,32.000000000014,6.5));
#2233 = LINE('',#2234,#2235);
#2234 = CARTESIAN_POINT('',(0.,32.000000000014,6.5));
#2235 = VECTOR('',#2236,1.);
#2236 = DIRECTION('',(1.,0.,0.));
#2237 = ORIENTED_EDGE('',*,*,#2238,.T.);
#2238 = EDGE_CURVE('',#2231,#2239,#2241,.T.);
#2239 = VERTEX_POINT('',#2240);
#2240 = CARTESIAN_POINT('',(20.,12.,6.5));
#2241 = LINE('',#2242,#2243);
#2242 = CARTESIAN_POINT('',(20.,32.000000000014,6.5));
#2243 = VECTOR('',#2244,1.);
#2244 = DIRECTION('',(0.,-1.,0.));
#2245 = ORIENTED_EDGE('',*,*,#2246,.F.);
#2246 = EDGE_CURVE('',#1146,#2239,#2247,.T.);
#2247 = LINE('',#2248,#2249);
#2248 = CARTESIAN_POINT('',(0.,12.,6.5));
#2249 = VECTOR('',#2250,1.);
#2250 = DIRECTION('',(1.,0.,0.));
#2251 = ORIENTED_EDGE('',*,*,#1143,.F.);
#2252 = FACE_BOUND('',#2253,.F.);
#2253 = EDGE_LOOP('',(#2254));
#2254 = ORIENTED_EDGE('',*,*,#2255,.T.);
#2255 = EDGE_CURVE('',#2256,#2256,#2258,.T.);
#2256 = VERTEX_POINT('',#2257);
#2257 = CARTESIAN_POINT('',(11.35,22.0000000001,6.5));
#2258 = CIRCLE('',#2259,1.65);
#2259 = AXIS2_PLACEMENT_3D('',#2260,#2261,#2262);
#2260 = CARTESIAN_POINT('',(13.,22.0000000001,6.5));
#2261 = DIRECTION('',(0.,0.,1.));
#2262 = DIRECTION('',(-1.,0.,0.));
#2263 = FACE_BOUND('',#2264,.F.);
#2264 = EDGE_LOOP('',(#2265));
#2265 = ORIENTED_EDGE('',*,*,#2266,.T.);
#2266 = EDGE_CURVE('',#2267,#2267,#2269,.T.);
#2267 = VERTEX_POINT('',#2268);
#2268 = CARTESIAN_POINT('',(3.35,22.0000000001,6.5));
#2269 = CIRCLE('',#2270,1.65);
#2270 = AXIS2_PLACEMENT_3D('',#2271,#2272,#2273);
#2271 = CARTESIAN_POINT('',(5.,22.0000000001,6.5));
#2272 = DIRECTION('',(0.,0.,1.));
#2273 = DIRECTION('',(-1.,0.,0.));
#2274 = PLANE('',#2275);
#2275 = AXIS2_PLACEMENT_3D('',#2276,#2277,#2278);
#2276 = CARTESIAN_POINT('',(0.,32.000000000014,6.5));
#2277 = DIRECTION('',(0.,0.,-1.));
#2278 = DIRECTION('',(0.,-1.,0.));
#2279 = ADVANCED_FACE('',(#2280),#2298,.F.);
#2280 = FACE_BOUND('',#2281,.F.);
#2281 = EDGE_LOOP('',(#2282,#2290,#2296,#2297));
#2282 = ORIENTED_EDGE('',*,*,#2283,.T.);
#2283 = EDGE_CURVE('',#1162,#2284,#2286,.T.);
#2284 = VERTEX_POINT('',#2285);
#2285 = CARTESIAN_POINT('',(20.,32.000000000014,2.5));
#2286 = LINE('',#2287,#2288);
#2287 = CARTESIAN_POINT('',(0.,32.000000000014,2.5));
#2288 = VECTOR('',#2289,1.);
#2289 = DIRECTION('',(1.,0.,0.));
#2290 = ORIENTED_EDGE('',*,*,#2291,.T.);
#2291 = EDGE_CURVE('',#2284,#2231,#2292,.T.);
#2292 = LINE('',#2293,#2294);
#2293 = CARTESIAN_POINT('',(20.,32.000000000014,2.5));
#2294 = VECTOR('',#2295,1.);
#2295 = DIRECTION('',(0.,0.,1.));
#2296 = ORIENTED_EDGE('',*,*,#2230,.F.);
#2297 = ORIENTED_EDGE('',*,*,#1169,.F.);
#2298 = PLANE('',#2299);
#2299 = AXIS2_PLACEMENT_3D('',#2300,#2301,#2302);
#2300 = CARTESIAN_POINT('',(0.,32.000000000014,2.5));
#2301 = DIRECTION('',(0.,-1.,0.));
#2302 = DIRECTION('',(0.,0.,1.));
#2303 = ADVANCED_FACE('',(#2304,#2322,#2333),#2344,.F.);
#2304 = FACE_BOUND('',#2305,.F.);
#2305 = EDGE_LOOP('',(#2306,#2314,#2320,#2321));
#2306 = ORIENTED_EDGE('',*,*,#2307,.T.);
#2307 = EDGE_CURVE('',#1154,#2308,#2310,.T.);
#2308 = VERTEX_POINT('',#2309);
#2309 = CARTESIAN_POINT('',(20.,12.,2.5));
#2310 = LINE('',#2311,#2312);
#2311 = CARTESIAN_POINT('',(0.,12.,2.5));
#2312 = VECTOR('',#2313,1.);
#2313 = DIRECTION('',(1.,0.,0.));
#2314 = ORIENTED_EDGE('',*,*,#2315,.T.);
#2315 = EDGE_CURVE('',#2308,#2284,#2316,.T.);
#2316 = LINE('',#2317,#2318);
#2317 = CARTESIAN_POINT('',(20.,12.,2.5));
#2318 = VECTOR('',#2319,1.);
#2319 = DIRECTION('',(0.,1.,0.));
#2320 = ORIENTED_EDGE('',*,*,#2283,.F.);
#2321 = ORIENTED_EDGE('',*,*,#1161,.F.);
#2322 = FACE_BOUND('',#2323,.F.);
#2323 = EDGE_LOOP('',(#2324));
#2324 = ORIENTED_EDGE('',*,*,#2325,.F.);
#2325 = EDGE_CURVE('',#2326,#2326,#2328,.T.);
#2326 = VERTEX_POINT('',#2327);
#2327 = CARTESIAN_POINT('',(11.35,22.0000000001,2.5));
#2328 = CIRCLE('',#2329,1.65);
#2329 = AXIS2_PLACEMENT_3D('',#2330,#2331,#2332);
#2330 = CARTESIAN_POINT('',(13.,22.0000000001,2.5));
#2331 = DIRECTION('',(0.,0.,1.));
#2332 = DIRECTION('',(-1.,0.,0.));
#2333 = FACE_BOUND('',#2334,.F.);
#2334 = EDGE_LOOP('',(#2335));
#2335 = ORIENTED_EDGE('',*,*,#2336,.F.);
#2336 = EDGE_CURVE('',#2337,#2337,#2339,.T.);
#2337 = VERTEX_POINT('',#2338);
#2338 = CARTESIAN_POINT('',(3.35,22.0000000001,2.5));
#2339 = CIRCLE('',#2340,1.65);
#2340 = AXIS2_PLACEMENT_3D('',#2341,#2342,#2343);
#2341 = CARTESIAN_POINT('',(5.,22.0000000001,2.5));
#2342 = DIRECTION('',(0.,0.,1.));
#2343 = DIRECTION('',(-1.,0.,0.));
#2344 = PLANE('',#2345);
#2345 = AXIS2_PLACEMENT_3D('',#2346,#2347,#2348);
#2346 = CARTESIAN_POINT('',(0.,12.,2.5));
#2347 = DIRECTION('',(0.,0.,1.));
#2348 = DIRECTION('',(0.,1.,0.));
#2349 = ADVANCED_FACE('',(#2350),#2361,.F.);
#2350 = FACE_BOUND('',#2351,.F.);
#2351 = EDGE_LOOP('',(#2352,#2353,#2359,#2360));
#2352 = ORIENTED_EDGE('',*,*,#2246,.T.);
#2353 = ORIENTED_EDGE('',*,*,#2354,.T.);
#2354 = EDGE_CURVE('',#2239,#2308,#2355,.T.);
#2355 = LINE('',#2356,#2357);
#2356 = CARTESIAN_POINT('',(20.,12.,6.5));
#2357 = VECTOR('',#2358,1.);
#2358 = DIRECTION('',(0.,0.,-1.));
#2359 = ORIENTED_EDGE('',*,*,#2307,.F.);
#2360 = ORIENTED_EDGE('',*,*,#1153,.F.);
#2361 = PLANE('',#2362);
#2362 = AXIS2_PLACEMENT_3D('',#2363,#2364,#2365);
#2363 = CARTESIAN_POINT('',(0.,12.,6.5));
#2364 = DIRECTION('',(0.,1.,0.));
#2365 = DIRECTION('',(0.,0.,-1.));
#2366 = ADVANCED_FACE('',(#2367),#2424,.F.);
#2367 = FACE_BOUND('',#2368,.F.);
#2368 = EDGE_LOOP('',(#2369,#2370,#2378,#2386,#2394,#2402,#2410,#2418));
#2369 = ORIENTED_EDGE('',*,*,#1177,.F.);
#2370 = ORIENTED_EDGE('',*,*,#2371,.T.);
#2371 = EDGE_CURVE('',#1178,#2372,#2374,.T.);
#2372 = VERTEX_POINT('',#2373);
#2373 = CARTESIAN_POINT('',(-44.,38.999999999999,51.499999999999));
#2374 = LINE('',#2375,#2376);
#2375 = CARTESIAN_POINT('',(0.,38.999999999999,51.499999999999));
#2376 = VECTOR('',#2377,1.);
#2377 = DIRECTION('',(-1.,-0.,-0.));
#2378 = ORIENTED_EDGE('',*,*,#2379,.T.);
#2379 = EDGE_CURVE('',#2372,#2380,#2382,.T.);
#2380 = VERTEX_POINT('',#2381);
#2381 = CARTESIAN_POINT('',(-44.,21.499999999992,51.499999999999));
#2382 = LINE('',#2383,#2384);
#2383 = CARTESIAN_POINT('',(-44.,38.999999999999,51.499999999999));
#2384 = VECTOR('',#2385,1.);
#2385 = DIRECTION('',(0.,-1.,0.));
#2386 = ORIENTED_EDGE('',*,*,#2387,.T.);
#2387 = EDGE_CURVE('',#2380,#2388,#2390,.T.);
#2388 = VERTEX_POINT('',#2389);
#2389 = CARTESIAN_POINT('',(-40.,21.499999999992,51.499999999999));
#2390 = LINE('',#2391,#2392);
#2391 = CARTESIAN_POINT('',(-26.,21.499999999992,51.499999999999));
#2392 = VECTOR('',#2393,1.);
#2393 = DIRECTION('',(1.,0.,0.));
#2394 = ORIENTED_EDGE('',*,*,#2395,.F.);
#2395 = EDGE_CURVE('',#2396,#2388,#2398,.T.);
#2396 = VERTEX_POINT('',#2397);
#2397 = CARTESIAN_POINT('',(-40.,-21.49999999999,51.499999999999));
#2398 = LINE('',#2399,#2400);
#2399 = CARTESIAN_POINT('',(-40.,19.499999999998,51.499999999999));
#2400 = VECTOR('',#2401,1.);
#2401 = DIRECTION('',(0.,1.,0.));
#2402 = ORIENTED_EDGE('',*,*,#2403,.T.);
#2403 = EDGE_CURVE('',#2396,#2404,#2406,.T.);
#2404 = VERTEX_POINT('',#2405);
#2405 = CARTESIAN_POINT('',(-44.,-21.49999999999,51.499999999999));
#2406 = LINE('',#2407,#2408);
#2407 = CARTESIAN_POINT('',(-26.,-21.49999999999,51.499999999999));
#2408 = VECTOR('',#2409,1.);
#2409 = DIRECTION('',(-1.,0.,0.));
#2410 = ORIENTED_EDGE('',*,*,#2411,.T.);
#2411 = EDGE_CURVE('',#2404,#2412,#2414,.T.);
#2412 = VERTEX_POINT('',#2413);
#2413 = CARTESIAN_POINT('',(-44.,-38.99999999999,51.499999999999));
#2414 = LINE('',#2415,#2416);
#2415 = CARTESIAN_POINT('',(-44.,38.999999999999,51.499999999999));
#2416 = VECTOR('',#2417,1.);
#2417 = DIRECTION('',(0.,-1.,0.));
#2418 = ORIENTED_EDGE('',*,*,#2419,.F.);
#2419 = EDGE_CURVE('',#1180,#2412,#2420,.T.);
#2420 = LINE('',#2421,#2422);
#2421 = CARTESIAN_POINT('',(0.,-38.99999999999,51.499999999999));
#2422 = VECTOR('',#2423,1.);
#2423 = DIRECTION('',(-1.,-0.,-0.));
#2424 = PLANE('',#2425);
#2425 = AXIS2_PLACEMENT_3D('',#2426,#2427,#2428);
#2426 = CARTESIAN_POINT('',(0.,38.999999999999,51.499999999999));
#2427 = DIRECTION('',(0.,0.,1.));
#2428 = DIRECTION('',(0.,-1.,0.));
#2429 = ADVANCED_FACE('',(#2430),#2449,.F.);
#2430 = FACE_BOUND('',#2431,.F.);
#2431 = EDGE_LOOP('',(#2432,#2433,#2441,#2448));
#2432 = ORIENTED_EDGE('',*,*,#1270,.F.);
#2433 = ORIENTED_EDGE('',*,*,#2434,.F.);
#2434 = EDGE_CURVE('',#2435,#1263,#2437,.T.);
#2435 = VERTEX_POINT('',#2436);
#2436 = CARTESIAN_POINT('',(-44.,41.291287847475,50.));
#2437 = LINE('',#2438,#2439);
#2438 = CARTESIAN_POINT('',(0.,41.291287847475,50.));
#2439 = VECTOR('',#2440,1.);
#2440 = DIRECTION('',(1.,0.,0.));
#2441 = ORIENTED_EDGE('',*,*,#2442,.T.);
#2442 = EDGE_CURVE('',#2435,#2372,#2443,.T.);
#2443 = CIRCLE('',#2444,2.5);
#2444 = AXIS2_PLACEMENT_3D('',#2445,#2446,#2447);
#2445 = CARTESIAN_POINT('',(-44.,38.999999999998,48.999999999999));
#2446 = DIRECTION('',(1.,0.,0.));
#2447 = DIRECTION('',(0.,1.,0.));
#2448 = ORIENTED_EDGE('',*,*,#2371,.F.);
#2449 = CYLINDRICAL_SURFACE('',#2450,2.5);
#2450 = AXIS2_PLACEMENT_3D('',#2451,#2452,#2453);
#2451 = CARTESIAN_POINT('',(0.,38.999999999998,48.999999999999));
#2452 = DIRECTION('',(1.,0.,0.));
#2453 = DIRECTION('',(0.,1.,0.));
#2454 = ADVANCED_FACE('',(#2455),#2474,.F.);
#2455 = FACE_BOUND('',#2456,.F.);
#2456 = EDGE_LOOP('',(#2457,#2458,#2459,#2468));
#2457 = ORIENTED_EDGE('',*,*,#1187,.F.);
#2458 = ORIENTED_EDGE('',*,*,#2419,.T.);
#2459 = ORIENTED_EDGE('',*,*,#2460,.T.);
#2460 = EDGE_CURVE('',#2412,#2461,#2463,.T.);
#2461 = VERTEX_POINT('',#2462);
#2462 = CARTESIAN_POINT('',(-44.,-41.29128784747,50.));
#2463 = CIRCLE('',#2464,2.5);
#2464 = AXIS2_PLACEMENT_3D('',#2465,#2466,#2467);
#2465 = CARTESIAN_POINT('',(-44.,-38.99999999999,48.999999999999));
#2466 = DIRECTION('',(1.,0.,0.));
#2467 = DIRECTION('',(0.,1.,0.));
#2468 = ORIENTED_EDGE('',*,*,#2469,.T.);
#2469 = EDGE_CURVE('',#2461,#1188,#2470,.T.);
#2470 = LINE('',#2471,#2472);
#2471 = CARTESIAN_POINT('',(0.,-41.29128784747,50.));
#2472 = VECTOR('',#2473,1.);
#2473 = DIRECTION('',(1.,0.,0.));
#2474 = CYLINDRICAL_SURFACE('',#2475,2.5);
#2475 = AXIS2_PLACEMENT_3D('',#2476,#2477,#2478);
#2476 = CARTESIAN_POINT('',(0.,-38.99999999999,48.999999999999));
#2477 = DIRECTION('',(1.,0.,0.));
#2478 = DIRECTION('',(0.,1.,0.));
#2479 = ADVANCED_FACE('',(#2480),#2507,.F.);
#2480 = FACE_BOUND('',#2481,.F.);
#2481 = EDGE_LOOP('',(#2482,#2483,#2484,#2492,#2500,#2506));
#2482 = ORIENTED_EDGE('',*,*,#1262,.F.);
#2483 = ORIENTED_EDGE('',*,*,#1921,.T.);
#2484 = ORIENTED_EDGE('',*,*,#2485,.T.);
#2485 = EDGE_CURVE('',#1922,#2486,#2488,.T.);
#2486 = VERTEX_POINT('',#2487);
#2487 = CARTESIAN_POINT('',(-53.,21.499999999992,50.));
#2488 = LINE('',#2489,#2490);
#2489 = CARTESIAN_POINT('',(-53.,20.749999999999,50.));
#2490 = VECTOR('',#2491,1.);
#2491 = DIRECTION('',(0.,-1.,0.));
#2492 = ORIENTED_EDGE('',*,*,#2493,.F.);
#2493 = EDGE_CURVE('',#2494,#2486,#2496,.T.);
#2494 = VERTEX_POINT('',#2495);
#2495 = CARTESIAN_POINT('',(-44.,21.499999999992,50.));
#2496 = LINE('',#2497,#2498);
#2497 = CARTESIAN_POINT('',(0.,21.499999999992,50.));
#2498 = VECTOR('',#2499,1.);
#2499 = DIRECTION('',(-1.,-0.,-0.));
#2500 = ORIENTED_EDGE('',*,*,#2501,.F.);
#2501 = EDGE_CURVE('',#2435,#2494,#2502,.T.);
#2502 = LINE('',#2503,#2504);
#2503 = CARTESIAN_POINT('',(-44.,20.75,50.));
#2504 = VECTOR('',#2505,1.);
#2505 = DIRECTION('',(0.,-1.,0.));
#2506 = ORIENTED_EDGE('',*,*,#2434,.T.);
#2507 = PLANE('',#2508);
#2508 = AXIS2_PLACEMENT_3D('',#2509,#2510,#2511);
#2509 = CARTESIAN_POINT('',(0.,41.499999999999,50.));
#2510 = DIRECTION('',(0.,0.,1.));
#2511 = DIRECTION('',(0.,-1.,0.));
#2512 = ADVANCED_FACE('',(#2513),#2540,.F.);
#2513 = FACE_BOUND('',#2514,.F.);
#2514 = EDGE_LOOP('',(#2515,#2523,#2531,#2537,#2538,#2539));
#2515 = ORIENTED_EDGE('',*,*,#2516,.F.);
#2516 = EDGE_CURVE('',#2517,#2461,#2519,.T.);
#2517 = VERTEX_POINT('',#2518);
#2518 = CARTESIAN_POINT('',(-44.,-21.49999999999,50.));
#2519 = LINE('',#2520,#2521);
#2520 = CARTESIAN_POINT('',(-44.,-10.74999999999,50.));
#2521 = VECTOR('',#2522,1.);
#2522 = DIRECTION('',(0.,-1.,0.));
#2523 = ORIENTED_EDGE('',*,*,#2524,.T.);
#2524 = EDGE_CURVE('',#2517,#2525,#2527,.T.);
#2525 = VERTEX_POINT('',#2526);
#2526 = CARTESIAN_POINT('',(-53.,-21.49999999999,50.));
#2527 = LINE('',#2528,#2529);
#2528 = CARTESIAN_POINT('',(0.,-21.49999999999,50.));
#2529 = VECTOR('',#2530,1.);
#2530 = DIRECTION('',(-1.,-0.,-0.));
#2531 = ORIENTED_EDGE('',*,*,#2532,.T.);
#2532 = EDGE_CURVE('',#2525,#1698,#2533,.T.);
#2533 = LINE('',#2534,#2535);
#2534 = CARTESIAN_POINT('',(-53.,-10.74999999999,50.));
#2535 = VECTOR('',#2536,1.);
#2536 = DIRECTION('',(0.,-1.,0.));
#2537 = ORIENTED_EDGE('',*,*,#1705,.F.);
#2538 = ORIENTED_EDGE('',*,*,#1196,.F.);
#2539 = ORIENTED_EDGE('',*,*,#2469,.F.);
#2540 = PLANE('',#2541);
#2541 = AXIS2_PLACEMENT_3D('',#2542,#2543,#2544);
#2542 = CARTESIAN_POINT('',(0.,-21.49999999999,50.));
#2543 = DIRECTION('',(0.,0.,1.));
#2544 = DIRECTION('',(0.,-1.,0.));
#2545 = ADVANCED_FACE('',(#2546),#2580,.F.);
#2546 = FACE_BOUND('',#2547,.F.);
#2547 = EDGE_LOOP('',(#2548,#2558,#2566,#2572,#2573,#2574));
#2548 = ORIENTED_EDGE('',*,*,#2549,.F.);
#2549 = EDGE_CURVE('',#2550,#2552,#2554,.T.);
#2550 = VERTEX_POINT('',#2551);
#2551 = CARTESIAN_POINT('',(-44.,21.499999999992,9.));
#2552 = VERTEX_POINT('',#2553);
#2553 = CARTESIAN_POINT('',(-44.,40.499999999998,9.));
#2554 = LINE('',#2555,#2556);
#2555 = CARTESIAN_POINT('',(-44.,10.749999999996,9.));
#2556 = VECTOR('',#2557,1.);
#2557 = DIRECTION('',(0.,1.,0.));
#2558 = ORIENTED_EDGE('',*,*,#2559,.T.);
#2559 = EDGE_CURVE('',#2550,#2560,#2562,.T.);
#2560 = VERTEX_POINT('',#2561);
#2561 = CARTESIAN_POINT('',(-53.,21.499999999992,9.));
#2562 = LINE('',#2563,#2564);
#2563 = CARTESIAN_POINT('',(0.,21.499999999992,9.));
#2564 = VECTOR('',#2565,1.);
#2565 = DIRECTION('',(-1.,-0.,-0.));
#2566 = ORIENTED_EDGE('',*,*,#2567,.T.);
#2567 = EDGE_CURVE('',#2560,#1946,#2568,.T.);
#2568 = LINE('',#2569,#2570);
#2569 = CARTESIAN_POINT('',(-53.,10.749999999996,9.));
#2570 = VECTOR('',#2571,1.);
#2571 = DIRECTION('',(0.,1.,0.));
#2572 = ORIENTED_EDGE('',*,*,#1953,.F.);
#2573 = ORIENTED_EDGE('',*,*,#1246,.F.);
#2574 = ORIENTED_EDGE('',*,*,#2575,.F.);
#2575 = EDGE_CURVE('',#2552,#1238,#2576,.T.);
#2576 = LINE('',#2577,#2578);
#2577 = CARTESIAN_POINT('',(0.,40.499999999998,9.));
#2578 = VECTOR('',#2579,1.);
#2579 = DIRECTION('',(1.,0.,0.));
#2580 = PLANE('',#2581);
#2581 = AXIS2_PLACEMENT_3D('',#2582,#2583,#2584);
#2582 = CARTESIAN_POINT('',(0.,21.499999999992,9.));
#2583 = DIRECTION('',(0.,0.,-1.));
#2584 = DIRECTION('',(0.,1.,0.));
#2585 = ADVANCED_FACE('',(#2586),#2620,.F.);
#2586 = FACE_BOUND('',#2587,.F.);
#2587 = EDGE_LOOP('',(#2588,#2589,#2590,#2598,#2606,#2614));
#2588 = ORIENTED_EDGE('',*,*,#1212,.F.);
#2589 = ORIENTED_EDGE('',*,*,#1712,.T.);
#2590 = ORIENTED_EDGE('',*,*,#2591,.T.);
#2591 = EDGE_CURVE('',#1713,#2592,#2594,.T.);
#2592 = VERTEX_POINT('',#2593);
#2593 = CARTESIAN_POINT('',(-53.,-21.49999999999,9.));
#2594 = LINE('',#2595,#2596);
#2595 = CARTESIAN_POINT('',(-53.,-20.74999999999,9.));
#2596 = VECTOR('',#2597,1.);
#2597 = DIRECTION('',(0.,1.,0.));
#2598 = ORIENTED_EDGE('',*,*,#2599,.F.);
#2599 = EDGE_CURVE('',#2600,#2592,#2602,.T.);
#2600 = VERTEX_POINT('',#2601);
#2601 = CARTESIAN_POINT('',(-44.,-21.49999999999,9.));
#2602 = LINE('',#2603,#2604);
#2603 = CARTESIAN_POINT('',(0.,-21.49999999999,9.));
#2604 = VECTOR('',#2605,1.);
#2605 = DIRECTION('',(-1.,-0.,-0.));
#2606 = ORIENTED_EDGE('',*,*,#2607,.F.);
#2607 = EDGE_CURVE('',#2608,#2600,#2610,.T.);
#2608 = VERTEX_POINT('',#2609);
#2609 = CARTESIAN_POINT('',(-44.,-40.49999999999,9.));
#2610 = LINE('',#2611,#2612);
#2611 = CARTESIAN_POINT('',(-44.,-20.74999999999,9.));
#2612 = VECTOR('',#2613,1.);
#2613 = DIRECTION('',(0.,1.,0.));
#2614 = ORIENTED_EDGE('',*,*,#2615,.T.);
#2615 = EDGE_CURVE('',#2608,#1213,#2616,.T.);
#2616 = LINE('',#2617,#2618);
#2617 = CARTESIAN_POINT('',(0.,-40.49999999999,9.));
#2618 = VECTOR('',#2619,1.);
#2619 = DIRECTION('',(1.,0.,0.));
#2620 = PLANE('',#2621);
#2621 = AXIS2_PLACEMENT_3D('',#2622,#2623,#2624);
#2622 = CARTESIAN_POINT('',(0.,-41.49999999999,9.));
#2623 = DIRECTION('',(0.,0.,-1.));
#2624 = DIRECTION('',(0.,1.,0.));
#2625 = ADVANCED_FACE('',(#2626),#2645,.F.);
#2626 = FACE_BOUND('',#2627,.F.);
#2627 = EDGE_LOOP('',(#2628,#2629,#2637,#2644));
#2628 = ORIENTED_EDGE('',*,*,#1237,.F.);
#2629 = ORIENTED_EDGE('',*,*,#2630,.T.);
#2630 = EDGE_CURVE('',#1230,#2631,#2633,.T.);
#2631 = VERTEX_POINT('',#2632);
#2632 = CARTESIAN_POINT('',(-44.,39.,8.500000000001));
#2633 = LINE('',#2634,#2635);
#2634 = CARTESIAN_POINT('',(0.,39.,8.500000000001));
#2635 = VECTOR('',#2636,1.);
#2636 = DIRECTION('',(-1.,-0.,-0.));
#2637 = ORIENTED_EDGE('',*,*,#2638,.T.);
#2638 = EDGE_CURVE('',#2631,#2552,#2639,.T.);
#2639 = CIRCLE('',#2640,2.5);
#2640 = AXIS2_PLACEMENT_3D('',#2641,#2642,#2643);
#2641 = CARTESIAN_POINT('',(-44.,38.999999999999,11.000000000001));
#2642 = DIRECTION('',(1.,0.,0.));
#2643 = DIRECTION('',(0.,1.,0.));
#2644 = ORIENTED_EDGE('',*,*,#2575,.T.);
#2645 = CYLINDRICAL_SURFACE('',#2646,2.5);
#2646 = AXIS2_PLACEMENT_3D('',#2647,#2648,#2649);
#2647 = CARTESIAN_POINT('',(0.,38.999999999999,11.000000000001));
#2648 = DIRECTION('',(1.,0.,0.));
#2649 = DIRECTION('',(0.,1.,0.));
#2650 = ADVANCED_FACE('',(#2651),#2670,.F.);
#2651 = FACE_BOUND('',#2652,.F.);
#2652 = EDGE_LOOP('',(#2653,#2654,#2655,#2664));
#2653 = ORIENTED_EDGE('',*,*,#1220,.F.);
#2654 = ORIENTED_EDGE('',*,*,#2615,.F.);
#2655 = ORIENTED_EDGE('',*,*,#2656,.T.);
#2656 = EDGE_CURVE('',#2608,#2657,#2659,.T.);
#2657 = VERTEX_POINT('',#2658);
#2658 = CARTESIAN_POINT('',(-44.,-39.,8.500000000001));
#2659 = CIRCLE('',#2660,2.5);
#2660 = AXIS2_PLACEMENT_3D('',#2661,#2662,#2663);
#2661 = CARTESIAN_POINT('',(-44.,-38.99999999999,11.000000000001));
#2662 = DIRECTION('',(1.,0.,0.));
#2663 = DIRECTION('',(0.,1.,0.));
#2664 = ORIENTED_EDGE('',*,*,#2665,.F.);
#2665 = EDGE_CURVE('',#1221,#2657,#2666,.T.);
#2666 = LINE('',#2667,#2668);
#2667 = CARTESIAN_POINT('',(0.,-39.,8.500000000001));
#2668 = VECTOR('',#2669,1.);
#2669 = DIRECTION('',(-1.,-0.,-0.));
#2670 = CYLINDRICAL_SURFACE('',#2671,2.5);
#2671 = AXIS2_PLACEMENT_3D('',#2672,#2673,#2674);
#2672 = CARTESIAN_POINT('',(0.,-38.99999999999,11.000000000001));
#2673 = DIRECTION('',(1.,0.,0.));
#2674 = DIRECTION('',(0.,1.,0.));
#2675 = ADVANCED_FACE('',(#2676),#2719,.F.);
#2676 = FACE_BOUND('',#2677,.F.);
#2677 = EDGE_LOOP('',(#2678,#2679,#2680,#2688,#2696,#2704,#2712,#2718));
#2678 = ORIENTED_EDGE('',*,*,#1229,.F.);
#2679 = ORIENTED_EDGE('',*,*,#2665,.T.);
#2680 = ORIENTED_EDGE('',*,*,#2681,.T.);
#2681 = EDGE_CURVE('',#2657,#2682,#2684,.T.);
#2682 = VERTEX_POINT('',#2683);
#2683 = CARTESIAN_POINT('',(-44.,-21.49999999999,8.500000000001));
#2684 = LINE('',#2685,#2686);
#2685 = CARTESIAN_POINT('',(-44.,-39.,8.500000000001));
#2686 = VECTOR('',#2687,1.);
#2687 = DIRECTION('',(0.,1.,0.));
#2688 = ORIENTED_EDGE('',*,*,#2689,.T.);
#2689 = EDGE_CURVE('',#2682,#2690,#2692,.T.);
#2690 = VERTEX_POINT('',#2691);
#2691 = CARTESIAN_POINT('',(-40.,-21.49999999999,8.500000000001));
#2692 = LINE('',#2693,#2694);
#2693 = CARTESIAN_POINT('',(-26.,-21.49999999999,8.500000000001));
#2694 = VECTOR('',#2695,1.);
#2695 = DIRECTION('',(1.,0.,0.));
#2696 = ORIENTED_EDGE('',*,*,#2697,.F.);
#2697 = EDGE_CURVE('',#2698,#2690,#2700,.T.);
#2698 = VERTEX_POINT('',#2699);
#2699 = CARTESIAN_POINT('',(-40.,21.499999999992,8.500000000001));
#2700 = LINE('',#2701,#2702);
#2701 = CARTESIAN_POINT('',(-40.,-19.5,8.500000000001));
#2702 = VECTOR('',#2703,1.);
#2703 = DIRECTION('',(0.,-1.,0.));
#2704 = ORIENTED_EDGE('',*,*,#2705,.T.);
#2705 = EDGE_CURVE('',#2698,#2706,#2708,.T.);
#2706 = VERTEX_POINT('',#2707);
#2707 = CARTESIAN_POINT('',(-44.,21.499999999992,8.500000000001));
#2708 = LINE('',#2709,#2710);
#2709 = CARTESIAN_POINT('',(-26.,21.499999999992,8.500000000001));
#2710 = VECTOR('',#2711,1.);
#2711 = DIRECTION('',(-1.,-0.,-0.));
#2712 = ORIENTED_EDGE('',*,*,#2713,.T.);
#2713 = EDGE_CURVE('',#2706,#2631,#2714,.T.);
#2714 = LINE('',#2715,#2716);
#2715 = CARTESIAN_POINT('',(-44.,-39.,8.500000000001));
#2716 = VECTOR('',#2717,1.);
#2717 = DIRECTION('',(0.,1.,0.));
#2718 = ORIENTED_EDGE('',*,*,#2630,.F.);
#2719 = PLANE('',#2720);
#2720 = AXIS2_PLACEMENT_3D('',#2721,#2722,#2723);
#2721 = CARTESIAN_POINT('',(0.,-39.,8.500000000001));
#2722 = DIRECTION('',(0.,0.,-1.));
#2723 = DIRECTION('',(0.,1.,0.));
#2724 = ADVANCED_FACE('',(#2725,#2750,#2761),#2772,.F.);
#2725 = FACE_BOUND('',#2726,.F.);
#2726 = EDGE_LOOP('',(#2727,#2735,#2743,#2749));
#2727 = ORIENTED_EDGE('',*,*,#2728,.T.);
#2728 = EDGE_CURVE('',#1280,#2729,#2731,.T.);
#2729 = VERTEX_POINT('',#2730);
#2730 = CARTESIAN_POINT('',(20.,-12.,57.5));
#2731 = LINE('',#2732,#2733);
#2732 = CARTESIAN_POINT('',(0.,-12.,57.5));
#2733 = VECTOR('',#2734,1.);
#2734 = DIRECTION('',(1.,0.,0.));
#2735 = ORIENTED_EDGE('',*,*,#2736,.T.);
#2736 = EDGE_CURVE('',#2729,#2737,#2739,.T.);
#2737 = VERTEX_POINT('',#2738);
#2738 = CARTESIAN_POINT('',(20.,-32.0000000001,57.5));
#2739 = LINE('',#2740,#2741);
#2740 = CARTESIAN_POINT('',(20.,-12.,57.5));
#2741 = VECTOR('',#2742,1.);
#2742 = DIRECTION('',(0.,-1.,0.));
#2743 = ORIENTED_EDGE('',*,*,#2744,.F.);
#2744 = EDGE_CURVE('',#1282,#2737,#2745,.T.);
#2745 = LINE('',#2746,#2747);
#2746 = CARTESIAN_POINT('',(0.,-32.0000000001,57.5));
#2747 = VECTOR('',#2748,1.);
#2748 = DIRECTION('',(1.,0.,0.));
#2749 = ORIENTED_EDGE('',*,*,#1279,.F.);
#2750 = FACE_BOUND('',#2751,.F.);
#2751 = EDGE_LOOP('',(#2752));
#2752 = ORIENTED_EDGE('',*,*,#2753,.T.);
#2753 = EDGE_CURVE('',#2754,#2754,#2756,.T.);
#2754 = VERTEX_POINT('',#2755);
#2755 = CARTESIAN_POINT('',(11.35,-22.0000000001,57.5));
#2756 = CIRCLE('',#2757,1.65);
#2757 = AXIS2_PLACEMENT_3D('',#2758,#2759,#2760);
#2758 = CARTESIAN_POINT('',(13.,-22.0000000001,57.5));
#2759 = DIRECTION('',(0.,0.,1.));
#2760 = DIRECTION('',(-1.,0.,0.));
#2761 = FACE_BOUND('',#2762,.F.);
#2762 = EDGE_LOOP('',(#2763));
#2763 = ORIENTED_EDGE('',*,*,#2764,.T.);
#2764 = EDGE_CURVE('',#2765,#2765,#2767,.T.);
#2765 = VERTEX_POINT('',#2766);
#2766 = CARTESIAN_POINT('',(3.35,-22.0000000001,57.5));
#2767 = CIRCLE('',#2768,1.65);
#2768 = AXIS2_PLACEMENT_3D('',#2769,#2770,#2771);
#2769 = CARTESIAN_POINT('',(5.,-22.0000000001,57.5));
#2770 = DIRECTION('',(0.,0.,1.));
#2771 = DIRECTION('',(-1.,0.,0.));
#2772 = PLANE('',#2773);
#2773 = AXIS2_PLACEMENT_3D('',#2774,#2775,#2776);
#2774 = CARTESIAN_POINT('',(0.,-12.,57.5));
#2775 = DIRECTION('',(0.,0.,-1.));
#2776 = DIRECTION('',(0.,-1.,0.));
#2777 = ADVANCED_FACE('',(#2778),#2796,.F.);
#2778 = FACE_BOUND('',#2779,.F.);
#2779 = EDGE_LOOP('',(#2780,#2788,#2794,#2795));
#2780 = ORIENTED_EDGE('',*,*,#2781,.T.);
#2781 = EDGE_CURVE('',#1298,#2782,#2784,.T.);
#2782 = VERTEX_POINT('',#2783);
#2783 = CARTESIAN_POINT('',(20.,-12.,53.5));
#2784 = LINE('',#2785,#2786);
#2785 = CARTESIAN_POINT('',(0.,-12.,53.5));
#2786 = VECTOR('',#2787,1.);
#2787 = DIRECTION('',(1.,0.,0.));
#2788 = ORIENTED_EDGE('',*,*,#2789,.T.);
#2789 = EDGE_CURVE('',#2782,#2729,#2790,.T.);
#2790 = LINE('',#2791,#2792);
#2791 = CARTESIAN_POINT('',(20.,-12.,53.5));
#2792 = VECTOR('',#2793,1.);
#2793 = DIRECTION('',(0.,0.,1.));
#2794 = ORIENTED_EDGE('',*,*,#2728,.F.);
#2795 = ORIENTED_EDGE('',*,*,#1305,.F.);
#2796 = PLANE('',#2797);
#2797 = AXIS2_PLACEMENT_3D('',#2798,#2799,#2800);
#2798 = CARTESIAN_POINT('',(0.,-12.,53.5));
#2799 = DIRECTION('',(0.,-1.,0.));
#2800 = DIRECTION('',(0.,0.,1.));
#2801 = ADVANCED_FACE('',(#2802,#2820,#2831),#2842,.F.);
#2802 = FACE_BOUND('',#2803,.F.);
#2803 = EDGE_LOOP('',(#2804,#2812,#2818,#2819));
#2804 = ORIENTED_EDGE('',*,*,#2805,.T.);
#2805 = EDGE_CURVE('',#1290,#2806,#2808,.T.);
#2806 = VERTEX_POINT('',#2807);
#2807 = CARTESIAN_POINT('',(20.,-32.0000000001,53.5));
#2808 = LINE('',#2809,#2810);
#2809 = CARTESIAN_POINT('',(0.,-32.0000000001,53.5));
#2810 = VECTOR('',#2811,1.);
#2811 = DIRECTION('',(1.,0.,0.));
#2812 = ORIENTED_EDGE('',*,*,#2813,.T.);
#2813 = EDGE_CURVE('',#2806,#2782,#2814,.T.);
#2814 = LINE('',#2815,#2816);
#2815 = CARTESIAN_POINT('',(20.,-32.0000000001,53.5));
#2816 = VECTOR('',#2817,1.);
#2817 = DIRECTION('',(0.,1.,0.));
#2818 = ORIENTED_EDGE('',*,*,#2781,.F.);
#2819 = ORIENTED_EDGE('',*,*,#1297,.F.);
#2820 = FACE_BOUND('',#2821,.F.);
#2821 = EDGE_LOOP('',(#2822));
#2822 = ORIENTED_EDGE('',*,*,#2823,.F.);
#2823 = EDGE_CURVE('',#2824,#2824,#2826,.T.);
#2824 = VERTEX_POINT('',#2825);
#2825 = CARTESIAN_POINT('',(11.35,-22.0000000001,53.5));
#2826 = CIRCLE('',#2827,1.65);
#2827 = AXIS2_PLACEMENT_3D('',#2828,#2829,#2830);
#2828 = CARTESIAN_POINT('',(13.,-22.0000000001,53.5));
#2829 = DIRECTION('',(0.,0.,1.));
#2830 = DIRECTION('',(-1.,0.,0.));
#2831 = FACE_BOUND('',#2832,.F.);
#2832 = EDGE_LOOP('',(#2833));
#2833 = ORIENTED_EDGE('',*,*,#2834,.F.);
#2834 = EDGE_CURVE('',#2835,#2835,#2837,.T.);
#2835 = VERTEX_POINT('',#2836);
#2836 = CARTESIAN_POINT('',(3.35,-22.0000000001,53.5));
#2837 = CIRCLE('',#2838,1.65);
#2838 = AXIS2_PLACEMENT_3D('',#2839,#2840,#2841);
#2839 = CARTESIAN_POINT('',(5.,-22.0000000001,53.5));
#2840 = DIRECTION('',(0.,0.,1.));
#2841 = DIRECTION('',(-1.,0.,0.));
#2842 = PLANE('',#2843);
#2843 = AXIS2_PLACEMENT_3D('',#2844,#2845,#2846);
#2844 = CARTESIAN_POINT('',(0.,-32.0000000001,53.5));
#2845 = DIRECTION('',(0.,0.,1.));
#2846 = DIRECTION('',(0.,1.,0.));
#2847 = ADVANCED_FACE('',(#2848),#2859,.F.);
#2848 = FACE_BOUND('',#2849,.F.);
#2849 = EDGE_LOOP('',(#2850,#2851,#2857,#2858));
#2850 = ORIENTED_EDGE('',*,*,#2744,.T.);
#2851 = ORIENTED_EDGE('',*,*,#2852,.T.);
#2852 = EDGE_CURVE('',#2737,#2806,#2853,.T.);
#2853 = LINE('',#2854,#2855);
#2854 = CARTESIAN_POINT('',(20.,-32.0000000001,57.5));
#2855 = VECTOR('',#2856,1.);
#2856 = DIRECTION('',(0.,0.,-1.));
#2857 = ORIENTED_EDGE('',*,*,#2805,.F.);
#2858 = ORIENTED_EDGE('',*,*,#1289,.F.);
#2859 = PLANE('',#2860);
#2860 = AXIS2_PLACEMENT_3D('',#2861,#2862,#2863);
#2861 = CARTESIAN_POINT('',(0.,-32.0000000001,57.5));
#2862 = DIRECTION('',(0.,1.,0.));
#2863 = DIRECTION('',(0.,0.,-1.));
#2864 = ADVANCED_FACE('',(#2865,#2890,#2901),#2912,.F.);
#2865 = FACE_BOUND('',#2866,.F.);
#2866 = EDGE_LOOP('',(#2867,#2875,#2883,#2889));
#2867 = ORIENTED_EDGE('',*,*,#2868,.T.);
#2868 = EDGE_CURVE('',#1314,#2869,#2871,.T.);
#2869 = VERTEX_POINT('',#2870);
#2870 = CARTESIAN_POINT('',(20.,-12.,6.5));
#2871 = LINE('',#2872,#2873);
#2872 = CARTESIAN_POINT('',(0.,-12.,6.5));
#2873 = VECTOR('',#2874,1.);
#2874 = DIRECTION('',(1.,0.,0.));
#2875 = ORIENTED_EDGE('',*,*,#2876,.T.);
#2876 = EDGE_CURVE('',#2869,#2877,#2879,.T.);
#2877 = VERTEX_POINT('',#2878);
#2878 = CARTESIAN_POINT('',(20.,-32.00000000004,6.5));
#2879 = LINE('',#2880,#2881);
#2880 = CARTESIAN_POINT('',(20.,-12.,6.5));
#2881 = VECTOR('',#2882,1.);
#2882 = DIRECTION('',(0.,-1.,0.));
#2883 = ORIENTED_EDGE('',*,*,#2884,.F.);
#2884 = EDGE_CURVE('',#1316,#2877,#2885,.T.);
#2885 = LINE('',#2886,#2887);
#2886 = CARTESIAN_POINT('',(0.,-32.00000000004,6.5));
#2887 = VECTOR('',#2888,1.);
#2888 = DIRECTION('',(1.,0.,0.));
#2889 = ORIENTED_EDGE('',*,*,#1313,.F.);
#2890 = FACE_BOUND('',#2891,.F.);
#2891 = EDGE_LOOP('',(#2892));
#2892 = ORIENTED_EDGE('',*,*,#2893,.T.);
#2893 = EDGE_CURVE('',#2894,#2894,#2896,.T.);
#2894 = VERTEX_POINT('',#2895);
#2895 = CARTESIAN_POINT('',(11.35,-22.0000000001,6.5));
#2896 = CIRCLE('',#2897,1.65);
#2897 = AXIS2_PLACEMENT_3D('',#2898,#2899,#2900);
#2898 = CARTESIAN_POINT('',(13.,-22.0000000001,6.5));
#2899 = DIRECTION('',(0.,0.,1.));
#2900 = DIRECTION('',(-1.,0.,0.));
#2901 = FACE_BOUND('',#2902,.F.);
#2902 = EDGE_LOOP('',(#2903));
#2903 = ORIENTED_EDGE('',*,*,#2904,.T.);
#2904 = EDGE_CURVE('',#2905,#2905,#2907,.T.);
#2905 = VERTEX_POINT('',#2906);
#2906 = CARTESIAN_POINT('',(3.35,-22.0000000001,6.5));
#2907 = CIRCLE('',#2908,1.65);
#2908 = AXIS2_PLACEMENT_3D('',#2909,#2910,#2911);
#2909 = CARTESIAN_POINT('',(5.,-22.0000000001,6.5));
#2910 = DIRECTION('',(0.,0.,1.));
#2911 = DIRECTION('',(-1.,0.,0.));
#2912 = PLANE('',#2913);
#2913 = AXIS2_PLACEMENT_3D('',#2914,#2915,#2916);
#2914 = CARTESIAN_POINT('',(0.,-12.,6.5));
#2915 = DIRECTION('',(0.,0.,-1.));
#2916 = DIRECTION('',(0.,-1.,0.));
#2917 = ADVANCED_FACE('',(#2918),#2936,.F.);
#2918 = FACE_BOUND('',#2919,.F.);
#2919 = EDGE_LOOP('',(#2920,#2928,#2934,#2935));
#2920 = ORIENTED_EDGE('',*,*,#2921,.T.);
#2921 = EDGE_CURVE('',#1332,#2922,#2924,.T.);
#2922 = VERTEX_POINT('',#2923);
#2923 = CARTESIAN_POINT('',(20.,-12.,2.5));
#2924 = LINE('',#2925,#2926);
#2925 = CARTESIAN_POINT('',(0.,-12.,2.5));
#2926 = VECTOR('',#2927,1.);
#2927 = DIRECTION('',(1.,0.,0.));
#2928 = ORIENTED_EDGE('',*,*,#2929,.T.);
#2929 = EDGE_CURVE('',#2922,#2869,#2930,.T.);
#2930 = LINE('',#2931,#2932);
#2931 = CARTESIAN_POINT('',(20.,-12.,2.5));
#2932 = VECTOR('',#2933,1.);
#2933 = DIRECTION('',(0.,0.,1.));
#2934 = ORIENTED_EDGE('',*,*,#2868,.F.);
#2935 = ORIENTED_EDGE('',*,*,#1339,.F.);
#2936 = PLANE('',#2937);
#2937 = AXIS2_PLACEMENT_3D('',#2938,#2939,#2940);
#2938 = CARTESIAN_POINT('',(0.,-12.,2.5));
#2939 = DIRECTION('',(0.,-1.,0.));
#2940 = DIRECTION('',(0.,0.,1.));
#2941 = ADVANCED_FACE('',(#2942,#2960,#2971),#2982,.F.);
#2942 = FACE_BOUND('',#2943,.F.);
#2943 = EDGE_LOOP('',(#2944,#2952,#2958,#2959));
#2944 = ORIENTED_EDGE('',*,*,#2945,.T.);
#2945 = EDGE_CURVE('',#1324,#2946,#2948,.T.);
#2946 = VERTEX_POINT('',#2947);
#2947 = CARTESIAN_POINT('',(20.,-32.00000000004,2.5));
#2948 = LINE('',#2949,#2950);
#2949 = CARTESIAN_POINT('',(0.,-32.00000000004,2.5));
#2950 = VECTOR('',#2951,1.);
#2951 = DIRECTION('',(1.,0.,0.));
#2952 = ORIENTED_EDGE('',*,*,#2953,.T.);
#2953 = EDGE_CURVE('',#2946,#2922,#2954,.T.);
#2954 = LINE('',#2955,#2956);
#2955 = CARTESIAN_POINT('',(20.,-32.00000000004,2.5));
#2956 = VECTOR('',#2957,1.);
#2957 = DIRECTION('',(0.,1.,0.));
#2958 = ORIENTED_EDGE('',*,*,#2921,.F.);
#2959 = ORIENTED_EDGE('',*,*,#1331,.F.);
#2960 = FACE_BOUND('',#2961,.F.);
#2961 = EDGE_LOOP('',(#2962));
#2962 = ORIENTED_EDGE('',*,*,#2963,.F.);
#2963 = EDGE_CURVE('',#2964,#2964,#2966,.T.);
#2964 = VERTEX_POINT('',#2965);
#2965 = CARTESIAN_POINT('',(11.35,-22.0000000001,2.5));
#2966 = CIRCLE('',#2967,1.65);
#2967 = AXIS2_PLACEMENT_3D('',#2968,#2969,#2970);
#2968 = CARTESIAN_POINT('',(13.,-22.0000000001,2.5));
#2969 = DIRECTION('',(0.,0.,1.));
#2970 = DIRECTION('',(-1.,0.,0.));
#2971 = FACE_BOUND('',#2972,.F.);
#2972 = EDGE_LOOP('',(#2973));
#2973 = ORIENTED_EDGE('',*,*,#2974,.F.);
#2974 = EDGE_CURVE('',#2975,#2975,#2977,.T.);
#2975 = VERTEX_POINT('',#2976);
#2976 = CARTESIAN_POINT('',(3.35,-22.0000000001,2.5));
#2977 = CIRCLE('',#2978,1.65);
#2978 = AXIS2_PLACEMENT_3D('',#2979,#2980,#2981);
#2979 = CARTESIAN_POINT('',(5.,-22.0000000001,2.5));
#2980 = DIRECTION('',(0.,0.,1.));
#2981 = DIRECTION('',(-1.,0.,0.));
#2982 = PLANE('',#2983);
#2983 = AXIS2_PLACEMENT_3D('',#2984,#2985,#2986);
#2984 = CARTESIAN_POINT('',(0.,-32.00000000004,2.5));
#2985 = DIRECTION('',(0.,0.,1.));
#2986 = DIRECTION('',(0.,1.,0.));
#2987 = ADVANCED_FACE('',(#2988),#2999,.F.);
#2988 = FACE_BOUND('',#2989,.F.);
#2989 = EDGE_LOOP('',(#2990,#2991,#2997,#2998));
#2990 = ORIENTED_EDGE('',*,*,#2884,.T.);
#2991 = ORIENTED_EDGE('',*,*,#2992,.T.);
#2992 = EDGE_CURVE('',#2877,#2946,#2993,.T.);
#2993 = LINE('',#2994,#2995);
#2994 = CARTESIAN_POINT('',(20.,-32.00000000004,6.5));
#2995 = VECTOR('',#2996,1.);
#2996 = DIRECTION('',(0.,0.,-1.));
#2997 = ORIENTED_EDGE('',*,*,#2945,.F.);
#2998 = ORIENTED_EDGE('',*,*,#1323,.F.);
#2999 = PLANE('',#3000);
#3000 = AXIS2_PLACEMENT_3D('',#3001,#3002,#3003);
#3001 = CARTESIAN_POINT('',(0.,-32.00000000004,6.5));
#3002 = DIRECTION('',(0.,1.,0.));
#3003 = DIRECTION('',(0.,0.,-1.));
#3004 = ADVANCED_FACE('',(#3005),#3021,.F.);
#3005 = FACE_BOUND('',#3006,.F.);
#3006 = EDGE_LOOP('',(#3007,#3008,#3014,#3015));
#3007 = ORIENTED_EDGE('',*,*,#1410,.F.);
#3008 = ORIENTED_EDGE('',*,*,#3009,.T.);
#3009 = EDGE_CURVE('',#1411,#1800,#3010,.T.);
#3010 = LINE('',#3011,#3012);
#3011 = CARTESIAN_POINT('',(-52.,-50.00002128854,45.401389492229));
#3012 = VECTOR('',#3013,1.);
#3013 = DIRECTION('',(0.,1.,-2.2E-16));
#3014 = ORIENTED_EDGE('',*,*,#1808,.F.);
#3015 = ORIENTED_EDGE('',*,*,#3016,.F.);
#3016 = EDGE_CURVE('',#1413,#1809,#3017,.T.);
#3017 = LINE('',#3018,#3019);
#3018 = CARTESIAN_POINT('',(-52.,-50.00002128854,14.598610507771));
#3019 = VECTOR('',#3020,1.);
#3020 = DIRECTION('',(0.,1.,-2.2E-16));
#3021 = PLANE('',#3022);
#3022 = AXIS2_PLACEMENT_3D('',#3023,#3024,#3025);
#3023 = CARTESIAN_POINT('',(-52.,-50.00002128854,45.401389492229));
#3024 = DIRECTION('',(-1.,-0.,-6.9E-16));
#3025 = DIRECTION('',(6.9E-16,-2.2E-16,-1.));
#3026 = ADVANCED_FACE('',(#3027),#3038,.F.);
#3027 = FACE_BOUND('',#3028,.F.);
#3028 = EDGE_LOOP('',(#3029,#3030,#3031,#3032));
#3029 = ORIENTED_EDGE('',*,*,#1454,.F.);
#3030 = ORIENTED_EDGE('',*,*,#3016,.T.);
#3031 = ORIENTED_EDGE('',*,*,#1816,.T.);
#3032 = ORIENTED_EDGE('',*,*,#3033,.F.);
#3033 = EDGE_CURVE('',#1447,#1817,#3034,.T.);
#3034 = LINE('',#3035,#3036);
#3035 = CARTESIAN_POINT('',(-51.,-50.00002128854,13.598610507771));
#3036 = VECTOR('',#3037,1.);
#3037 = DIRECTION('',(0.,1.,-2.2E-16));
#3038 = CYLINDRICAL_SURFACE('',#3039,1.);
#3039 = AXIS2_PLACEMENT_3D('',#3040,#3041,#3042);
#3040 = CARTESIAN_POINT('',(-51.,-50.00002128854,14.598610507771));
#3041 = DIRECTION('',(0.,-1.,2.2E-16));
#3042 = DIRECTION('',(1.,0.,0.));
#3043 = ADVANCED_FACE('',(#3044),#3055,.F.);
#3044 = FACE_BOUND('',#3045,.F.);
#3045 = EDGE_LOOP('',(#3046,#3047,#3048,#3049));
#3046 = ORIENTED_EDGE('',*,*,#1446,.F.);
#3047 = ORIENTED_EDGE('',*,*,#3033,.T.);
#3048 = ORIENTED_EDGE('',*,*,#1825,.T.);
#3049 = ORIENTED_EDGE('',*,*,#3050,.F.);
#3050 = EDGE_CURVE('',#1438,#1826,#3051,.T.);
#3051 = LINE('',#3052,#3053);
#3052 = CARTESIAN_POINT('',(-23.17189850907,-50.00002128854,
    13.598610507771));
#3053 = VECTOR('',#3054,1.);
#3054 = DIRECTION('',(0.,1.,-2.2E-16));
#3055 = PLANE('',#3056);
#3056 = AXIS2_PLACEMENT_3D('',#3057,#3058,#3059);
#3057 = CARTESIAN_POINT('',(-51.,-50.00002128854,13.598610507771));
#3058 = DIRECTION('',(0.,-2.2E-16,-1.));
#3059 = DIRECTION('',(1.,0.,0.));
#3060 = ADVANCED_FACE('',(#3061),#3072,.F.);
#3061 = FACE_BOUND('',#3062,.F.);
#3062 = EDGE_LOOP('',(#3063,#3064,#3065,#3066));
#3063 = ORIENTED_EDGE('',*,*,#1437,.F.);
#3064 = ORIENTED_EDGE('',*,*,#3050,.T.);
#3065 = ORIENTED_EDGE('',*,*,#1833,.T.);
#3066 = ORIENTED_EDGE('',*,*,#3067,.F.);
#3067 = EDGE_CURVE('',#1430,#1792,#3068,.T.);
#3068 = LINE('',#3069,#3070);
#3069 = CARTESIAN_POINT('',(-22.42987060225,-50.00002128854,
    15.268979499819));
#3070 = VECTOR('',#3071,1.);
#3071 = DIRECTION('',(0.,1.,-2.2E-16));
#3072 = CYLINDRICAL_SURFACE('',#3073,1.);
#3073 = AXIS2_PLACEMENT_3D('',#3074,#3075,#3076);
#3074 = CARTESIAN_POINT('',(-23.17189850907,-50.00002128854,
    14.598610507771));
#3075 = DIRECTION('',(0.,-1.,2.2E-16));
#3076 = DIRECTION('',(1.,0.,0.));
#3077 = ADVANCED_FACE('',(#3078),#3089,.F.);
#3078 = FACE_BOUND('',#3079,.F.);
#3079 = EDGE_LOOP('',(#3080,#3081,#3082,#3083));
#3080 = ORIENTED_EDGE('',*,*,#1429,.F.);
#3081 = ORIENTED_EDGE('',*,*,#3067,.T.);
#3082 = ORIENTED_EDGE('',*,*,#1789,.F.);
#3083 = ORIENTED_EDGE('',*,*,#3084,.F.);
#3084 = EDGE_CURVE('',#1421,#1790,#3085,.T.);
#3085 = LINE('',#3086,#3087);
#3086 = CARTESIAN_POINT('',(-50.25797209318,-50.00002128854,
    46.071758484277));
#3087 = VECTOR('',#3088,1.);
#3088 = DIRECTION('',(0.,1.,-2.2E-16));
#3089 = PLANE('',#3090);
#3090 = AXIS2_PLACEMENT_3D('',#3091,#3092,#3093);
#3091 = CARTESIAN_POINT('',(-22.42987060225,-50.00002128854,
    15.268979499819));
#3092 = DIRECTION('',(0.74202790682,1.5E-16,0.670368992048));
#3093 = DIRECTION('',(-0.670368992048,1.6E-16,0.74202790682));
#3094 = ADVANCED_FACE('',(#3095),#3101,.F.);
#3095 = FACE_BOUND('',#3096,.F.);
#3096 = EDGE_LOOP('',(#3097,#3098,#3099,#3100));
#3097 = ORIENTED_EDGE('',*,*,#1420,.F.);
#3098 = ORIENTED_EDGE('',*,*,#3084,.T.);
#3099 = ORIENTED_EDGE('',*,*,#1799,.T.);
#3100 = ORIENTED_EDGE('',*,*,#3009,.F.);
#3101 = CYLINDRICAL_SURFACE('',#3102,1.);
#3102 = AXIS2_PLACEMENT_3D('',#3103,#3104,#3105);
#3103 = CARTESIAN_POINT('',(-51.,-50.00002128854,45.401389492229));
#3104 = DIRECTION('',(0.,-1.,2.2E-16));
#3105 = DIRECTION('',(1.,0.,0.));
#3106 = ADVANCED_FACE('',(#3107),#3123,.F.);
#3107 = FACE_BOUND('',#3108,.F.);
#3108 = EDGE_LOOP('',(#3109,#3110,#3116,#3117));
#3109 = ORIENTED_EDGE('',*,*,#1463,.F.);
#3110 = ORIENTED_EDGE('',*,*,#3111,.T.);
#3111 = EDGE_CURVE('',#1464,#1737,#3112,.T.);
#3112 = LINE('',#3113,#3114);
#3113 = CARTESIAN_POINT('',(-37.01435933158,-50.00002128854,
    46.329631007952));
#3114 = VECTOR('',#3115,1.);
#3115 = DIRECTION('',(0.,1.,-2.2E-16));
#3116 = ORIENTED_EDGE('',*,*,#1736,.T.);
#3117 = ORIENTED_EDGE('',*,*,#3118,.F.);
#3118 = EDGE_CURVE('',#1466,#1739,#3119,.T.);
#3119 = LINE('',#3120,#3121);
#3120 = CARTESIAN_POINT('',(-7.742027906822,-50.00002128854,
    13.928241515724));
#3121 = VECTOR('',#3122,1.);
#3122 = DIRECTION('',(0.,1.,-2.2E-16));
#3123 = PLANE('',#3124);
#3124 = AXIS2_PLACEMENT_3D('',#3125,#3126,#3127);
#3125 = CARTESIAN_POINT('',(-37.01435933158,-50.00002128854,
    46.329631007952));
#3126 = DIRECTION('',(-0.74202790682,-1.5E-16,-0.670368992048));
#3127 = DIRECTION('',(0.670368992048,-1.6E-16,-0.74202790682));
#3128 = ADVANCED_FACE('',(#3129),#3140,.F.);
#3129 = FACE_BOUND('',#3130,.F.);
#3130 = EDGE_LOOP('',(#3131,#3132,#3133,#3134));
#3131 = ORIENTED_EDGE('',*,*,#1507,.F.);
#3132 = ORIENTED_EDGE('',*,*,#3118,.T.);
#3133 = ORIENTED_EDGE('',*,*,#1746,.T.);
#3134 = ORIENTED_EDGE('',*,*,#3135,.F.);
#3135 = EDGE_CURVE('',#1500,#1747,#3136,.T.);
#3136 = LINE('',#3137,#3138);
#3137 = CARTESIAN_POINT('',(-6.,-50.00002128854,14.598610507771));
#3138 = VECTOR('',#3139,1.);
#3139 = DIRECTION('',(0.,1.,-2.2E-16));
#3140 = CYLINDRICAL_SURFACE('',#3141,1.);
#3141 = AXIS2_PLACEMENT_3D('',#3142,#3143,#3144);
#3142 = CARTESIAN_POINT('',(-7.,-50.00002128854,14.598610507771));
#3143 = DIRECTION('',(0.,-1.,2.2E-16));
#3144 = DIRECTION('',(1.,0.,0.));
#3145 = ADVANCED_FACE('',(#3146),#3157,.F.);
#3146 = FACE_BOUND('',#3147,.F.);
#3147 = EDGE_LOOP('',(#3148,#3149,#3150,#3151));
#3148 = ORIENTED_EDGE('',*,*,#1499,.F.);
#3149 = ORIENTED_EDGE('',*,*,#3135,.T.);
#3150 = ORIENTED_EDGE('',*,*,#1755,.T.);
#3151 = ORIENTED_EDGE('',*,*,#3152,.F.);
#3152 = EDGE_CURVE('',#1491,#1756,#3153,.T.);
#3153 = LINE('',#3154,#3155);
#3154 = CARTESIAN_POINT('',(-6.,-50.00002128854,47.));
#3155 = VECTOR('',#3156,1.);
#3156 = DIRECTION('',(0.,1.,-2.2E-16));
#3157 = PLANE('',#3158);
#3158 = AXIS2_PLACEMENT_3D('',#3159,#3160,#3161);
#3159 = CARTESIAN_POINT('',(-6.,-50.00002128854,14.598610507771));
#3160 = DIRECTION('',(1.,0.,-3.E-17));
#3161 = DIRECTION('',(3.E-17,2.2E-16,1.));
#3162 = ADVANCED_FACE('',(#3163),#3174,.F.);
#3163 = FACE_BOUND('',#3164,.F.);
#3164 = EDGE_LOOP('',(#3165,#3166,#3167,#3168));
#3165 = ORIENTED_EDGE('',*,*,#1490,.F.);
#3166 = ORIENTED_EDGE('',*,*,#3152,.T.);
#3167 = ORIENTED_EDGE('',*,*,#1763,.T.);
#3168 = ORIENTED_EDGE('',*,*,#3169,.F.);
#3169 = EDGE_CURVE('',#1483,#1764,#3170,.T.);
#3170 = LINE('',#3171,#3172);
#3171 = CARTESIAN_POINT('',(-7.,-50.00002128854,48.));
#3172 = VECTOR('',#3173,1.);
#3173 = DIRECTION('',(0.,1.,-2.2E-16));
#3174 = CYLINDRICAL_SURFACE('',#3175,1.);
#3175 = AXIS2_PLACEMENT_3D('',#3176,#3177,#3178);
#3176 = CARTESIAN_POINT('',(-7.,-50.00002128854,47.));
#3177 = DIRECTION('',(0.,-1.,2.2E-16));
#3178 = DIRECTION('',(1.,0.,0.));
#3179 = ADVANCED_FACE('',(#3180),#3191,.F.);
#3180 = FACE_BOUND('',#3181,.F.);
#3181 = EDGE_LOOP('',(#3182,#3183,#3184,#3185));
#3182 = ORIENTED_EDGE('',*,*,#1482,.F.);
#3183 = ORIENTED_EDGE('',*,*,#3169,.T.);
#3184 = ORIENTED_EDGE('',*,*,#1772,.T.);
#3185 = ORIENTED_EDGE('',*,*,#3186,.F.);
#3186 = EDGE_CURVE('',#1474,#1773,#3187,.T.);
#3187 = LINE('',#3188,#3189);
#3188 = CARTESIAN_POINT('',(-36.27233142476,-50.00002128854,48.));
#3189 = VECTOR('',#3190,1.);
#3190 = DIRECTION('',(0.,1.,-2.2E-16));
#3191 = PLANE('',#3192);
#3192 = AXIS2_PLACEMENT_3D('',#3193,#3194,#3195);
#3193 = CARTESIAN_POINT('',(-7.,-50.00002128854,48.));
#3194 = DIRECTION('',(0.,2.2E-16,1.));
#3195 = DIRECTION('',(-1.,0.,0.));
#3196 = ADVANCED_FACE('',(#3197),#3203,.F.);
#3197 = FACE_BOUND('',#3198,.F.);
#3198 = EDGE_LOOP('',(#3199,#3200,#3201,#3202));
#3199 = ORIENTED_EDGE('',*,*,#1473,.F.);
#3200 = ORIENTED_EDGE('',*,*,#3186,.T.);
#3201 = ORIENTED_EDGE('',*,*,#1780,.T.);
#3202 = ORIENTED_EDGE('',*,*,#3111,.F.);
#3203 = CYLINDRICAL_SURFACE('',#3204,1.);
#3204 = AXIS2_PLACEMENT_3D('',#3205,#3206,#3207);
#3205 = CARTESIAN_POINT('',(-36.27233142476,-50.00002128854,47.));
#3206 = DIRECTION('',(0.,-1.,2.2E-16));
#3207 = DIRECTION('',(1.,0.,0.));
#3208 = ADVANCED_FACE('',(#3209),#3225,.F.);
#3209 = FACE_BOUND('',#3210,.F.);
#3210 = EDGE_LOOP('',(#3211,#3212,#3218,#3219));
#3211 = ORIENTED_EDGE('',*,*,#2033,.F.);
#3212 = ORIENTED_EDGE('',*,*,#3213,.T.);
#3213 = EDGE_CURVE('',#2034,#1531,#3214,.T.);
#3214 = LINE('',#3215,#3216);
#3215 = CARTESIAN_POINT('',(-52.,-50.00002128854,45.401389492229));
#3216 = VECTOR('',#3217,1.);
#3217 = DIRECTION('',(0.,1.,-2.2E-16));
#3218 = ORIENTED_EDGE('',*,*,#1528,.F.);
#3219 = ORIENTED_EDGE('',*,*,#3220,.F.);
#3220 = EDGE_CURVE('',#2025,#1529,#3221,.T.);
#3221 = LINE('',#3222,#3223);
#3222 = CARTESIAN_POINT('',(-52.,-50.00002128854,14.598610507771));
#3223 = VECTOR('',#3224,1.);
#3224 = DIRECTION('',(0.,1.,-2.2E-16));
#3225 = PLANE('',#3226);
#3226 = AXIS2_PLACEMENT_3D('',#3227,#3228,#3229);
#3227 = CARTESIAN_POINT('',(-52.,-50.00002128854,45.401389492229));
#3228 = DIRECTION('',(-1.,-0.,-6.9E-16));
#3229 = DIRECTION('',(6.9E-16,-2.2E-16,-1.));
#3230 = ADVANCED_FACE('',(#3231),#3242,.F.);
#3231 = FACE_BOUND('',#3232,.F.);
#3232 = EDGE_LOOP('',(#3233,#3234,#3240,#3241));
#3233 = ORIENTED_EDGE('',*,*,#2041,.F.);
#3234 = ORIENTED_EDGE('',*,*,#3235,.T.);
#3235 = EDGE_CURVE('',#2042,#1565,#3236,.T.);
#3236 = LINE('',#3237,#3238);
#3237 = CARTESIAN_POINT('',(-50.25797209318,-50.00002128854,
    46.071758484277));
#3238 = VECTOR('',#3239,1.);
#3239 = DIRECTION('',(0.,1.,-2.2E-16));
#3240 = ORIENTED_EDGE('',*,*,#1572,.T.);
#3241 = ORIENTED_EDGE('',*,*,#3213,.F.);
#3242 = CYLINDRICAL_SURFACE('',#3243,1.);
#3243 = AXIS2_PLACEMENT_3D('',#3244,#3245,#3246);
#3244 = CARTESIAN_POINT('',(-51.,-50.00002128854,45.401389492229));
#3245 = DIRECTION('',(0.,-1.,2.2E-16));
#3246 = DIRECTION('',(1.,0.,0.));
#3247 = ADVANCED_FACE('',(#3248),#3259,.F.);
#3248 = FACE_BOUND('',#3249,.F.);
#3249 = EDGE_LOOP('',(#3250,#3251,#3252,#3258));
#3250 = ORIENTED_EDGE('',*,*,#3235,.F.);
#3251 = ORIENTED_EDGE('',*,*,#2050,.T.);
#3252 = ORIENTED_EDGE('',*,*,#3253,.T.);
#3253 = EDGE_CURVE('',#2051,#1556,#3254,.T.);
#3254 = LINE('',#3255,#3256);
#3255 = CARTESIAN_POINT('',(-22.42987060225,-50.00002128854,
    15.268979499819));
#3256 = VECTOR('',#3257,1.);
#3257 = DIRECTION('',(0.,1.,-2.2E-16));
#3258 = ORIENTED_EDGE('',*,*,#1564,.F.);
#3259 = PLANE('',#3260);
#3260 = AXIS2_PLACEMENT_3D('',#3261,#3262,#3263);
#3261 = CARTESIAN_POINT('',(-22.42987060225,-50.00002128854,
    15.268979499819));
#3262 = DIRECTION('',(0.74202790682,1.5E-16,0.670368992048));
#3263 = DIRECTION('',(-0.670368992048,1.6E-16,0.74202790682));
#3264 = ADVANCED_FACE('',(#3265),#3276,.F.);
#3265 = FACE_BOUND('',#3266,.F.);
#3266 = EDGE_LOOP('',(#3267,#3268,#3274,#3275));
#3267 = ORIENTED_EDGE('',*,*,#2058,.F.);
#3268 = ORIENTED_EDGE('',*,*,#3269,.T.);
#3269 = EDGE_CURVE('',#2017,#1548,#3270,.T.);
#3270 = LINE('',#3271,#3272);
#3271 = CARTESIAN_POINT('',(-23.17189850907,-50.00002128854,
    13.598610507771));
#3272 = VECTOR('',#3273,1.);
#3273 = DIRECTION('',(0.,1.,-2.2E-16));
#3274 = ORIENTED_EDGE('',*,*,#1555,.T.);
#3275 = ORIENTED_EDGE('',*,*,#3253,.F.);
#3276 = CYLINDRICAL_SURFACE('',#3277,1.);
#3277 = AXIS2_PLACEMENT_3D('',#3278,#3279,#3280);
#3278 = CARTESIAN_POINT('',(-23.17189850907,-50.00002128854,
    14.598610507771));
#3279 = DIRECTION('',(0.,-1.,2.2E-16));
#3280 = DIRECTION('',(1.,0.,0.));
#3281 = ADVANCED_FACE('',(#3282),#3293,.F.);
#3282 = FACE_BOUND('',#3283,.F.);
#3283 = EDGE_LOOP('',(#3284,#3285,#3291,#3292));
#3284 = ORIENTED_EDGE('',*,*,#2014,.F.);
#3285 = ORIENTED_EDGE('',*,*,#3286,.T.);
#3286 = EDGE_CURVE('',#2015,#1539,#3287,.T.);
#3287 = LINE('',#3288,#3289);
#3288 = CARTESIAN_POINT('',(-51.,-50.00002128854,13.598610507771));
#3289 = VECTOR('',#3290,1.);
#3290 = DIRECTION('',(0.,1.,-2.2E-16));
#3291 = ORIENTED_EDGE('',*,*,#1547,.F.);
#3292 = ORIENTED_EDGE('',*,*,#3269,.F.);
#3293 = PLANE('',#3294);
#3294 = AXIS2_PLACEMENT_3D('',#3295,#3296,#3297);
#3295 = CARTESIAN_POINT('',(-51.,-50.00002128854,13.598610507771));
#3296 = DIRECTION('',(0.,-2.2E-16,-1.));
#3297 = DIRECTION('',(1.,0.,0.));
#3298 = ADVANCED_FACE('',(#3299),#3305,.F.);
#3299 = FACE_BOUND('',#3300,.F.);
#3300 = EDGE_LOOP('',(#3301,#3302,#3303,#3304));
#3301 = ORIENTED_EDGE('',*,*,#2024,.F.);
#3302 = ORIENTED_EDGE('',*,*,#3220,.T.);
#3303 = ORIENTED_EDGE('',*,*,#1538,.T.);
#3304 = ORIENTED_EDGE('',*,*,#3286,.F.);
#3305 = CYLINDRICAL_SURFACE('',#3306,1.);
#3306 = AXIS2_PLACEMENT_3D('',#3307,#3308,#3309);
#3307 = CARTESIAN_POINT('',(-51.,-50.00002128854,14.598610507771));
#3308 = DIRECTION('',(0.,-1.,2.2E-16));
#3309 = DIRECTION('',(1.,0.,0.));
#3310 = ADVANCED_FACE('',(#3311),#3327,.F.);
#3311 = FACE_BOUND('',#3312,.F.);
#3312 = EDGE_LOOP('',(#3313,#3314,#3320,#3321));
#3313 = ORIENTED_EDGE('',*,*,#1961,.T.);
#3314 = ORIENTED_EDGE('',*,*,#3315,.T.);
#3315 = EDGE_CURVE('',#1964,#1584,#3316,.T.);
#3316 = LINE('',#3317,#3318);
#3317 = CARTESIAN_POINT('',(-37.01435933158,-50.00002128854,
    46.329631007952));
#3318 = VECTOR('',#3319,1.);
#3319 = DIRECTION('',(0.,1.,-2.2E-16));
#3320 = ORIENTED_EDGE('',*,*,#1581,.F.);
#3321 = ORIENTED_EDGE('',*,*,#3322,.F.);
#3322 = EDGE_CURVE('',#1962,#1582,#3323,.T.);
#3323 = LINE('',#3324,#3325);
#3324 = CARTESIAN_POINT('',(-7.742027906822,-50.00002128854,
    13.928241515724));
#3325 = VECTOR('',#3326,1.);
#3326 = DIRECTION('',(0.,1.,-2.2E-16));
#3327 = PLANE('',#3328);
#3328 = AXIS2_PLACEMENT_3D('',#3329,#3330,#3331);
#3329 = CARTESIAN_POINT('',(-37.01435933158,-50.00002128854,
    46.329631007952));
#3330 = DIRECTION('',(-0.74202790682,-1.5E-16,-0.670368992048));
#3331 = DIRECTION('',(0.670368992048,-1.6E-16,-0.74202790682));
#3332 = ADVANCED_FACE('',(#3333),#3344,.F.);
#3333 = FACE_BOUND('',#3334,.F.);
#3334 = EDGE_LOOP('',(#3335,#3336,#3342,#3343));
#3335 = ORIENTED_EDGE('',*,*,#1971,.F.);
#3336 = ORIENTED_EDGE('',*,*,#3337,.T.);
#3337 = EDGE_CURVE('',#1972,#1618,#3338,.T.);
#3338 = LINE('',#3339,#3340);
#3339 = CARTESIAN_POINT('',(-36.27233142476,-50.00002128854,48.));
#3340 = VECTOR('',#3341,1.);
#3341 = DIRECTION('',(0.,1.,-2.2E-16));
#3342 = ORIENTED_EDGE('',*,*,#1625,.T.);
#3343 = ORIENTED_EDGE('',*,*,#3315,.F.);
#3344 = CYLINDRICAL_SURFACE('',#3345,1.);
#3345 = AXIS2_PLACEMENT_3D('',#3346,#3347,#3348);
#3346 = CARTESIAN_POINT('',(-36.27233142476,-50.00002128854,47.));
#3347 = DIRECTION('',(0.,-1.,2.2E-16));
#3348 = DIRECTION('',(1.,0.,0.));
#3349 = ADVANCED_FACE('',(#3350),#3361,.F.);
#3350 = FACE_BOUND('',#3351,.F.);
#3351 = EDGE_LOOP('',(#3352,#3353,#3359,#3360));
#3352 = ORIENTED_EDGE('',*,*,#1980,.T.);
#3353 = ORIENTED_EDGE('',*,*,#3354,.T.);
#3354 = EDGE_CURVE('',#1981,#1609,#3355,.T.);
#3355 = LINE('',#3356,#3357);
#3356 = CARTESIAN_POINT('',(-7.,-50.00002128854,48.));
#3357 = VECTOR('',#3358,1.);
#3358 = DIRECTION('',(0.,1.,-2.2E-16));
#3359 = ORIENTED_EDGE('',*,*,#1617,.F.);
#3360 = ORIENTED_EDGE('',*,*,#3337,.F.);
#3361 = PLANE('',#3362);
#3362 = AXIS2_PLACEMENT_3D('',#3363,#3364,#3365);
#3363 = CARTESIAN_POINT('',(-7.,-50.00002128854,48.));
#3364 = DIRECTION('',(0.,2.2E-16,1.));
#3365 = DIRECTION('',(-1.,0.,0.));
#3366 = ADVANCED_FACE('',(#3367),#3378,.F.);
#3367 = FACE_BOUND('',#3368,.F.);
#3368 = EDGE_LOOP('',(#3369,#3370,#3376,#3377));
#3369 = ORIENTED_EDGE('',*,*,#1988,.F.);
#3370 = ORIENTED_EDGE('',*,*,#3371,.T.);
#3371 = EDGE_CURVE('',#1989,#1601,#3372,.T.);
#3372 = LINE('',#3373,#3374);
#3373 = CARTESIAN_POINT('',(-6.,-50.00002128854,47.));
#3374 = VECTOR('',#3375,1.);
#3375 = DIRECTION('',(0.,1.,-2.2E-16));
#3376 = ORIENTED_EDGE('',*,*,#1608,.T.);
#3377 = ORIENTED_EDGE('',*,*,#3354,.F.);
#3378 = CYLINDRICAL_SURFACE('',#3379,1.);
#3379 = AXIS2_PLACEMENT_3D('',#3380,#3381,#3382);
#3380 = CARTESIAN_POINT('',(-7.,-50.00002128854,47.));
#3381 = DIRECTION('',(0.,-1.,2.2E-16));
#3382 = DIRECTION('',(1.,0.,0.));
#3383 = ADVANCED_FACE('',(#3384),#3395,.F.);
#3384 = FACE_BOUND('',#3385,.F.);
#3385 = EDGE_LOOP('',(#3386,#3387,#3393,#3394));
#3386 = ORIENTED_EDGE('',*,*,#1997,.T.);
#3387 = ORIENTED_EDGE('',*,*,#3388,.T.);
#3388 = EDGE_CURVE('',#1998,#1592,#3389,.T.);
#3389 = LINE('',#3390,#3391);
#3390 = CARTESIAN_POINT('',(-6.,-50.00002128854,14.598610507771));
#3391 = VECTOR('',#3392,1.);
#3392 = DIRECTION('',(0.,1.,-2.2E-16));
#3393 = ORIENTED_EDGE('',*,*,#1600,.F.);
#3394 = ORIENTED_EDGE('',*,*,#3371,.F.);
#3395 = PLANE('',#3396);
#3396 = AXIS2_PLACEMENT_3D('',#3397,#3398,#3399);
#3397 = CARTESIAN_POINT('',(-6.,-50.00002128854,14.598610507771));
#3398 = DIRECTION('',(1.,0.,-3.E-17));
#3399 = DIRECTION('',(3.E-17,2.2E-16,1.));
#3400 = ADVANCED_FACE('',(#3401),#3407,.F.);
#3401 = FACE_BOUND('',#3402,.F.);
#3402 = EDGE_LOOP('',(#3403,#3404,#3405,#3406));
#3403 = ORIENTED_EDGE('',*,*,#2005,.F.);
#3404 = ORIENTED_EDGE('',*,*,#3322,.T.);
#3405 = ORIENTED_EDGE('',*,*,#1591,.T.);
#3406 = ORIENTED_EDGE('',*,*,#3388,.F.);
#3407 = CYLINDRICAL_SURFACE('',#3408,1.);
#3408 = AXIS2_PLACEMENT_3D('',#3409,#3410,#3411);
#3409 = CARTESIAN_POINT('',(-7.,-50.00002128854,14.598610507771));
#3410 = DIRECTION('',(0.,-1.,2.2E-16));
#3411 = DIRECTION('',(1.,0.,0.));
#3412 = ADVANCED_FACE('',(#3413,#3428,#3439,#3450,#3461),#3472,.F.);
#3413 = FACE_BOUND('',#3414,.F.);
#3414 = EDGE_LOOP('',(#3415,#3416,#3417,#3418,#3419,#3425,#3426,#3427));
#3415 = ORIENTED_EDGE('',*,*,#1648,.T.);
#3416 = ORIENTED_EDGE('',*,*,#1672,.T.);
#3417 = ORIENTED_EDGE('',*,*,#1697,.T.);
#3418 = ORIENTED_EDGE('',*,*,#2532,.F.);
#3419 = ORIENTED_EDGE('',*,*,#3420,.F.);
#3420 = EDGE_CURVE('',#2592,#2525,#3421,.T.);
#3421 = LINE('',#3422,#3423);
#3422 = CARTESIAN_POINT('',(-53.,-21.49999999999,19.75));
#3423 = VECTOR('',#3424,1.);
#3424 = DIRECTION('',(0.,0.,1.));
#3425 = ORIENTED_EDGE('',*,*,#2591,.F.);
#3426 = ORIENTED_EDGE('',*,*,#1720,.T.);
#3427 = ORIENTED_EDGE('',*,*,#1849,.T.);
#3428 = FACE_BOUND('',#3429,.F.);
#3429 = EDGE_LOOP('',(#3430));
#3430 = ORIENTED_EDGE('',*,*,#3431,.T.);
#3431 = EDGE_CURVE('',#3432,#3432,#3434,.T.);
#3432 = VERTEX_POINT('',#3433);
#3433 = CARTESIAN_POINT('',(-53.,-27.,7.6));
#3434 = CIRCLE('',#3435,1.6);
#3435 = AXIS2_PLACEMENT_3D('',#3436,#3437,#3438);
#3436 = CARTESIAN_POINT('',(-53.,-27.,6.));
#3437 = DIRECTION('',(-1.,0.,0.));
#3438 = DIRECTION('',(0.,0.,1.));
#3439 = FACE_BOUND('',#3440,.F.);
#3440 = EDGE_LOOP('',(#3441));
#3441 = ORIENTED_EDGE('',*,*,#3442,.T.);
#3442 = EDGE_CURVE('',#3443,#3443,#3445,.T.);
#3443 = VERTEX_POINT('',#3444);
#3444 = CARTESIAN_POINT('',(-53.,-27.,55.6));
#3445 = CIRCLE('',#3446,1.6);
#3446 = AXIS2_PLACEMENT_3D('',#3447,#3448,#3449);
#3447 = CARTESIAN_POINT('',(-53.,-27.,54.));
#3448 = DIRECTION('',(-1.,0.,0.));
#3449 = DIRECTION('',(0.,0.,1.));
#3450 = FACE_BOUND('',#3451,.F.);
#3451 = EDGE_LOOP('',(#3452));
#3452 = ORIENTED_EDGE('',*,*,#3453,.T.);
#3453 = EDGE_CURVE('',#3454,#3454,#3456,.T.);
#3454 = VERTEX_POINT('',#3455);
#3455 = CARTESIAN_POINT('',(-53.,-36.5,7.6));
#3456 = CIRCLE('',#3457,1.6);
#3457 = AXIS2_PLACEMENT_3D('',#3458,#3459,#3460);
#3458 = CARTESIAN_POINT('',(-53.,-36.5,6.));
#3459 = DIRECTION('',(-1.,0.,0.));
#3460 = DIRECTION('',(0.,0.,1.));
#3461 = FACE_BOUND('',#3462,.F.);
#3462 = EDGE_LOOP('',(#3463));
#3463 = ORIENTED_EDGE('',*,*,#3464,.T.);
#3464 = EDGE_CURVE('',#3465,#3465,#3467,.T.);
#3465 = VERTEX_POINT('',#3466);
#3466 = CARTESIAN_POINT('',(-53.,-36.5,55.6));
#3467 = CIRCLE('',#3468,1.6);
#3468 = AXIS2_PLACEMENT_3D('',#3469,#3470,#3471);
#3469 = CARTESIAN_POINT('',(-53.,-36.5,54.));
#3470 = DIRECTION('',(-1.,0.,0.));
#3471 = DIRECTION('',(0.,0.,1.));
#3472 = PLANE('',#3473);
#3473 = AXIS2_PLACEMENT_3D('',#3474,#3475,#3476);
#3474 = CARTESIAN_POINT('',(-53.,0.,30.5));
#3475 = DIRECTION('',(1.,0.,0.));
#3476 = DIRECTION('',(0.,0.,1.));
#3477 = ADVANCED_FACE('',(#3478,#3493,#3504,#3515,#3526),#3537,.F.);
#3478 = FACE_BOUND('',#3479,.F.);
#3479 = EDGE_LOOP('',(#3480,#3481,#3482,#3483,#3484,#3490,#3491,#3492));
#3480 = ORIENTED_EDGE('',*,*,#1873,.F.);
#3481 = ORIENTED_EDGE('',*,*,#1904,.F.);
#3482 = ORIENTED_EDGE('',*,*,#1945,.F.);
#3483 = ORIENTED_EDGE('',*,*,#2567,.F.);
#3484 = ORIENTED_EDGE('',*,*,#3485,.F.);
#3485 = EDGE_CURVE('',#2486,#2560,#3486,.T.);
#3486 = LINE('',#3487,#3488);
#3487 = CARTESIAN_POINT('',(-53.,21.499999999992,40.25));
#3488 = VECTOR('',#3489,1.);
#3489 = DIRECTION('',(0.,0.,-1.));
#3490 = ORIENTED_EDGE('',*,*,#2485,.F.);
#3491 = ORIENTED_EDGE('',*,*,#1929,.F.);
#3492 = ORIENTED_EDGE('',*,*,#2074,.F.);
#3493 = FACE_BOUND('',#3494,.F.);
#3494 = EDGE_LOOP('',(#3495));
#3495 = ORIENTED_EDGE('',*,*,#3496,.T.);
#3496 = EDGE_CURVE('',#3497,#3497,#3499,.T.);
#3497 = VERTEX_POINT('',#3498);
#3498 = CARTESIAN_POINT('',(-53.,36.5,7.6));
#3499 = CIRCLE('',#3500,1.6);
#3500 = AXIS2_PLACEMENT_3D('',#3501,#3502,#3503);
#3501 = CARTESIAN_POINT('',(-53.,36.5,6.));
#3502 = DIRECTION('',(-1.,0.,0.));
#3503 = DIRECTION('',(0.,0.,1.));
#3504 = FACE_BOUND('',#3505,.F.);
#3505 = EDGE_LOOP('',(#3506));
#3506 = ORIENTED_EDGE('',*,*,#3507,.T.);
#3507 = EDGE_CURVE('',#3508,#3508,#3510,.T.);
#3508 = VERTEX_POINT('',#3509);
#3509 = CARTESIAN_POINT('',(-53.,36.5,55.6));
#3510 = CIRCLE('',#3511,1.6);
#3511 = AXIS2_PLACEMENT_3D('',#3512,#3513,#3514);
#3512 = CARTESIAN_POINT('',(-53.,36.5,54.));
#3513 = DIRECTION('',(-1.,0.,0.));
#3514 = DIRECTION('',(0.,0.,1.));
#3515 = FACE_BOUND('',#3516,.F.);
#3516 = EDGE_LOOP('',(#3517));
#3517 = ORIENTED_EDGE('',*,*,#3518,.T.);
#3518 = EDGE_CURVE('',#3519,#3519,#3521,.T.);
#3519 = VERTEX_POINT('',#3520);
#3520 = CARTESIAN_POINT('',(-53.,27.,7.6));
#3521 = CIRCLE('',#3522,1.6);
#3522 = AXIS2_PLACEMENT_3D('',#3523,#3524,#3525);
#3523 = CARTESIAN_POINT('',(-53.,27.,6.));
#3524 = DIRECTION('',(-1.,0.,0.));
#3525 = DIRECTION('',(0.,0.,1.));
#3526 = FACE_BOUND('',#3527,.F.);
#3527 = EDGE_LOOP('',(#3528));
#3528 = ORIENTED_EDGE('',*,*,#3529,.T.);
#3529 = EDGE_CURVE('',#3530,#3530,#3532,.T.);
#3530 = VERTEX_POINT('',#3531);
#3531 = CARTESIAN_POINT('',(-53.,27.,55.6));
#3532 = CIRCLE('',#3533,1.6);
#3533 = AXIS2_PLACEMENT_3D('',#3534,#3535,#3536);
#3534 = CARTESIAN_POINT('',(-53.,27.,54.));
#3535 = DIRECTION('',(-1.,0.,0.));
#3536 = DIRECTION('',(0.,0.,1.));
#3537 = PLANE('',#3538);
#3538 = AXIS2_PLACEMENT_3D('',#3539,#3540,#3541);
#3539 = CARTESIAN_POINT('',(-53.,0.,30.5));
#3540 = DIRECTION('',(1.,0.,0.));
#3541 = DIRECTION('',(0.,0.,1.));
#3542 = ADVANCED_FACE('',(#3543),#3549,.T.);
#3543 = FACE_BOUND('',#3544,.F.);
#3544 = EDGE_LOOP('',(#3545,#3546,#3547,#3548));
#3545 = ORIENTED_EDGE('',*,*,#2098,.T.);
#3546 = ORIENTED_EDGE('',*,*,#2122,.T.);
#3547 = ORIENTED_EDGE('',*,*,#2168,.T.);
#3548 = ORIENTED_EDGE('',*,*,#2192,.T.);
#3549 = PLANE('',#3550);
#3550 = AXIS2_PLACEMENT_3D('',#3551,#3552,#3553);
#3551 = CARTESIAN_POINT('',(20.,-4.509134E-11,30.000000000012));
#3552 = DIRECTION('',(1.,0.,0.));
#3553 = DIRECTION('',(0.,0.,1.));
#3554 = ADVANCED_FACE('',(#3555),#3566,.F.);
#3555 = FACE_BOUND('',#3556,.T.);
#3556 = EDGE_LOOP('',(#3557,#3558,#3564,#3565));
#3557 = ORIENTED_EDGE('',*,*,#2202,.F.);
#3558 = ORIENTED_EDGE('',*,*,#3559,.T.);
#3559 = EDGE_CURVE('',#2203,#2140,#3560,.T.);
#3560 = LINE('',#3561,#3562);
#3561 = CARTESIAN_POINT('',(11.35,22.0000000001,0.));
#3562 = VECTOR('',#3563,1.);
#3563 = DIRECTION('',(6.E-17,0.,1.));
#3564 = ORIENTED_EDGE('',*,*,#2139,.T.);
#3565 = ORIENTED_EDGE('',*,*,#3559,.F.);
#3566 = CYLINDRICAL_SURFACE('',#3567,1.65);
#3567 = AXIS2_PLACEMENT_3D('',#3568,#3569,#3570);
#3568 = CARTESIAN_POINT('',(13.,22.0000000001,0.));
#3569 = DIRECTION('',(0.,0.,1.));
#3570 = DIRECTION('',(-1.,0.,0.));
#3571 = ADVANCED_FACE('',(#3572),#3583,.F.);
#3572 = FACE_BOUND('',#3573,.T.);
#3573 = EDGE_LOOP('',(#3574,#3575,#3581,#3582));
#3574 = ORIENTED_EDGE('',*,*,#2213,.F.);
#3575 = ORIENTED_EDGE('',*,*,#3576,.T.);
#3576 = EDGE_CURVE('',#2214,#2151,#3577,.T.);
#3577 = LINE('',#3578,#3579);
#3578 = CARTESIAN_POINT('',(3.35,22.0000000001,0.));
#3579 = VECTOR('',#3580,1.);
#3580 = DIRECTION('',(6.E-17,0.,1.));
#3581 = ORIENTED_EDGE('',*,*,#2150,.T.);
#3582 = ORIENTED_EDGE('',*,*,#3576,.F.);
#3583 = CYLINDRICAL_SURFACE('',#3584,1.65);
#3584 = AXIS2_PLACEMENT_3D('',#3585,#3586,#3587);
#3585 = CARTESIAN_POINT('',(5.,22.0000000001,0.));
#3586 = DIRECTION('',(0.,0.,1.));
#3587 = DIRECTION('',(-1.,0.,0.));
#3588 = ADVANCED_FACE('',(#3589),#3595,.T.);
#3589 = FACE_BOUND('',#3590,.T.);
#3590 = EDGE_LOOP('',(#3591,#3592,#3593,#3594));
#3591 = ORIENTED_EDGE('',*,*,#2354,.T.);
#3592 = ORIENTED_EDGE('',*,*,#2315,.T.);
#3593 = ORIENTED_EDGE('',*,*,#2291,.T.);
#3594 = ORIENTED_EDGE('',*,*,#2238,.T.);
#3595 = PLANE('',#3596);
#3596 = AXIS2_PLACEMENT_3D('',#3597,#3598,#3599);
#3597 = CARTESIAN_POINT('',(20.,-4.509134E-11,30.000000000012));
#3598 = DIRECTION('',(1.,0.,0.));
#3599 = DIRECTION('',(0.,0.,1.));
#3600 = ADVANCED_FACE('',(#3601),#3612,.F.);
#3601 = FACE_BOUND('',#3602,.T.);
#3602 = EDGE_LOOP('',(#3603,#3604,#3610,#3611));
#3603 = ORIENTED_EDGE('',*,*,#2325,.F.);
#3604 = ORIENTED_EDGE('',*,*,#3605,.T.);
#3605 = EDGE_CURVE('',#2326,#2256,#3606,.T.);
#3606 = LINE('',#3607,#3608);
#3607 = CARTESIAN_POINT('',(11.35,22.0000000001,0.));
#3608 = VECTOR('',#3609,1.);
#3609 = DIRECTION('',(6.E-17,0.,1.));
#3610 = ORIENTED_EDGE('',*,*,#2255,.T.);
#3611 = ORIENTED_EDGE('',*,*,#3605,.F.);
#3612 = CYLINDRICAL_SURFACE('',#3613,1.65);
#3613 = AXIS2_PLACEMENT_3D('',#3614,#3615,#3616);
#3614 = CARTESIAN_POINT('',(13.,22.0000000001,0.));
#3615 = DIRECTION('',(0.,0.,1.));
#3616 = DIRECTION('',(-1.,0.,0.));
#3617 = ADVANCED_FACE('',(#3618),#3629,.F.);
#3618 = FACE_BOUND('',#3619,.T.);
#3619 = EDGE_LOOP('',(#3620,#3621,#3627,#3628));
#3620 = ORIENTED_EDGE('',*,*,#2336,.F.);
#3621 = ORIENTED_EDGE('',*,*,#3622,.T.);
#3622 = EDGE_CURVE('',#2337,#2267,#3623,.T.);
#3623 = LINE('',#3624,#3625);
#3624 = CARTESIAN_POINT('',(3.35,22.0000000001,0.));
#3625 = VECTOR('',#3626,1.);
#3626 = DIRECTION('',(6.E-17,0.,1.));
#3627 = ORIENTED_EDGE('',*,*,#2266,.T.);
#3628 = ORIENTED_EDGE('',*,*,#3622,.F.);
#3629 = CYLINDRICAL_SURFACE('',#3630,1.65);
#3630 = AXIS2_PLACEMENT_3D('',#3631,#3632,#3633);
#3631 = CARTESIAN_POINT('',(5.,22.0000000001,0.));
#3632 = DIRECTION('',(0.,0.,1.));
#3633 = DIRECTION('',(-1.,0.,0.));
#3634 = ADVANCED_FACE('',(#3635),#3646,.T.);
#3635 = FACE_BOUND('',#3636,.T.);
#3636 = EDGE_LOOP('',(#3637,#3643,#3644,#3645));
#3637 = ORIENTED_EDGE('',*,*,#3638,.T.);
#3638 = EDGE_CURVE('',#2517,#2404,#3639,.T.);
#3639 = LINE('',#3640,#3641);
#3640 = CARTESIAN_POINT('',(-44.,-21.49999999999,44.));
#3641 = VECTOR('',#3642,1.);
#3642 = DIRECTION('',(0.,0.,1.));
#3643 = ORIENTED_EDGE('',*,*,#2411,.T.);
#3644 = ORIENTED_EDGE('',*,*,#2460,.T.);
#3645 = ORIENTED_EDGE('',*,*,#2516,.F.);
#3646 = PLANE('',#3647);
#3647 = AXIS2_PLACEMENT_3D('',#3648,#3649,#3650);
#3648 = CARTESIAN_POINT('',(-44.,1.9406E-13,30.));
#3649 = DIRECTION('',(1.,0.,0.));
#3650 = DIRECTION('',(0.,0.,1.));
#3651 = ADVANCED_FACE('',(#3652),#3672,.T.);
#3652 = FACE_BOUND('',#3653,.T.);
#3653 = EDGE_LOOP('',(#3654,#3655,#3656,#3657,#3658,#3659,#3665,#3666));
#3654 = ORIENTED_EDGE('',*,*,#2403,.T.);
#3655 = ORIENTED_EDGE('',*,*,#3638,.F.);
#3656 = ORIENTED_EDGE('',*,*,#2524,.T.);
#3657 = ORIENTED_EDGE('',*,*,#3420,.F.);
#3658 = ORIENTED_EDGE('',*,*,#2599,.F.);
#3659 = ORIENTED_EDGE('',*,*,#3660,.F.);
#3660 = EDGE_CURVE('',#2682,#2600,#3661,.T.);
#3661 = LINE('',#3662,#3663);
#3662 = CARTESIAN_POINT('',(-44.,-21.49999999999,44.));
#3663 = VECTOR('',#3664,1.);
#3664 = DIRECTION('',(0.,0.,1.));
#3665 = ORIENTED_EDGE('',*,*,#2689,.T.);
#3666 = ORIENTED_EDGE('',*,*,#3667,.F.);
#3667 = EDGE_CURVE('',#2396,#2690,#3668,.T.);
#3668 = LINE('',#3669,#3670);
#3669 = CARTESIAN_POINT('',(-40.,-21.49999999999,58.));
#3670 = VECTOR('',#3671,1.);
#3671 = DIRECTION('',(0.,0.,-1.));
#3672 = PLANE('',#3673);
#3673 = AXIS2_PLACEMENT_3D('',#3674,#3675,#3676);
#3674 = CARTESIAN_POINT('',(-46.33928571428,-21.49999999999,
    29.919642857143));
#3675 = DIRECTION('',(-2.5E-16,-1.,-0.));
#3676 = DIRECTION('',(-1.,2.5E-16,0.));
#3677 = ADVANCED_FACE('',(#3678),#3689,.T.);
#3678 = FACE_BOUND('',#3679,.T.);
#3679 = EDGE_LOOP('',(#3680,#3681,#3682,#3683));
#3680 = ORIENTED_EDGE('',*,*,#2395,.F.);
#3681 = ORIENTED_EDGE('',*,*,#3667,.T.);
#3682 = ORIENTED_EDGE('',*,*,#2697,.F.);
#3683 = ORIENTED_EDGE('',*,*,#3684,.T.);
#3684 = EDGE_CURVE('',#2698,#2388,#3685,.T.);
#3685 = LINE('',#3686,#3687);
#3686 = CARTESIAN_POINT('',(-40.,21.499999999992,2.));
#3687 = VECTOR('',#3688,1.);
#3688 = DIRECTION('',(0.,0.,1.));
#3689 = PLANE('',#3690);
#3690 = AXIS2_PLACEMENT_3D('',#3691,#3692,#3693);
#3691 = CARTESIAN_POINT('',(-40.,-2.65958E-12,30.));
#3692 = DIRECTION('',(1.,0.,0.));
#3693 = DIRECTION('',(0.,0.,1.));
#3694 = ADVANCED_FACE('',(#3695),#3715,.T.);
#3695 = FACE_BOUND('',#3696,.T.);
#3696 = EDGE_LOOP('',(#3697,#3698,#3704,#3705,#3706,#3707,#3713,#3714));
#3697 = ORIENTED_EDGE('',*,*,#2705,.T.);
#3698 = ORIENTED_EDGE('',*,*,#3699,.F.);
#3699 = EDGE_CURVE('',#2550,#2706,#3700,.T.);
#3700 = LINE('',#3701,#3702);
#3701 = CARTESIAN_POINT('',(-44.,21.499999999992,16.));
#3702 = VECTOR('',#3703,1.);
#3703 = DIRECTION('',(0.,0.,-1.));
#3704 = ORIENTED_EDGE('',*,*,#2559,.T.);
#3705 = ORIENTED_EDGE('',*,*,#3485,.F.);
#3706 = ORIENTED_EDGE('',*,*,#2493,.F.);
#3707 = ORIENTED_EDGE('',*,*,#3708,.F.);
#3708 = EDGE_CURVE('',#2380,#2494,#3709,.T.);
#3709 = LINE('',#3710,#3711);
#3710 = CARTESIAN_POINT('',(-44.,21.499999999992,16.));
#3711 = VECTOR('',#3712,1.);
#3712 = DIRECTION('',(0.,0.,-1.));
#3713 = ORIENTED_EDGE('',*,*,#2387,.T.);
#3714 = ORIENTED_EDGE('',*,*,#3684,.F.);
#3715 = PLANE('',#3716);
#3716 = AXIS2_PLACEMENT_3D('',#3717,#3718,#3719);
#3717 = CARTESIAN_POINT('',(-46.33928571428,21.499999999992,
    29.919642857143));
#3718 = DIRECTION('',(0.,1.,0.));
#3719 = DIRECTION('',(0.,0.,1.));
#3720 = ADVANCED_FACE('',(#3721),#3727,.T.);
#3721 = FACE_BOUND('',#3722,.T.);
#3722 = EDGE_LOOP('',(#3723,#3724,#3725,#3726));
#3723 = ORIENTED_EDGE('',*,*,#2442,.T.);
#3724 = ORIENTED_EDGE('',*,*,#2379,.T.);
#3725 = ORIENTED_EDGE('',*,*,#3708,.T.);
#3726 = ORIENTED_EDGE('',*,*,#2501,.F.);
#3727 = PLANE('',#3728);
#3728 = AXIS2_PLACEMENT_3D('',#3729,#3730,#3731);
#3729 = CARTESIAN_POINT('',(-44.,1.9406E-13,30.));
#3730 = DIRECTION('',(1.,0.,0.));
#3731 = DIRECTION('',(0.,0.,1.));
#3732 = ADVANCED_FACE('',(#3733),#3739,.T.);
#3733 = FACE_BOUND('',#3734,.T.);
#3734 = EDGE_LOOP('',(#3735,#3736,#3737,#3738));
#3735 = ORIENTED_EDGE('',*,*,#2549,.F.);
#3736 = ORIENTED_EDGE('',*,*,#3699,.T.);
#3737 = ORIENTED_EDGE('',*,*,#2713,.T.);
#3738 = ORIENTED_EDGE('',*,*,#2638,.T.);
#3739 = PLANE('',#3740);
#3740 = AXIS2_PLACEMENT_3D('',#3741,#3742,#3743);
#3741 = CARTESIAN_POINT('',(-44.,1.9406E-13,30.));
#3742 = DIRECTION('',(1.,0.,0.));
#3743 = DIRECTION('',(0.,0.,1.));
#3744 = ADVANCED_FACE('',(#3745),#3751,.T.);
#3745 = FACE_BOUND('',#3746,.T.);
#3746 = EDGE_LOOP('',(#3747,#3748,#3749,#3750));
#3747 = ORIENTED_EDGE('',*,*,#3660,.T.);
#3748 = ORIENTED_EDGE('',*,*,#2607,.F.);
#3749 = ORIENTED_EDGE('',*,*,#2656,.T.);
#3750 = ORIENTED_EDGE('',*,*,#2681,.T.);
#3751 = PLANE('',#3752);
#3752 = AXIS2_PLACEMENT_3D('',#3753,#3754,#3755);
#3753 = CARTESIAN_POINT('',(-44.,1.9406E-13,30.));
#3754 = DIRECTION('',(1.,0.,0.));
#3755 = DIRECTION('',(0.,0.,1.));
#3756 = ADVANCED_FACE('',(#3757),#3763,.T.);
#3757 = FACE_BOUND('',#3758,.T.);
#3758 = EDGE_LOOP('',(#3759,#3760,#3761,#3762));
#3759 = ORIENTED_EDGE('',*,*,#2852,.T.);
#3760 = ORIENTED_EDGE('',*,*,#2813,.T.);
#3761 = ORIENTED_EDGE('',*,*,#2789,.T.);
#3762 = ORIENTED_EDGE('',*,*,#2736,.T.);
#3763 = PLANE('',#3764);
#3764 = AXIS2_PLACEMENT_3D('',#3765,#3766,#3767);
#3765 = CARTESIAN_POINT('',(20.,-4.509134E-11,30.000000000012));
#3766 = DIRECTION('',(1.,0.,0.));
#3767 = DIRECTION('',(0.,0.,1.));
#3768 = ADVANCED_FACE('',(#3769),#3780,.F.);
#3769 = FACE_BOUND('',#3770,.T.);
#3770 = EDGE_LOOP('',(#3771,#3772,#3778,#3779));
#3771 = ORIENTED_EDGE('',*,*,#2823,.F.);
#3772 = ORIENTED_EDGE('',*,*,#3773,.T.);
#3773 = EDGE_CURVE('',#2824,#2754,#3774,.T.);
#3774 = LINE('',#3775,#3776);
#3775 = CARTESIAN_POINT('',(11.35,-22.0000000001,0.));
#3776 = VECTOR('',#3777,1.);
#3777 = DIRECTION('',(6.E-17,0.,1.));
#3778 = ORIENTED_EDGE('',*,*,#2753,.T.);
#3779 = ORIENTED_EDGE('',*,*,#3773,.F.);
#3780 = CYLINDRICAL_SURFACE('',#3781,1.65);
#3781 = AXIS2_PLACEMENT_3D('',#3782,#3783,#3784);
#3782 = CARTESIAN_POINT('',(13.,-22.0000000001,0.));
#3783 = DIRECTION('',(0.,0.,1.));
#3784 = DIRECTION('',(-1.,0.,0.));
#3785 = ADVANCED_FACE('',(#3786),#3797,.F.);
#3786 = FACE_BOUND('',#3787,.T.);
#3787 = EDGE_LOOP('',(#3788,#3789,#3795,#3796));
#3788 = ORIENTED_EDGE('',*,*,#2834,.F.);
#3789 = ORIENTED_EDGE('',*,*,#3790,.T.);
#3790 = EDGE_CURVE('',#2835,#2765,#3791,.T.);
#3791 = LINE('',#3792,#3793);
#3792 = CARTESIAN_POINT('',(3.35,-22.0000000001,0.));
#3793 = VECTOR('',#3794,1.);
#3794 = DIRECTION('',(6.E-17,0.,1.));
#3795 = ORIENTED_EDGE('',*,*,#2764,.T.);
#3796 = ORIENTED_EDGE('',*,*,#3790,.F.);
#3797 = CYLINDRICAL_SURFACE('',#3798,1.65);
#3798 = AXIS2_PLACEMENT_3D('',#3799,#3800,#3801);
#3799 = CARTESIAN_POINT('',(5.,-22.0000000001,0.));
#3800 = DIRECTION('',(0.,0.,1.));
#3801 = DIRECTION('',(-1.,0.,0.));
#3802 = ADVANCED_FACE('',(#3803),#3809,.T.);
#3803 = FACE_BOUND('',#3804,.T.);
#3804 = EDGE_LOOP('',(#3805,#3806,#3807,#3808));
#3805 = ORIENTED_EDGE('',*,*,#2992,.T.);
#3806 = ORIENTED_EDGE('',*,*,#2953,.T.);
#3807 = ORIENTED_EDGE('',*,*,#2929,.T.);
#3808 = ORIENTED_EDGE('',*,*,#2876,.T.);
#3809 = PLANE('',#3810);
#3810 = AXIS2_PLACEMENT_3D('',#3811,#3812,#3813);
#3811 = CARTESIAN_POINT('',(20.,-4.509134E-11,30.000000000012));
#3812 = DIRECTION('',(1.,0.,0.));
#3813 = DIRECTION('',(0.,0.,1.));
#3814 = ADVANCED_FACE('',(#3815),#3826,.F.);
#3815 = FACE_BOUND('',#3816,.T.);
#3816 = EDGE_LOOP('',(#3817,#3818,#3824,#3825));
#3817 = ORIENTED_EDGE('',*,*,#2963,.F.);
#3818 = ORIENTED_EDGE('',*,*,#3819,.T.);
#3819 = EDGE_CURVE('',#2964,#2894,#3820,.T.);
#3820 = LINE('',#3821,#3822);
#3821 = CARTESIAN_POINT('',(11.35,-22.0000000001,0.));
#3822 = VECTOR('',#3823,1.);
#3823 = DIRECTION('',(6.E-17,0.,1.));
#3824 = ORIENTED_EDGE('',*,*,#2893,.T.);
#3825 = ORIENTED_EDGE('',*,*,#3819,.F.);
#3826 = CYLINDRICAL_SURFACE('',#3827,1.65);
#3827 = AXIS2_PLACEMENT_3D('',#3828,#3829,#3830);
#3828 = CARTESIAN_POINT('',(13.,-22.0000000001,0.));
#3829 = DIRECTION('',(0.,0.,1.));
#3830 = DIRECTION('',(-1.,0.,0.));
#3831 = ADVANCED_FACE('',(#3832),#3843,.F.);
#3832 = FACE_BOUND('',#3833,.T.);
#3833 = EDGE_LOOP('',(#3834,#3835,#3841,#3842));
#3834 = ORIENTED_EDGE('',*,*,#2974,.F.);
#3835 = ORIENTED_EDGE('',*,*,#3836,.T.);
#3836 = EDGE_CURVE('',#2975,#2905,#3837,.T.);
#3837 = LINE('',#3838,#3839);
#3838 = CARTESIAN_POINT('',(3.35,-22.0000000001,0.));
#3839 = VECTOR('',#3840,1.);
#3840 = DIRECTION('',(6.E-17,0.,1.));
#3841 = ORIENTED_EDGE('',*,*,#2904,.T.);
#3842 = ORIENTED_EDGE('',*,*,#3836,.F.);
#3843 = CYLINDRICAL_SURFACE('',#3844,1.65);
#3844 = AXIS2_PLACEMENT_3D('',#3845,#3846,#3847);
#3845 = CARTESIAN_POINT('',(5.,-22.0000000001,0.));
#3846 = DIRECTION('',(0.,0.,1.));
#3847 = DIRECTION('',(-1.,0.,0.));
#3848 = ADVANCED_FACE('',(#3849),#3868,.F.);
#3849 = FACE_BOUND('',#3850,.T.);
#3850 = EDGE_LOOP('',(#3851,#3859,#3860,#3861));
#3851 = ORIENTED_EDGE('',*,*,#3852,.F.);
#3852 = EDGE_CURVE('',#3432,#3853,#3855,.T.);
#3853 = VERTEX_POINT('',#3854);
#3854 = CARTESIAN_POINT('',(-43.,-27.,7.6));
#3855 = LINE('',#3856,#3857);
#3856 = CARTESIAN_POINT('',(-53.,-27.,7.6));
#3857 = VECTOR('',#3858,1.);
#3858 = DIRECTION('',(1.,0.,-7.E-17));
#3859 = ORIENTED_EDGE('',*,*,#3431,.T.);
#3860 = ORIENTED_EDGE('',*,*,#3852,.T.);
#3861 = ORIENTED_EDGE('',*,*,#3862,.F.);
#3862 = EDGE_CURVE('',#3853,#3853,#3863,.T.);
#3863 = CIRCLE('',#3864,1.6);
#3864 = AXIS2_PLACEMENT_3D('',#3865,#3866,#3867);
#3865 = CARTESIAN_POINT('',(-43.,-27.,6.));
#3866 = DIRECTION('',(-1.,0.,0.));
#3867 = DIRECTION('',(0.,0.,1.));
#3868 = CYLINDRICAL_SURFACE('',#3869,1.6);
#3869 = AXIS2_PLACEMENT_3D('',#3870,#3871,#3872);
#3870 = CARTESIAN_POINT('',(-53.,-27.,6.));
#3871 = DIRECTION('',(1.,0.,0.));
#3872 = DIRECTION('',(0.,0.,1.));
#3873 = ADVANCED_FACE('',(#3874),#3893,.F.);
#3874 = FACE_BOUND('',#3875,.T.);
#3875 = EDGE_LOOP('',(#3876,#3884,#3885,#3886));
#3876 = ORIENTED_EDGE('',*,*,#3877,.F.);
#3877 = EDGE_CURVE('',#3443,#3878,#3880,.T.);
#3878 = VERTEX_POINT('',#3879);
#3879 = CARTESIAN_POINT('',(-43.,-27.,55.6));
#3880 = LINE('',#3881,#3882);
#3881 = CARTESIAN_POINT('',(-53.,-27.,55.6));
#3882 = VECTOR('',#3883,1.);
#3883 = DIRECTION('',(1.,0.,-7.E-17));
#3884 = ORIENTED_EDGE('',*,*,#3442,.T.);
#3885 = ORIENTED_EDGE('',*,*,#3877,.T.);
#3886 = ORIENTED_EDGE('',*,*,#3887,.F.);
#3887 = EDGE_CURVE('',#3878,#3878,#3888,.T.);
#3888 = CIRCLE('',#3889,1.6);
#3889 = AXIS2_PLACEMENT_3D('',#3890,#3891,#3892);
#3890 = CARTESIAN_POINT('',(-43.,-27.,54.));
#3891 = DIRECTION('',(-1.,0.,0.));
#3892 = DIRECTION('',(0.,0.,1.));
#3893 = CYLINDRICAL_SURFACE('',#3894,1.6);
#3894 = AXIS2_PLACEMENT_3D('',#3895,#3896,#3897);
#3895 = CARTESIAN_POINT('',(-53.,-27.,54.));
#3896 = DIRECTION('',(1.,0.,0.));
#3897 = DIRECTION('',(0.,0.,1.));
#3898 = ADVANCED_FACE('',(#3899),#3918,.F.);
#3899 = FACE_BOUND('',#3900,.T.);
#3900 = EDGE_LOOP('',(#3901,#3909,#3910,#3911));
#3901 = ORIENTED_EDGE('',*,*,#3902,.F.);
#3902 = EDGE_CURVE('',#3454,#3903,#3905,.T.);
#3903 = VERTEX_POINT('',#3904);
#3904 = CARTESIAN_POINT('',(-43.,-36.5,7.6));
#3905 = LINE('',#3906,#3907);
#3906 = CARTESIAN_POINT('',(-53.,-36.5,7.6));
#3907 = VECTOR('',#3908,1.);
#3908 = DIRECTION('',(1.,0.,-7.E-17));
#3909 = ORIENTED_EDGE('',*,*,#3453,.T.);
#3910 = ORIENTED_EDGE('',*,*,#3902,.T.);
#3911 = ORIENTED_EDGE('',*,*,#3912,.F.);
#3912 = EDGE_CURVE('',#3903,#3903,#3913,.T.);
#3913 = CIRCLE('',#3914,1.6);
#3914 = AXIS2_PLACEMENT_3D('',#3915,#3916,#3917);
#3915 = CARTESIAN_POINT('',(-43.,-36.5,6.));
#3916 = DIRECTION('',(-1.,0.,0.));
#3917 = DIRECTION('',(0.,0.,1.));
#3918 = CYLINDRICAL_SURFACE('',#3919,1.6);
#3919 = AXIS2_PLACEMENT_3D('',#3920,#3921,#3922);
#3920 = CARTESIAN_POINT('',(-53.,-36.5,6.));
#3921 = DIRECTION('',(1.,0.,0.));
#3922 = DIRECTION('',(0.,0.,1.));
#3923 = ADVANCED_FACE('',(#3924),#3943,.F.);
#3924 = FACE_BOUND('',#3925,.T.);
#3925 = EDGE_LOOP('',(#3926,#3934,#3935,#3936));
#3926 = ORIENTED_EDGE('',*,*,#3927,.F.);
#3927 = EDGE_CURVE('',#3465,#3928,#3930,.T.);
#3928 = VERTEX_POINT('',#3929);
#3929 = CARTESIAN_POINT('',(-43.,-36.5,55.6));
#3930 = LINE('',#3931,#3932);
#3931 = CARTESIAN_POINT('',(-53.,-36.5,55.6));
#3932 = VECTOR('',#3933,1.);
#3933 = DIRECTION('',(1.,0.,-7.E-17));
#3934 = ORIENTED_EDGE('',*,*,#3464,.T.);
#3935 = ORIENTED_EDGE('',*,*,#3927,.T.);
#3936 = ORIENTED_EDGE('',*,*,#3937,.F.);
#3937 = EDGE_CURVE('',#3928,#3928,#3938,.T.);
#3938 = CIRCLE('',#3939,1.6);
#3939 = AXIS2_PLACEMENT_3D('',#3940,#3941,#3942);
#3940 = CARTESIAN_POINT('',(-43.,-36.5,54.));
#3941 = DIRECTION('',(-1.,0.,0.));
#3942 = DIRECTION('',(0.,0.,1.));
#3943 = CYLINDRICAL_SURFACE('',#3944,1.6);
#3944 = AXIS2_PLACEMENT_3D('',#3945,#3946,#3947);
#3945 = CARTESIAN_POINT('',(-53.,-36.5,54.));
#3946 = DIRECTION('',(1.,0.,0.));
#3947 = DIRECTION('',(0.,0.,1.));
#3948 = ADVANCED_FACE('',(#3949),#3968,.F.);
#3949 = FACE_BOUND('',#3950,.T.);
#3950 = EDGE_LOOP('',(#3951,#3959,#3960,#3961));
#3951 = ORIENTED_EDGE('',*,*,#3952,.F.);
#3952 = EDGE_CURVE('',#3497,#3953,#3955,.T.);
#3953 = VERTEX_POINT('',#3954);
#3954 = CARTESIAN_POINT('',(-43.,36.5,7.6));
#3955 = LINE('',#3956,#3957);
#3956 = CARTESIAN_POINT('',(-53.,36.5,7.6));
#3957 = VECTOR('',#3958,1.);
#3958 = DIRECTION('',(1.,0.,-7.E-17));
#3959 = ORIENTED_EDGE('',*,*,#3496,.T.);
#3960 = ORIENTED_EDGE('',*,*,#3952,.T.);
#3961 = ORIENTED_EDGE('',*,*,#3962,.F.);
#3962 = EDGE_CURVE('',#3953,#3953,#3963,.T.);
#3963 = CIRCLE('',#3964,1.6);
#3964 = AXIS2_PLACEMENT_3D('',#3965,#3966,#3967);
#3965 = CARTESIAN_POINT('',(-43.,36.5,6.));
#3966 = DIRECTION('',(-1.,0.,0.));
#3967 = DIRECTION('',(0.,0.,1.));
#3968 = CYLINDRICAL_SURFACE('',#3969,1.6);
#3969 = AXIS2_PLACEMENT_3D('',#3970,#3971,#3972);
#3970 = CARTESIAN_POINT('',(-53.,36.5,6.));
#3971 = DIRECTION('',(1.,0.,0.));
#3972 = DIRECTION('',(0.,0.,1.));
#3973 = ADVANCED_FACE('',(#3974),#3993,.F.);
#3974 = FACE_BOUND('',#3975,.T.);
#3975 = EDGE_LOOP('',(#3976,#3984,#3985,#3986));
#3976 = ORIENTED_EDGE('',*,*,#3977,.F.);
#3977 = EDGE_CURVE('',#3508,#3978,#3980,.T.);
#3978 = VERTEX_POINT('',#3979);
#3979 = CARTESIAN_POINT('',(-43.,36.5,55.6));
#3980 = LINE('',#3981,#3982);
#3981 = CARTESIAN_POINT('',(-53.,36.5,55.6));
#3982 = VECTOR('',#3983,1.);
#3983 = DIRECTION('',(1.,0.,-7.E-17));
#3984 = ORIENTED_EDGE('',*,*,#3507,.T.);
#3985 = ORIENTED_EDGE('',*,*,#3977,.T.);
#3986 = ORIENTED_EDGE('',*,*,#3987,.F.);
#3987 = EDGE_CURVE('',#3978,#3978,#3988,.T.);
#3988 = CIRCLE('',#3989,1.6);
#3989 = AXIS2_PLACEMENT_3D('',#3990,#3991,#3992);
#3990 = CARTESIAN_POINT('',(-43.,36.5,54.));
#3991 = DIRECTION('',(-1.,0.,0.));
#3992 = DIRECTION('',(0.,0.,1.));
#3993 = CYLINDRICAL_SURFACE('',#3994,1.6);
#3994 = AXIS2_PLACEMENT_3D('',#3995,#3996,#3997);
#3995 = CARTESIAN_POINT('',(-53.,36.5,54.));
#3996 = DIRECTION('',(1.,0.,0.));
#3997 = DIRECTION('',(0.,0.,1.));
#3998 = ADVANCED_FACE('',(#3999),#4018,.F.);
#3999 = FACE_BOUND('',#4000,.T.);
#4000 = EDGE_LOOP('',(#4001,#4009,#4010,#4011));
#4001 = ORIENTED_EDGE('',*,*,#4002,.F.);
#4002 = EDGE_CURVE('',#3519,#4003,#4005,.T.);
#4003 = VERTEX_POINT('',#4004);
#4004 = CARTESIAN_POINT('',(-43.,27.,7.6));
#4005 = LINE('',#4006,#4007);
#4006 = CARTESIAN_POINT('',(-53.,27.,7.6));
#4007 = VECTOR('',#4008,1.);
#4008 = DIRECTION('',(1.,0.,-7.E-17));
#4009 = ORIENTED_EDGE('',*,*,#3518,.T.);
#4010 = ORIENTED_EDGE('',*,*,#4002,.T.);
#4011 = ORIENTED_EDGE('',*,*,#4012,.F.);
#4012 = EDGE_CURVE('',#4003,#4003,#4013,.T.);
#4013 = CIRCLE('',#4014,1.6);
#4014 = AXIS2_PLACEMENT_3D('',#4015,#4016,#4017);
#4015 = CARTESIAN_POINT('',(-43.,27.,6.));
#4016 = DIRECTION('',(-1.,0.,0.));
#4017 = DIRECTION('',(0.,0.,1.));
#4018 = CYLINDRICAL_SURFACE('',#4019,1.6);
#4019 = AXIS2_PLACEMENT_3D('',#4020,#4021,#4022);
#4020 = CARTESIAN_POINT('',(-53.,27.,6.));
#4021 = DIRECTION('',(1.,0.,0.));
#4022 = DIRECTION('',(0.,0.,1.));
#4023 = ADVANCED_FACE('',(#4024),#4043,.F.);
#4024 = FACE_BOUND('',#4025,.T.);
#4025 = EDGE_LOOP('',(#4026,#4034,#4035,#4036));
#4026 = ORIENTED_EDGE('',*,*,#4027,.F.);
#4027 = EDGE_CURVE('',#3530,#4028,#4030,.T.);
#4028 = VERTEX_POINT('',#4029);
#4029 = CARTESIAN_POINT('',(-43.,27.,55.6));
#4030 = LINE('',#4031,#4032);
#4031 = CARTESIAN_POINT('',(-53.,27.,55.6));
#4032 = VECTOR('',#4033,1.);
#4033 = DIRECTION('',(1.,0.,-7.E-17));
#4034 = ORIENTED_EDGE('',*,*,#3529,.T.);
#4035 = ORIENTED_EDGE('',*,*,#4027,.T.);
#4036 = ORIENTED_EDGE('',*,*,#4037,.F.);
#4037 = EDGE_CURVE('',#4028,#4028,#4038,.T.);
#4038 = CIRCLE('',#4039,1.6);
#4039 = AXIS2_PLACEMENT_3D('',#4040,#4041,#4042);
#4040 = CARTESIAN_POINT('',(-43.,27.,54.));
#4041 = DIRECTION('',(-1.,0.,0.));
#4042 = DIRECTION('',(0.,0.,1.));
#4043 = CYLINDRICAL_SURFACE('',#4044,1.6);
#4044 = AXIS2_PLACEMENT_3D('',#4045,#4046,#4047);
#4045 = CARTESIAN_POINT('',(-53.,27.,54.));
#4046 = DIRECTION('',(1.,0.,0.));
#4047 = DIRECTION('',(0.,0.,1.));
#4048 = ADVANCED_FACE('',(#4049),#4061,.F.);
#4049 = FACE_BOUND('',#4050,.T.);
#4050 = EDGE_LOOP('',(#4051,#4052,#4060));
#4051 = ORIENTED_EDGE('',*,*,#3862,.T.);
#4052 = ORIENTED_EDGE('',*,*,#4053,.T.);
#4053 = EDGE_CURVE('',#3853,#4054,#4056,.T.);
#4054 = VERTEX_POINT('',#4055);
#4055 = CARTESIAN_POINT('',(-42.03862300955,-27.,6.));
#4056 = LINE('',#4057,#4058);
#4057 = CARTESIAN_POINT('',(-43.,-27.,7.6));
#4058 = VECTOR('',#4059,1.);
#4059 = DIRECTION('',(0.51503807491,0.,-0.857167300702));
#4060 = ORIENTED_EDGE('',*,*,#4053,.F.);
#4061 = CONICAL_SURFACE('',#4062,1.6,1.029744258677);
#4062 = AXIS2_PLACEMENT_3D('',#4063,#4064,#4065);
#4063 = CARTESIAN_POINT('',(-43.,-27.,6.));
#4064 = DIRECTION('',(-1.,-0.,-0.));
#4065 = DIRECTION('',(0.,0.,1.));
#4066 = ADVANCED_FACE('',(#4067),#4079,.F.);
#4067 = FACE_BOUND('',#4068,.T.);
#4068 = EDGE_LOOP('',(#4069,#4070,#4078));
#4069 = ORIENTED_EDGE('',*,*,#3887,.T.);
#4070 = ORIENTED_EDGE('',*,*,#4071,.T.);
#4071 = EDGE_CURVE('',#3878,#4072,#4074,.T.);
#4072 = VERTEX_POINT('',#4073);
#4073 = CARTESIAN_POINT('',(-42.03862300955,-27.,54.));
#4074 = LINE('',#4075,#4076);
#4075 = CARTESIAN_POINT('',(-43.,-27.,55.6));
#4076 = VECTOR('',#4077,1.);
#4077 = DIRECTION('',(0.51503807491,0.,-0.857167300702));
#4078 = ORIENTED_EDGE('',*,*,#4071,.F.);
#4079 = CONICAL_SURFACE('',#4080,1.6,1.029744258677);
#4080 = AXIS2_PLACEMENT_3D('',#4081,#4082,#4083);
#4081 = CARTESIAN_POINT('',(-43.,-27.,54.));
#4082 = DIRECTION('',(-1.,-0.,-0.));
#4083 = DIRECTION('',(0.,0.,1.));
#4084 = ADVANCED_FACE('',(#4085),#4097,.F.);
#4085 = FACE_BOUND('',#4086,.T.);
#4086 = EDGE_LOOP('',(#4087,#4088,#4096));
#4087 = ORIENTED_EDGE('',*,*,#3912,.T.);
#4088 = ORIENTED_EDGE('',*,*,#4089,.T.);
#4089 = EDGE_CURVE('',#3903,#4090,#4092,.T.);
#4090 = VERTEX_POINT('',#4091);
#4091 = CARTESIAN_POINT('',(-42.03862300955,-36.5,6.));
#4092 = LINE('',#4093,#4094);
#4093 = CARTESIAN_POINT('',(-43.,-36.5,7.6));
#4094 = VECTOR('',#4095,1.);
#4095 = DIRECTION('',(0.51503807491,0.,-0.857167300702));
#4096 = ORIENTED_EDGE('',*,*,#4089,.F.);
#4097 = CONICAL_SURFACE('',#4098,1.6,1.029744258677);
#4098 = AXIS2_PLACEMENT_3D('',#4099,#4100,#4101);
#4099 = CARTESIAN_POINT('',(-43.,-36.5,6.));
#4100 = DIRECTION('',(-1.,-0.,-0.));
#4101 = DIRECTION('',(0.,0.,1.));
#4102 = ADVANCED_FACE('',(#4103),#4115,.F.);
#4103 = FACE_BOUND('',#4104,.T.);
#4104 = EDGE_LOOP('',(#4105,#4106,#4114));
#4105 = ORIENTED_EDGE('',*,*,#3937,.T.);
#4106 = ORIENTED_EDGE('',*,*,#4107,.T.);
#4107 = EDGE_CURVE('',#3928,#4108,#4110,.T.);
#4108 = VERTEX_POINT('',#4109);
#4109 = CARTESIAN_POINT('',(-42.03862300955,-36.5,54.));
#4110 = LINE('',#4111,#4112);
#4111 = CARTESIAN_POINT('',(-43.,-36.5,55.6));
#4112 = VECTOR('',#4113,1.);
#4113 = DIRECTION('',(0.51503807491,0.,-0.857167300702));
#4114 = ORIENTED_EDGE('',*,*,#4107,.F.);
#4115 = CONICAL_SURFACE('',#4116,1.6,1.029744258677);
#4116 = AXIS2_PLACEMENT_3D('',#4117,#4118,#4119);
#4117 = CARTESIAN_POINT('',(-43.,-36.5,54.));
#4118 = DIRECTION('',(-1.,-0.,-0.));
#4119 = DIRECTION('',(0.,0.,1.));
#4120 = ADVANCED_FACE('',(#4121),#4133,.F.);
#4121 = FACE_BOUND('',#4122,.T.);
#4122 = EDGE_LOOP('',(#4123,#4124,#4132));
#4123 = ORIENTED_EDGE('',*,*,#3962,.T.);
#4124 = ORIENTED_EDGE('',*,*,#4125,.T.);
#4125 = EDGE_CURVE('',#3953,#4126,#4128,.T.);
#4126 = VERTEX_POINT('',#4127);
#4127 = CARTESIAN_POINT('',(-42.03862300955,36.5,6.));
#4128 = LINE('',#4129,#4130);
#4129 = CARTESIAN_POINT('',(-43.,36.5,7.6));
#4130 = VECTOR('',#4131,1.);
#4131 = DIRECTION('',(0.51503807491,0.,-0.857167300702));
#4132 = ORIENTED_EDGE('',*,*,#4125,.F.);
#4133 = CONICAL_SURFACE('',#4134,1.6,1.029744258677);
#4134 = AXIS2_PLACEMENT_3D('',#4135,#4136,#4137);
#4135 = CARTESIAN_POINT('',(-43.,36.5,6.));
#4136 = DIRECTION('',(-1.,-0.,-0.));
#4137 = DIRECTION('',(0.,0.,1.));
#4138 = ADVANCED_FACE('',(#4139),#4151,.F.);
#4139 = FACE_BOUND('',#4140,.T.);
#4140 = EDGE_LOOP('',(#4141,#4142,#4150));
#4141 = ORIENTED_EDGE('',*,*,#3987,.T.);
#4142 = ORIENTED_EDGE('',*,*,#4143,.T.);
#4143 = EDGE_CURVE('',#3978,#4144,#4146,.T.);
#4144 = VERTEX_POINT('',#4145);
#4145 = CARTESIAN_POINT('',(-42.03862300955,36.5,54.));
#4146 = LINE('',#4147,#4148);
#4147 = CARTESIAN_POINT('',(-43.,36.5,55.6));
#4148 = VECTOR('',#4149,1.);
#4149 = DIRECTION('',(0.51503807491,0.,-0.857167300702));
#4150 = ORIENTED_EDGE('',*,*,#4143,.F.);
#4151 = CONICAL_SURFACE('',#4152,1.6,1.029744258677);
#4152 = AXIS2_PLACEMENT_3D('',#4153,#4154,#4155);
#4153 = CARTESIAN_POINT('',(-43.,36.5,54.));
#4154 = DIRECTION('',(-1.,-0.,-0.));
#4155 = DIRECTION('',(0.,0.,1.));
#4156 = ADVANCED_FACE('',(#4157),#4169,.F.);
#4157 = FACE_BOUND('',#4158,.T.);
#4158 = EDGE_LOOP('',(#4159,#4160,#4168));
#4159 = ORIENTED_EDGE('',*,*,#4012,.T.);
#4160 = ORIENTED_EDGE('',*,*,#4161,.T.);
#4161 = EDGE_CURVE('',#4003,#4162,#4164,.T.);
#4162 = VERTEX_POINT('',#4163);
#4163 = CARTESIAN_POINT('',(-42.03862300955,27.,6.));
#4164 = LINE('',#4165,#4166);
#4165 = CARTESIAN_POINT('',(-43.,27.,7.6));
#4166 = VECTOR('',#4167,1.);
#4167 = DIRECTION('',(0.51503807491,0.,-0.857167300702));
#4168 = ORIENTED_EDGE('',*,*,#4161,.F.);
#4169 = CONICAL_SURFACE('',#4170,1.6,1.029744258677);
#4170 = AXIS2_PLACEMENT_3D('',#4171,#4172,#4173);
#4171 = CARTESIAN_POINT('',(-43.,27.,6.));
#4172 = DIRECTION('',(-1.,-0.,-0.));
#4173 = DIRECTION('',(0.,0.,1.));
#4174 = ADVANCED_FACE('',(#4175),#4187,.F.);
#4175 = FACE_BOUND('',#4176,.T.);
#4176 = EDGE_LOOP('',(#4177,#4178,#4186));
#4177 = ORIENTED_EDGE('',*,*,#4037,.T.);
#4178 = ORIENTED_EDGE('',*,*,#4179,.T.);
#4179 = EDGE_CURVE('',#4028,#4180,#4182,.T.);
#4180 = VERTEX_POINT('',#4181);
#4181 = CARTESIAN_POINT('',(-42.03862300955,27.,54.));
#4182 = LINE('',#4183,#4184);
#4183 = CARTESIAN_POINT('',(-43.,27.,55.6));
#4184 = VECTOR('',#4185,1.);
#4185 = DIRECTION('',(0.51503807491,0.,-0.857167300702));
#4186 = ORIENTED_EDGE('',*,*,#4179,.F.);
#4187 = CONICAL_SURFACE('',#4188,1.6,1.029744258677);
#4188 = AXIS2_PLACEMENT_3D('',#4189,#4190,#4191);
#4189 = CARTESIAN_POINT('',(-43.,27.,54.));
#4190 = DIRECTION('',(-1.,-0.,-0.));
#4191 = DIRECTION('',(0.,0.,1.));
#4192 = ( GEOMETRIC_REPRESENTATION_CONTEXT(3) 
GLOBAL_UNCERTAINTY_ASSIGNED_CONTEXT((#4196)) 
GLOBAL_UNIT_ASSIGNED_CONTEXT((#4193,#4194,#4195)) REPRESENTATION_CONTEXT
('Context #1','3D Context with UNIT and UNCERTAINTY') );
#4193 = ( LENGTH_UNIT() NAMED_UNIT(*) SI_UNIT(.MILLI.,.METRE.) );
#4194 = ( NAMED_UNIT(*) PLANE_ANGLE_UNIT() SI_UNIT($,.RADIAN.) );
#4195 = ( NAMED_UNIT(*) SI_UNIT($,.STERADIAN.) SOLID_ANGLE_UNIT() );
#4196 = UNCERTAINTY_MEASURE_WITH_UNIT(LENGTH_MEASURE(5.E-05),#4193,
  'distance_accuracy_value','confusion accuracy');
#4197 = PRODUCT_RELATED_PRODUCT_CATEGORY('part',$,(#7));
#4198 = MECHANICAL_DESIGN_GEOMETRIC_PRESENTATION_REPRESENTATION('',(
    #4199),#4192);
#4199 = STYLED_ITEM('color',(#4200),#15);
#4200 = PRESENTATION_STYLE_ASSIGNMENT((#4201,#4207));
#4201 = SURFACE_STYLE_USAGE(.BOTH.,#4202);
#4202 = SURFACE_SIDE_STYLE('',(#4203));
#4203 = SURFACE_STYLE_FILL_AREA(#4204);
#4204 = FILL_AREA_STYLE('',(#4205));
#4205 = FILL_AREA_STYLE_COLOUR('',#4206);
#4206 = DRAUGHTING_PRE_DEFINED_COLOUR('white');
#4207 = CURVE_STYLE('',#4208,POSITIVE_LENGTH_MEASURE(0.1),#4209);
#4208 = DRAUGHTING_PRE_DEFINED_CURVE_FONT('continuous');
#4209 = COLOUR_RGB('',9.803921802644E-02,9.803921802644E-02,
  9.803921802644E-02);
ENDSEC;
END-ISO-10303-21;
