ISO-10303-21;
HEADER;
FILE_DESCRIPTION(('FreeCAD Model'),'2;1');
FILE_NAME('Open CASCADE Shape Model','2026-06-01T14:07:58',(''),(''),
  'Open CASCADE STEP processor 7.8','FreeCAD','Unknown');
FILE_SCHEMA(('AUTOMOTIVE_DESIGN { 1 0 10303 214 1 1 1 1 }'));
ENDSEC;
DATA;
#1 = APPLICATION_PROTOCOL_DEFINITION('international standard',
  'automotive_design',2000,#2);
#2 = APPLICATION_CONTEXT(
  'core data for automotive mechanical design processes');
#3 = SHAPE_DEFINITION_REPRESENTATION(#4,#10);
#4 = PRODUCT_DEFINITION_SHAPE('','',#5);
#5 = PRODUCT_DEFINITION('design','',#6,#9);
#6 = PRODUCT_DEFINITION_FORMATION('','',#7);
#7 = PRODUCT('Body','Body','',(#8));
#8 = PRODUCT_CONTEXT('',#2,'mechanical');
#9 = PRODUCT_DEFINITION_CONTEXT('part definition',#2,'design');
#10 = ADVANCED_BREP_SHAPE_REPRESENTATION('',(#11,#15),#4537);
#11 = AXIS2_PLACEMENT_3D('',#12,#13,#14);
#12 = CARTESIAN_POINT('',(0.,0.,0.));
#13 = DIRECTION('',(0.,0.,1.));
#14 = DIRECTION('',(1.,0.,-0.));
#15 = MANIFOLD_SOLID_BREP('',#16);
#16 = CLOSED_SHELL('',(#17,#239,#270,#294,#318,#441,#465,#489,#612,#636,
    #660,#684,#708,#732,#756,#773,#797,#821,#845,#869,#893,#910,#934,
    #951,#976,#1001,#1025,#1161,#1185,#1470,#1487,#1512,#1537,#1562,
    #1587,#1604,#1621,#1646,#1671,#1696,#1721,#1839,#1957,#1988,#2012,
    #2165,#2182,#2213,#2237,#2390,#2407,#2438,#2468,#2492,#2531,#2584,
    #2608,#2638,#2655,#2762,#2787,#2812,#2845,#2878,#2918,#2958,#2983,
    #3008,#3101,#3138,#3162,#3208,#3225,#3278,#3302,#3332,#3349,#3371,
    #3388,#3405,#3422,#3439,#3451,#3473,#3490,#3507,#3524,#3541,#3553,
    #3575,#3592,#3609,#3626,#3643,#3655,#3677,#3694,#3711,#3728,#3745,
    #3757,#3822,#3887,#3899,#3916,#3933,#3945,#3962,#3979,#3996,#4013,
    #4039,#4065,#4077,#4094,#4111,#4123,#4135,#4152,#4169,#4181,#4193,
    #4218,#4243,#4268,#4293,#4318,#4343,#4368,#4393,#4411,#4429,#4447,
    #4465,#4483,#4501,#4519));
#17 = ADVANCED_FACE('',(#18,#212,#223),#234,.T.);
#18 = FACE_BOUND('',#19,.T.);
#19 = EDGE_LOOP('',(#20,#30,#38,#46,#54,#62,#70,#78,#86,#94,#102,#110,
    #118,#126,#134,#142,#150,#158,#166,#174,#182,#190,#198,#206));
#20 = ORIENTED_EDGE('',*,*,#21,.T.);
#21 = EDGE_CURVE('',#22,#24,#26,.T.);
#22 = VERTEX_POINT('',#23);
#23 = CARTESIAN_POINT('',(-128.,49.999978943203,51.));
#24 = VERTEX_POINT('',#25);
#25 = CARTESIAN_POINT('',(-128.,41.707085724389,59.292893218813));
#26 = LINE('',#27,#28);
#27 = CARTESIAN_POINT('',(-128.,60.499978943203,40.5));
#28 = VECTOR('',#29,1.);
#29 = DIRECTION('',(0.,-0.707106781187,0.707106781187));
#30 = ORIENTED_EDGE('',*,*,#31,.T.);
#31 = EDGE_CURVE('',#24,#32,#34,.T.);
#32 = VERTEX_POINT('',#33);
#33 = CARTESIAN_POINT('',(-128.,39.999978943203,60.));
#34 = LINE('',#35,#36);
#35 = CARTESIAN_POINT('',(-128.,28.552611183881,64.741654979384));
#36 = VECTOR('',#37,1.);
#37 = DIRECTION('',(0.,-0.923879532511,0.382683432365));
#38 = ORIENTED_EDGE('',*,*,#39,.T.);
#39 = EDGE_CURVE('',#32,#40,#42,.T.);
#40 = VERTEX_POINT('',#41);
#41 = CARTESIAN_POINT('',(-128.,4.999978943203,60.));
#42 = LINE('',#43,#44);
#43 = CARTESIAN_POINT('',(-128.,49.999978943203,60.));
#44 = VECTOR('',#45,1.);
#45 = DIRECTION('',(0.,-1.,0.));
#46 = ORIENTED_EDGE('',*,*,#47,.F.);
#47 = EDGE_CURVE('',#48,#40,#50,.T.);
#48 = VERTEX_POINT('',#49);
#49 = CARTESIAN_POINT('',(-128.,7.999978943203,57.));
#50 = LINE('',#51,#52);
#51 = CARTESIAN_POINT('',(-128.,31.999978943203,33.));
#52 = VECTOR('',#53,1.);
#53 = DIRECTION('',(0.,-0.707106781187,0.707106781187));
#54 = ORIENTED_EDGE('',*,*,#55,.F.);
#55 = EDGE_CURVE('',#56,#48,#58,.T.);
#56 = VERTEX_POINT('',#57);
#57 = CARTESIAN_POINT('',(-128.,7.999978943203,55.));
#58 = LINE('',#59,#60);
#59 = CARTESIAN_POINT('',(-128.,7.999978943203,0.));
#60 = VECTOR('',#61,1.);
#61 = DIRECTION('',(0.,0.,1.));
#62 = ORIENTED_EDGE('',*,*,#63,.F.);
#63 = EDGE_CURVE('',#64,#56,#66,.T.);
#64 = VERTEX_POINT('',#65);
#65 = CARTESIAN_POINT('',(-128.,-7.999978943203,55.));
#66 = LINE('',#67,#68);
#67 = CARTESIAN_POINT('',(-128.,-7.999978943203,55.));
#68 = VECTOR('',#69,1.);
#69 = DIRECTION('',(0.,1.,-2.2E-16));
#70 = ORIENTED_EDGE('',*,*,#71,.T.);
#71 = EDGE_CURVE('',#64,#72,#74,.T.);
#72 = VERTEX_POINT('',#73);
#73 = CARTESIAN_POINT('',(-128.,-7.999978943203,57.));
#74 = LINE('',#75,#76);
#75 = CARTESIAN_POINT('',(-128.,-7.999978943203,0.));
#76 = VECTOR('',#77,1.);
#77 = DIRECTION('',(0.,0.,1.));
#78 = ORIENTED_EDGE('',*,*,#79,.T.);
#79 = EDGE_CURVE('',#72,#80,#82,.T.);
#80 = VERTEX_POINT('',#81);
#81 = CARTESIAN_POINT('',(-128.,-4.999978943203,60.));
#82 = LINE('',#83,#84);
#83 = CARTESIAN_POINT('',(-128.,-21.4999789432,43.5));
#84 = VECTOR('',#85,1.);
#85 = DIRECTION('',(0.,0.707106781187,0.707106781187));
#86 = ORIENTED_EDGE('',*,*,#87,.F.);
#87 = EDGE_CURVE('',#88,#80,#90,.T.);
#88 = VERTEX_POINT('',#89);
#89 = CARTESIAN_POINT('',(-128.,-39.99997894311,60.));
#90 = LINE('',#91,#92);
#91 = CARTESIAN_POINT('',(-128.,-3.99999160051,60.));
#92 = VECTOR('',#93,1.);
#93 = DIRECTION('',(0.,1.,0.));
#94 = ORIENTED_EDGE('',*,*,#95,.T.);
#95 = EDGE_CURVE('',#88,#96,#98,.T.);
#96 = VERTEX_POINT('',#97);
#97 = CARTESIAN_POINT('',(-128.,-41.70708572431,59.292893218813));
#98 = LINE('',#99,#100);
#99 = CARTESIAN_POINT('',(-128.,-28.55261118375,64.741654979358));
#100 = VECTOR('',#101,1.);
#101 = DIRECTION('',(0.,-0.923879532512,-0.382683432362));
#102 = ORIENTED_EDGE('',*,*,#103,.F.);
#103 = EDGE_CURVE('',#104,#96,#106,.T.);
#104 = VERTEX_POINT('',#105);
#105 = CARTESIAN_POINT('',(-128.,-49.9999789432,51.));
#106 = LINE('',#107,#108);
#107 = CARTESIAN_POINT('',(-128.,-49.99997894311,51.000000000093));
#108 = VECTOR('',#109,1.);
#109 = DIRECTION('',(0.,0.70710678119,0.707106781183));
#110 = ORIENTED_EDGE('',*,*,#111,.F.);
#111 = EDGE_CURVE('',#112,#104,#114,.T.);
#112 = VERTEX_POINT('',#113);
#113 = CARTESIAN_POINT('',(-128.,-49.9999789432,13.292735791537));
#114 = LINE('',#115,#116);
#115 = CARTESIAN_POINT('',(-128.,-49.9999789432,0.));
#116 = VECTOR('',#117,1.);
#117 = DIRECTION('',(0.,0.,1.));
#118 = ORIENTED_EDGE('',*,*,#119,.F.);
#119 = EDGE_CURVE('',#120,#112,#122,.T.);
#120 = VERTEX_POINT('',#121);
#121 = CARTESIAN_POINT('',(-128.,-24.99997894298,2.E-15));
#122 = LINE('',#123,#124);
#123 = CARTESIAN_POINT('',(-128.,-24.62340910343,-0.200225735365));
#124 = VECTOR('',#125,1.);
#125 = DIRECTION('',(0.,-0.882947592861,0.469471562783));
#126 = ORIENTED_EDGE('',*,*,#127,.T.);
#127 = EDGE_CURVE('',#120,#128,#130,.T.);
#128 = VERTEX_POINT('',#129);
#129 = CARTESIAN_POINT('',(-128.,-4.999978943203,0.));
#130 = LINE('',#131,#132);
#131 = CARTESIAN_POINT('',(-128.,-3.99999160051,0.));
#132 = VECTOR('',#133,1.);
#133 = DIRECTION('',(0.,1.,0.));
#134 = ORIENTED_EDGE('',*,*,#135,.T.);
#135 = EDGE_CURVE('',#128,#136,#138,.T.);
#136 = VERTEX_POINT('',#137);
#137 = CARTESIAN_POINT('',(-128.,-7.999978943203,3.));
#138 = LINE('',#139,#140);
#139 = CARTESIAN_POINT('',(-128.,-6.499978943203,1.5));
#140 = VECTOR('',#141,1.);
#141 = DIRECTION('',(0.,-0.707106781187,0.707106781187));
#142 = ORIENTED_EDGE('',*,*,#143,.T.);
#143 = EDGE_CURVE('',#136,#144,#146,.T.);
#144 = VERTEX_POINT('',#145);
#145 = CARTESIAN_POINT('',(-128.,-7.999978943203,12.));
#146 = LINE('',#147,#148);
#147 = CARTESIAN_POINT('',(-128.,-7.999978943203,0.));
#148 = VECTOR('',#149,1.);
#149 = DIRECTION('',(0.,0.,1.));
#150 = ORIENTED_EDGE('',*,*,#151,.F.);
#151 = EDGE_CURVE('',#152,#144,#154,.T.);
#152 = VERTEX_POINT('',#153);
#153 = CARTESIAN_POINT('',(-128.,-4.999978943203,15.));
#154 = LINE('',#155,#156);
#155 = CARTESIAN_POINT('',(-128.,-0.599530992927,19.400447950276));
#156 = VECTOR('',#157,1.);
#157 = DIRECTION('',(0.,-0.707106781187,-0.707106781187));
#158 = ORIENTED_EDGE('',*,*,#159,.T.);
#159 = EDGE_CURVE('',#152,#160,#162,.T.);
#160 = VERTEX_POINT('',#161);
#161 = CARTESIAN_POINT('',(-128.,4.999978943203,15.));
#162 = LINE('',#163,#164);
#163 = CARTESIAN_POINT('',(-128.,-7.999978943203,15.));
#164 = VECTOR('',#165,1.);
#165 = DIRECTION('',(0.,1.,-2.2E-16));
#166 = ORIENTED_EDGE('',*,*,#167,.F.);
#167 = EDGE_CURVE('',#168,#160,#170,.T.);
#168 = VERTEX_POINT('',#169);
#169 = CARTESIAN_POINT('',(-128.,7.999978943203,12.));
#170 = LINE('',#171,#172);
#171 = CARTESIAN_POINT('',(-128.,0.59953099293,19.400447950272));
#172 = VECTOR('',#173,1.);
#173 = DIRECTION('',(0.,-0.707106781187,0.707106781187));
#174 = ORIENTED_EDGE('',*,*,#175,.F.);
#175 = EDGE_CURVE('',#176,#168,#178,.T.);
#176 = VERTEX_POINT('',#177);
#177 = CARTESIAN_POINT('',(-128.,7.999978943203,3.));
#178 = LINE('',#179,#180);
#179 = CARTESIAN_POINT('',(-128.,7.999978943203,0.));
#180 = VECTOR('',#181,1.);
#181 = DIRECTION('',(0.,0.,1.));
#182 = ORIENTED_EDGE('',*,*,#183,.F.);
#183 = EDGE_CURVE('',#184,#176,#186,.T.);
#184 = VERTEX_POINT('',#185);
#185 = CARTESIAN_POINT('',(-128.,4.999978943203,0.));
#186 = LINE('',#187,#188);
#187 = CARTESIAN_POINT('',(-128.,16.999978943203,12.));
#188 = VECTOR('',#189,1.);
#189 = DIRECTION('',(0.,0.707106781187,0.707106781187));
#190 = ORIENTED_EDGE('',*,*,#191,.F.);
#191 = EDGE_CURVE('',#192,#184,#194,.T.);
#192 = VERTEX_POINT('',#193);
#193 = CARTESIAN_POINT('',(-128.,24.999978943203,0.));
#194 = LINE('',#195,#196);
#195 = CARTESIAN_POINT('',(-128.,49.999978943203,0.));
#196 = VECTOR('',#197,1.);
#197 = DIRECTION('',(0.,-1.,0.));
#198 = ORIENTED_EDGE('',*,*,#199,.T.);
#199 = EDGE_CURVE('',#192,#200,#202,.T.);
#200 = VERTEX_POINT('',#201);
#201 = CARTESIAN_POINT('',(-128.,49.999978943203,13.292735791537));
#202 = LINE('',#203,#204);
#203 = CARTESIAN_POINT('',(-128.,40.994934589895,8.504668776353));
#204 = VECTOR('',#205,1.);
#205 = DIRECTION('',(0.,0.882947592859,0.469471562786));
#206 = ORIENTED_EDGE('',*,*,#207,.T.);
#207 = EDGE_CURVE('',#200,#22,#208,.T.);
#208 = LINE('',#209,#210);
#209 = CARTESIAN_POINT('',(-128.,49.999978943203,0.));
#210 = VECTOR('',#211,1.);
#211 = DIRECTION('',(0.,0.,1.));
#212 = FACE_BOUND('',#213,.T.);
#213 = EDGE_LOOP('',(#214));
#214 = ORIENTED_EDGE('',*,*,#215,.T.);
#215 = EDGE_CURVE('',#216,#216,#218,.T.);
#216 = VERTEX_POINT('',#217);
#217 = CARTESIAN_POINT('',(-128.,26.5,39.5));
#218 = CIRCLE('',#219,5.);
#219 = AXIS2_PLACEMENT_3D('',#220,#221,#222);
#220 = CARTESIAN_POINT('',(-128.,31.5,39.5));
#221 = DIRECTION('',(-1.,0.,0.));
#222 = DIRECTION('',(0.,-1.,0.));
#223 = FACE_BOUND('',#224,.T.);
#224 = EDGE_LOOP('',(#225));
#225 = ORIENTED_EDGE('',*,*,#226,.T.);
#226 = EDGE_CURVE('',#227,#227,#229,.T.);
#227 = VERTEX_POINT('',#228);
#228 = CARTESIAN_POINT('',(-128.,-36.5,39.5));
#229 = CIRCLE('',#230,5.);
#230 = AXIS2_PLACEMENT_3D('',#231,#232,#233);
#231 = CARTESIAN_POINT('',(-128.,-31.5,39.5));
#232 = DIRECTION('',(-1.,0.,0.));
#233 = DIRECTION('',(0.,-1.,0.));
#234 = PLANE('',#235);
#235 = AXIS2_PLACEMENT_3D('',#236,#237,#238);
#236 = CARTESIAN_POINT('',(-128.,7.37196E-12,30.601812857894));
#237 = DIRECTION('',(1.,0.,0.));
#238 = DIRECTION('',(0.,0.,1.));
#239 = ADVANCED_FACE('',(#240),#265,.T.);
#240 = FACE_BOUND('',#241,.F.);
#241 = EDGE_LOOP('',(#242,#252,#258,#259));
#242 = ORIENTED_EDGE('',*,*,#243,.F.);
#243 = EDGE_CURVE('',#244,#246,#248,.T.);
#244 = VERTEX_POINT('',#245);
#245 = CARTESIAN_POINT('',(-138.,49.999978943203,51.));
#246 = VERTEX_POINT('',#247);
#247 = CARTESIAN_POINT('',(-138.,41.707085724389,59.292893218813));
#248 = LINE('',#249,#250);
#249 = CARTESIAN_POINT('',(-138.,35.499978943203,65.5));
#250 = VECTOR('',#251,1.);
#251 = DIRECTION('',(0.,-0.707106781187,0.707106781187));
#252 = ORIENTED_EDGE('',*,*,#253,.T.);
#253 = EDGE_CURVE('',#244,#22,#254,.T.);
#254 = LINE('',#255,#256);
#255 = CARTESIAN_POINT('',(-138.,49.999978943203,51.));
#256 = VECTOR('',#257,1.);
#257 = DIRECTION('',(1.,0.,0.));
#258 = ORIENTED_EDGE('',*,*,#21,.T.);
#259 = ORIENTED_EDGE('',*,*,#260,.F.);
#260 = EDGE_CURVE('',#246,#24,#261,.T.);
#261 = LINE('',#262,#263);
#262 = CARTESIAN_POINT('',(-138.,41.707085724389,59.292893218813));
#263 = VECTOR('',#264,1.);
#264 = DIRECTION('',(1.,0.,0.));
#265 = PLANE('',#266);
#266 = AXIS2_PLACEMENT_3D('',#267,#268,#269);
#267 = CARTESIAN_POINT('',(-138.,45.499978943203,55.5));
#268 = DIRECTION('',(0.,0.707106781187,0.707106781187));
#269 = DIRECTION('',(-1.,0.,0.));
#270 = ADVANCED_FACE('',(#271),#289,.F.);
#271 = FACE_BOUND('',#272,.F.);
#272 = EDGE_LOOP('',(#273,#281,#282,#283));
#273 = ORIENTED_EDGE('',*,*,#274,.F.);
#274 = EDGE_CURVE('',#246,#275,#277,.T.);
#275 = VERTEX_POINT('',#276);
#276 = CARTESIAN_POINT('',(-138.,39.999978943203,60.));
#277 = LINE('',#278,#279);
#278 = CARTESIAN_POINT('',(-138.,12.6234547796,71.339727599199));
#279 = VECTOR('',#280,1.);
#280 = DIRECTION('',(0.,-0.923879532511,0.382683432365));
#281 = ORIENTED_EDGE('',*,*,#260,.T.);
#282 = ORIENTED_EDGE('',*,*,#31,.T.);
#283 = ORIENTED_EDGE('',*,*,#284,.F.);
#284 = EDGE_CURVE('',#275,#32,#285,.T.);
#285 = LINE('',#286,#287);
#286 = CARTESIAN_POINT('',(-138.,39.999978943203,60.));
#287 = VECTOR('',#288,1.);
#288 = DIRECTION('',(1.,0.,0.));
#289 = PLANE('',#290);
#290 = AXIS2_PLACEMENT_3D('',#291,#292,#293);
#291 = CARTESIAN_POINT('',(-138.,40.853532333796,59.646446609407));
#292 = DIRECTION('',(-1.E-17,-0.382683432365,-0.923879532511));
#293 = DIRECTION('',(1.,-8.826834323651E-18,-7.167727513247E-18));
#294 = ADVANCED_FACE('',(#295),#313,.T.);
#295 = FACE_BOUND('',#296,.T.);
#296 = EDGE_LOOP('',(#297,#305,#306,#307));
#297 = ORIENTED_EDGE('',*,*,#298,.T.);
#298 = EDGE_CURVE('',#299,#244,#301,.T.);
#299 = VERTEX_POINT('',#300);
#300 = CARTESIAN_POINT('',(-138.,49.999978943203,13.292735791537));
#301 = LINE('',#302,#303);
#302 = CARTESIAN_POINT('',(-138.,49.999978943203,0.));
#303 = VECTOR('',#304,1.);
#304 = DIRECTION('',(0.,0.,1.));
#305 = ORIENTED_EDGE('',*,*,#253,.T.);
#306 = ORIENTED_EDGE('',*,*,#207,.F.);
#307 = ORIENTED_EDGE('',*,*,#308,.F.);
#308 = EDGE_CURVE('',#299,#200,#309,.T.);
#309 = LINE('',#310,#311);
#310 = CARTESIAN_POINT('',(-138.,49.999978943203,13.292735791537));
#311 = VECTOR('',#312,1.);
#312 = DIRECTION('',(1.,0.,0.));
#313 = PLANE('',#314);
#314 = AXIS2_PLACEMENT_3D('',#315,#316,#317);
#315 = CARTESIAN_POINT('',(-138.,49.999978943203,0.));
#316 = DIRECTION('',(0.,1.,0.));
#317 = DIRECTION('',(1.,0.,0.));
#318 = ADVANCED_FACE('',(#319,#392,#403,#414,#425),#436,.T.);
#319 = FACE_BOUND('',#320,.T.);
#320 = EDGE_LOOP('',(#321,#322,#323,#331,#337,#338,#346,#354,#362,#370,
    #378,#386));
#321 = ORIENTED_EDGE('',*,*,#39,.F.);
#322 = ORIENTED_EDGE('',*,*,#284,.F.);
#323 = ORIENTED_EDGE('',*,*,#324,.F.);
#324 = EDGE_CURVE('',#325,#275,#327,.T.);
#325 = VERTEX_POINT('',#326);
#326 = CARTESIAN_POINT('',(-138.,-40.0000210567,60.));
#327 = LINE('',#328,#329);
#328 = CARTESIAN_POINT('',(-138.,-50.00002105679,60.));
#329 = VECTOR('',#330,1.);
#330 = DIRECTION('',(0.,1.,0.));
#331 = ORIENTED_EDGE('',*,*,#332,.F.);
#332 = EDGE_CURVE('',#88,#325,#333,.T.);
#333 = LINE('',#334,#335);
#334 = CARTESIAN_POINT('',(-128.0000042113,-39.99997894313,60.));
#335 = VECTOR('',#336,1.);
#336 = DIRECTION('',(-0.999999999991,-4.21135945384E-06,0.));
#337 = ORIENTED_EDGE('',*,*,#87,.T.);
#338 = ORIENTED_EDGE('',*,*,#339,.F.);
#339 = EDGE_CURVE('',#340,#80,#342,.T.);
#340 = VERTEX_POINT('',#341);
#341 = CARTESIAN_POINT('',(-64.,-4.999978943203,60.));
#342 = LINE('',#343,#344);
#343 = CARTESIAN_POINT('',(-64.,-4.999978943203,60.));
#344 = VECTOR('',#345,1.);
#345 = DIRECTION('',(-1.,0.,0.));
#346 = ORIENTED_EDGE('',*,*,#347,.F.);
#347 = EDGE_CURVE('',#348,#340,#350,.T.);
#348 = VERTEX_POINT('',#349);
#349 = CARTESIAN_POINT('',(-64.,-40.9999789432,60.));
#350 = LINE('',#351,#352);
#351 = CARTESIAN_POINT('',(-64.,-49.9999789432,60.));
#352 = VECTOR('',#353,1.);
#353 = DIRECTION('',(0.,1.,0.));
#354 = ORIENTED_EDGE('',*,*,#355,.T.);
#355 = EDGE_CURVE('',#348,#356,#358,.T.);
#356 = VERTEX_POINT('',#357);
#357 = CARTESIAN_POINT('',(0.,-40.9999789432,60.));
#358 = LINE('',#359,#360);
#359 = CARTESIAN_POINT('',(-64.,-40.9999789432,60.));
#360 = VECTOR('',#361,1.);
#361 = DIRECTION('',(1.,0.,0.));
#362 = ORIENTED_EDGE('',*,*,#363,.T.);
#363 = EDGE_CURVE('',#356,#364,#366,.T.);
#364 = VERTEX_POINT('',#365);
#365 = CARTESIAN_POINT('',(0.,40.999978943203,60.));
#366 = LINE('',#367,#368);
#367 = CARTESIAN_POINT('',(0.,-51.,60.));
#368 = VECTOR('',#369,1.);
#369 = DIRECTION('',(0.,1.,-2.2E-16));
#370 = ORIENTED_EDGE('',*,*,#371,.T.);
#371 = EDGE_CURVE('',#364,#372,#374,.T.);
#372 = VERTEX_POINT('',#373);
#373 = CARTESIAN_POINT('',(-64.,40.999978943203,60.));
#374 = LINE('',#375,#376);
#375 = CARTESIAN_POINT('',(64.,40.999978943203,60.));
#376 = VECTOR('',#377,1.);
#377 = DIRECTION('',(-1.,-0.,-0.));
#378 = ORIENTED_EDGE('',*,*,#379,.T.);
#379 = EDGE_CURVE('',#372,#380,#382,.T.);
#380 = VERTEX_POINT('',#381);
#381 = CARTESIAN_POINT('',(-64.,4.999978943203,60.));
#382 = LINE('',#383,#384);
#383 = CARTESIAN_POINT('',(-64.,3.999987342693,60.));
#384 = VECTOR('',#385,1.);
#385 = DIRECTION('',(0.,-1.,0.));
#386 = ORIENTED_EDGE('',*,*,#387,.F.);
#387 = EDGE_CURVE('',#40,#380,#388,.T.);
#388 = LINE('',#389,#390);
#389 = CARTESIAN_POINT('',(-128.,4.999978943203,60.));
#390 = VECTOR('',#391,1.);
#391 = DIRECTION('',(1.,0.,0.));
#392 = FACE_BOUND('',#393,.T.);
#393 = EDGE_LOOP('',(#394));
#394 = ORIENTED_EDGE('',*,*,#395,.F.);
#395 = EDGE_CURVE('',#396,#396,#398,.T.);
#396 = VERTEX_POINT('',#397);
#397 = CARTESIAN_POINT('',(-11.35,-22.,60.));
#398 = CIRCLE('',#399,1.65);
#399 = AXIS2_PLACEMENT_3D('',#400,#401,#402);
#400 = CARTESIAN_POINT('',(-13.,-22.,60.));
#401 = DIRECTION('',(0.,0.,1.));
#402 = DIRECTION('',(1.,0.,0.));
#403 = FACE_BOUND('',#404,.T.);
#404 = EDGE_LOOP('',(#405));
#405 = ORIENTED_EDGE('',*,*,#406,.F.);
#406 = EDGE_CURVE('',#407,#407,#409,.T.);
#407 = VERTEX_POINT('',#408);
#408 = CARTESIAN_POINT('',(-3.35,-22.,60.));
#409 = CIRCLE('',#410,1.65);
#410 = AXIS2_PLACEMENT_3D('',#411,#412,#413);
#411 = CARTESIAN_POINT('',(-5.,-22.,60.));
#412 = DIRECTION('',(0.,0.,1.));
#413 = DIRECTION('',(1.,0.,0.));
#414 = FACE_BOUND('',#415,.T.);
#415 = EDGE_LOOP('',(#416));
#416 = ORIENTED_EDGE('',*,*,#417,.F.);
#417 = EDGE_CURVE('',#418,#418,#420,.T.);
#418 = VERTEX_POINT('',#419);
#419 = CARTESIAN_POINT('',(-11.35,22.,60.));
#420 = CIRCLE('',#421,1.65);
#421 = AXIS2_PLACEMENT_3D('',#422,#423,#424);
#422 = CARTESIAN_POINT('',(-13.,22.,60.));
#423 = DIRECTION('',(0.,0.,1.));
#424 = DIRECTION('',(1.,0.,0.));
#425 = FACE_BOUND('',#426,.T.);
#426 = EDGE_LOOP('',(#427));
#427 = ORIENTED_EDGE('',*,*,#428,.F.);
#428 = EDGE_CURVE('',#429,#429,#431,.T.);
#429 = VERTEX_POINT('',#430);
#430 = CARTESIAN_POINT('',(-3.35,22.,60.));
#431 = CIRCLE('',#432,1.65);
#432 = AXIS2_PLACEMENT_3D('',#433,#434,#435);
#433 = CARTESIAN_POINT('',(-5.,22.,60.));
#434 = DIRECTION('',(0.,0.,1.));
#435 = DIRECTION('',(1.,0.,0.));
#436 = PLANE('',#437);
#437 = AXIS2_PLACEMENT_3D('',#438,#439,#440);
#438 = CARTESIAN_POINT('',(0.,-4.25781642009E-06,60.));
#439 = DIRECTION('',(0.,0.,1.));
#440 = DIRECTION('',(1.,0.,0.));
#441 = ADVANCED_FACE('',(#442),#460,.T.);
#442 = FACE_BOUND('',#443,.F.);
#443 = EDGE_LOOP('',(#444,#452,#458,#459));
#444 = ORIENTED_EDGE('',*,*,#445,.F.);
#445 = EDGE_CURVE('',#446,#299,#448,.T.);
#446 = VERTEX_POINT('',#447);
#447 = CARTESIAN_POINT('',(-138.,24.999978943203,0.));
#448 = LINE('',#449,#450);
#449 = CARTESIAN_POINT('',(-138.,2.015112003126,-12.22127053752));
#450 = VECTOR('',#451,1.);
#451 = DIRECTION('',(0.,0.882947592859,0.469471562786));
#452 = ORIENTED_EDGE('',*,*,#453,.T.);
#453 = EDGE_CURVE('',#446,#192,#454,.T.);
#454 = LINE('',#455,#456);
#455 = CARTESIAN_POINT('',(-138.,24.999978943203,0.));
#456 = VECTOR('',#457,1.);
#457 = DIRECTION('',(1.,0.,0.));
#458 = ORIENTED_EDGE('',*,*,#199,.T.);
#459 = ORIENTED_EDGE('',*,*,#308,.F.);
#460 = PLANE('',#461);
#461 = AXIS2_PLACEMENT_3D('',#462,#463,#464);
#462 = CARTESIAN_POINT('',(-138.,37.499978943203,6.646367895768));
#463 = DIRECTION('',(0.,0.469471562786,-0.882947592859));
#464 = DIRECTION('',(-1.,-0.,-0.));
#465 = ADVANCED_FACE('',(#466),#484,.T.);
#466 = FACE_BOUND('',#467,.F.);
#467 = EDGE_LOOP('',(#468,#469,#477,#483));
#468 = ORIENTED_EDGE('',*,*,#47,.F.);
#469 = ORIENTED_EDGE('',*,*,#470,.T.);
#470 = EDGE_CURVE('',#48,#471,#473,.T.);
#471 = VERTEX_POINT('',#472);
#472 = CARTESIAN_POINT('',(-64.,7.999978943203,57.));
#473 = LINE('',#474,#475);
#474 = CARTESIAN_POINT('',(-128.,7.999978943203,57.));
#475 = VECTOR('',#476,1.);
#476 = DIRECTION('',(1.,0.,0.));
#477 = ORIENTED_EDGE('',*,*,#478,.T.);
#478 = EDGE_CURVE('',#471,#380,#479,.T.);
#479 = LINE('',#480,#481);
#480 = CARTESIAN_POINT('',(-64.,21.499978943203,43.5));
#481 = VECTOR('',#482,1.);
#482 = DIRECTION('',(0.,-0.707106781187,0.707106781187));
#483 = ORIENTED_EDGE('',*,*,#387,.F.);
#484 = PLANE('',#485);
#485 = AXIS2_PLACEMENT_3D('',#486,#487,#488);
#486 = CARTESIAN_POINT('',(-128.,6.499978943203,58.5));
#487 = DIRECTION('',(0.,0.707106781187,0.707106781187));
#488 = DIRECTION('',(-1.,0.,0.));
#489 = ADVANCED_FACE('',(#490,#563,#574,#585,#596),#607,.T.);
#490 = FACE_BOUND('',#491,.T.);
#491 = EDGE_LOOP('',(#492,#493,#501,#509,#517,#525,#533,#541,#547,#548,
    #556,#562));
#492 = ORIENTED_EDGE('',*,*,#191,.T.);
#493 = ORIENTED_EDGE('',*,*,#494,.T.);
#494 = EDGE_CURVE('',#184,#495,#497,.T.);
#495 = VERTEX_POINT('',#496);
#496 = CARTESIAN_POINT('',(-64.,4.999978943203,0.));
#497 = LINE('',#498,#499);
#498 = CARTESIAN_POINT('',(-128.,4.999978943203,0.));
#499 = VECTOR('',#500,1.);
#500 = DIRECTION('',(1.,0.,0.));
#501 = ORIENTED_EDGE('',*,*,#502,.F.);
#502 = EDGE_CURVE('',#503,#495,#505,.T.);
#503 = VERTEX_POINT('',#504);
#504 = CARTESIAN_POINT('',(-64.,40.999978943203,4.E-15));
#505 = LINE('',#506,#507);
#506 = CARTESIAN_POINT('',(-64.,3.999987342693,0.));
#507 = VECTOR('',#508,1.);
#508 = DIRECTION('',(0.,-1.,0.));
#509 = ORIENTED_EDGE('',*,*,#510,.T.);
#510 = EDGE_CURVE('',#503,#511,#513,.T.);
#511 = VERTEX_POINT('',#512);
#512 = CARTESIAN_POINT('',(0.,40.999978943203,-5.E-15));
#513 = LINE('',#514,#515);
#514 = CARTESIAN_POINT('',(-64.,40.999978943203,0.));
#515 = VECTOR('',#516,1.);
#516 = DIRECTION('',(1.,0.,0.));
#517 = ORIENTED_EDGE('',*,*,#518,.F.);
#518 = EDGE_CURVE('',#519,#511,#521,.T.);
#519 = VERTEX_POINT('',#520);
#520 = CARTESIAN_POINT('',(0.,-40.9999789432,5.E-15));
#521 = LINE('',#522,#523);
#522 = CARTESIAN_POINT('',(0.,-51.,1.132E-14));
#523 = VECTOR('',#524,1.);
#524 = DIRECTION('',(0.,1.,-2.2E-16));
#525 = ORIENTED_EDGE('',*,*,#526,.T.);
#526 = EDGE_CURVE('',#519,#527,#529,.T.);
#527 = VERTEX_POINT('',#528);
#528 = CARTESIAN_POINT('',(-64.,-40.9999789432,4.E-15));
#529 = LINE('',#530,#531);
#530 = CARTESIAN_POINT('',(64.,-40.9999789432,0.));
#531 = VECTOR('',#532,1.);
#532 = DIRECTION('',(-1.,0.,0.));
#533 = ORIENTED_EDGE('',*,*,#534,.T.);
#534 = EDGE_CURVE('',#527,#535,#537,.T.);
#535 = VERTEX_POINT('',#536);
#536 = CARTESIAN_POINT('',(-64.,-4.999978943203,0.));
#537 = LINE('',#538,#539);
#538 = CARTESIAN_POINT('',(-64.,-49.9999789432,0.));
#539 = VECTOR('',#540,1.);
#540 = DIRECTION('',(0.,1.,0.));
#541 = ORIENTED_EDGE('',*,*,#542,.T.);
#542 = EDGE_CURVE('',#535,#128,#543,.T.);
#543 = LINE('',#544,#545);
#544 = CARTESIAN_POINT('',(-64.,-4.999978943203,0.));
#545 = VECTOR('',#546,1.);
#546 = DIRECTION('',(-1.,0.,0.));
#547 = ORIENTED_EDGE('',*,*,#127,.F.);
#548 = ORIENTED_EDGE('',*,*,#549,.T.);
#549 = EDGE_CURVE('',#120,#550,#552,.T.);
#550 = VERTEX_POINT('',#551);
#551 = CARTESIAN_POINT('',(-138.,-25.00002105657,0.));
#552 = LINE('',#553,#554);
#553 = CARTESIAN_POINT('',(-128.0001052839,-24.99997894342,0.));
#554 = VECTOR('',#555,1.);
#555 = DIRECTION('',(-0.999999999991,-4.21135945384E-06,0.));
#556 = ORIENTED_EDGE('',*,*,#557,.T.);
#557 = EDGE_CURVE('',#550,#446,#558,.T.);
#558 = LINE('',#559,#560);
#559 = CARTESIAN_POINT('',(-138.,-50.00002105679,0.));
#560 = VECTOR('',#561,1.);
#561 = DIRECTION('',(0.,1.,0.));
#562 = ORIENTED_EDGE('',*,*,#453,.T.);
#563 = FACE_BOUND('',#564,.T.);
#564 = EDGE_LOOP('',(#565));
#565 = ORIENTED_EDGE('',*,*,#566,.F.);
#566 = EDGE_CURVE('',#567,#567,#569,.T.);
#567 = VERTEX_POINT('',#568);
#568 = CARTESIAN_POINT('',(-3.35,-22.,0.));
#569 = CIRCLE('',#570,1.65);
#570 = AXIS2_PLACEMENT_3D('',#571,#572,#573);
#571 = CARTESIAN_POINT('',(-5.,-22.,0.));
#572 = DIRECTION('',(0.,0.,-1.));
#573 = DIRECTION('',(1.,0.,0.));
#574 = FACE_BOUND('',#575,.T.);
#575 = EDGE_LOOP('',(#576));
#576 = ORIENTED_EDGE('',*,*,#577,.F.);
#577 = EDGE_CURVE('',#578,#578,#580,.T.);
#578 = VERTEX_POINT('',#579);
#579 = CARTESIAN_POINT('',(-11.35,-22.,0.));
#580 = CIRCLE('',#581,1.65);
#581 = AXIS2_PLACEMENT_3D('',#582,#583,#584);
#582 = CARTESIAN_POINT('',(-13.,-22.,0.));
#583 = DIRECTION('',(0.,0.,-1.));
#584 = DIRECTION('',(1.,0.,0.));
#585 = FACE_BOUND('',#586,.T.);
#586 = EDGE_LOOP('',(#587));
#587 = ORIENTED_EDGE('',*,*,#588,.F.);
#588 = EDGE_CURVE('',#589,#589,#591,.T.);
#589 = VERTEX_POINT('',#590);
#590 = CARTESIAN_POINT('',(-3.35,22.,0.));
#591 = CIRCLE('',#592,1.65);
#592 = AXIS2_PLACEMENT_3D('',#593,#594,#595);
#593 = CARTESIAN_POINT('',(-5.,22.,0.));
#594 = DIRECTION('',(0.,0.,-1.));
#595 = DIRECTION('',(1.,0.,0.));
#596 = FACE_BOUND('',#597,.T.);
#597 = EDGE_LOOP('',(#598));
#598 = ORIENTED_EDGE('',*,*,#599,.F.);
#599 = EDGE_CURVE('',#600,#600,#602,.T.);
#600 = VERTEX_POINT('',#601);
#601 = CARTESIAN_POINT('',(-11.35,22.,0.));
#602 = CIRCLE('',#603,1.65);
#603 = AXIS2_PLACEMENT_3D('',#604,#605,#606);
#604 = CARTESIAN_POINT('',(-13.,22.,0.));
#605 = DIRECTION('',(0.,0.,-1.));
#606 = DIRECTION('',(1.,0.,0.));
#607 = PLANE('',#608);
#608 = AXIS2_PLACEMENT_3D('',#609,#610,#611);
#609 = CARTESIAN_POINT('',(0.,-4.2578164208E-06,0.));
#610 = DIRECTION('',(-0.,-0.,-1.));
#611 = DIRECTION('',(-1.,0.,0.));
#612 = ADVANCED_FACE('',(#613),#631,.T.);
#613 = FACE_BOUND('',#614,.T.);
#614 = EDGE_LOOP('',(#615,#623,#624,#625));
#615 = ORIENTED_EDGE('',*,*,#616,.F.);
#616 = EDGE_CURVE('',#56,#617,#619,.T.);
#617 = VERTEX_POINT('',#618);
#618 = CARTESIAN_POINT('',(-64.,7.999978943203,55.));
#619 = LINE('',#620,#621);
#620 = CARTESIAN_POINT('',(-96.,7.999978943203,55.));
#621 = VECTOR('',#622,1.);
#622 = DIRECTION('',(1.,0.,0.));
#623 = ORIENTED_EDGE('',*,*,#55,.T.);
#624 = ORIENTED_EDGE('',*,*,#470,.T.);
#625 = ORIENTED_EDGE('',*,*,#626,.F.);
#626 = EDGE_CURVE('',#617,#471,#627,.T.);
#627 = LINE('',#628,#629);
#628 = CARTESIAN_POINT('',(-64.,7.999978943203,0.));
#629 = VECTOR('',#630,1.);
#630 = DIRECTION('',(0.,0.,1.));
#631 = PLANE('',#632);
#632 = AXIS2_PLACEMENT_3D('',#633,#634,#635);
#633 = CARTESIAN_POINT('',(-128.,7.999978943203,0.));
#634 = DIRECTION('',(0.,1.,0.));
#635 = DIRECTION('',(1.,0.,0.));
#636 = ADVANCED_FACE('',(#637),#655,.T.);
#637 = FACE_BOUND('',#638,.F.);
#638 = EDGE_LOOP('',(#639,#640,#641,#649));
#639 = ORIENTED_EDGE('',*,*,#183,.F.);
#640 = ORIENTED_EDGE('',*,*,#494,.T.);
#641 = ORIENTED_EDGE('',*,*,#642,.T.);
#642 = EDGE_CURVE('',#495,#643,#645,.T.);
#643 = VERTEX_POINT('',#644);
#644 = CARTESIAN_POINT('',(-64.,7.999978943203,3.));
#645 = LINE('',#646,#647);
#646 = CARTESIAN_POINT('',(-64.,6.499978943203,1.5));
#647 = VECTOR('',#648,1.);
#648 = DIRECTION('',(0.,0.707106781187,0.707106781187));
#649 = ORIENTED_EDGE('',*,*,#650,.F.);
#650 = EDGE_CURVE('',#176,#643,#651,.T.);
#651 = LINE('',#652,#653);
#652 = CARTESIAN_POINT('',(-128.,7.999978943203,3.));
#653 = VECTOR('',#654,1.);
#654 = DIRECTION('',(1.,0.,0.));
#655 = PLANE('',#656);
#656 = AXIS2_PLACEMENT_3D('',#657,#658,#659);
#657 = CARTESIAN_POINT('',(-128.,6.499978943203,1.5));
#658 = DIRECTION('',(0.,0.707106781187,-0.707106781187));
#659 = DIRECTION('',(-1.,-0.,-0.));
#660 = ADVANCED_FACE('',(#661),#679,.F.);
#661 = FACE_BOUND('',#662,.F.);
#662 = EDGE_LOOP('',(#663,#671,#677,#678));
#663 = ORIENTED_EDGE('',*,*,#664,.F.);
#664 = EDGE_CURVE('',#665,#64,#667,.T.);
#665 = VERTEX_POINT('',#666);
#666 = CARTESIAN_POINT('',(-64.,-7.999978943203,55.));
#667 = LINE('',#668,#669);
#668 = CARTESIAN_POINT('',(-64.,-7.999978943203,55.));
#669 = VECTOR('',#670,1.);
#670 = DIRECTION('',(-1.,0.,0.));
#671 = ORIENTED_EDGE('',*,*,#672,.T.);
#672 = EDGE_CURVE('',#665,#617,#673,.T.);
#673 = LINE('',#674,#675);
#674 = CARTESIAN_POINT('',(-64.,-7.999978943203,55.));
#675 = VECTOR('',#676,1.);
#676 = DIRECTION('',(0.,1.,-2.2E-16));
#677 = ORIENTED_EDGE('',*,*,#616,.F.);
#678 = ORIENTED_EDGE('',*,*,#63,.F.);
#679 = PLANE('',#680);
#680 = AXIS2_PLACEMENT_3D('',#681,#682,#683);
#681 = CARTESIAN_POINT('',(-64.,-7.999978943203,55.));
#682 = DIRECTION('',(0.,2.2E-16,1.));
#683 = DIRECTION('',(-1.,0.,0.));
#684 = ADVANCED_FACE('',(#685),#703,.T.);
#685 = FACE_BOUND('',#686,.T.);
#686 = EDGE_LOOP('',(#687,#695,#696,#697));
#687 = ORIENTED_EDGE('',*,*,#688,.F.);
#688 = EDGE_CURVE('',#643,#689,#691,.T.);
#689 = VERTEX_POINT('',#690);
#690 = CARTESIAN_POINT('',(-64.,7.999978943203,12.));
#691 = LINE('',#692,#693);
#692 = CARTESIAN_POINT('',(-64.,7.999978943203,0.));
#693 = VECTOR('',#694,1.);
#694 = DIRECTION('',(0.,0.,1.));
#695 = ORIENTED_EDGE('',*,*,#650,.F.);
#696 = ORIENTED_EDGE('',*,*,#175,.T.);
#697 = ORIENTED_EDGE('',*,*,#698,.F.);
#698 = EDGE_CURVE('',#689,#168,#699,.T.);
#699 = LINE('',#700,#701);
#700 = CARTESIAN_POINT('',(-64.,7.999978943203,12.));
#701 = VECTOR('',#702,1.);
#702 = DIRECTION('',(-1.,0.,0.));
#703 = PLANE('',#704);
#704 = AXIS2_PLACEMENT_3D('',#705,#706,#707);
#705 = CARTESIAN_POINT('',(-128.,7.999978943203,0.));
#706 = DIRECTION('',(0.,1.,0.));
#707 = DIRECTION('',(1.,0.,0.));
#708 = ADVANCED_FACE('',(#709),#727,.T.);
#709 = FACE_BOUND('',#710,.T.);
#710 = EDGE_LOOP('',(#711,#712,#720,#726));
#711 = ORIENTED_EDGE('',*,*,#664,.F.);
#712 = ORIENTED_EDGE('',*,*,#713,.T.);
#713 = EDGE_CURVE('',#665,#714,#716,.T.);
#714 = VERTEX_POINT('',#715);
#715 = CARTESIAN_POINT('',(-64.,-7.999978943203,57.));
#716 = LINE('',#717,#718);
#717 = CARTESIAN_POINT('',(-64.,-7.999978943203,0.));
#718 = VECTOR('',#719,1.);
#719 = DIRECTION('',(0.,0.,1.));
#720 = ORIENTED_EDGE('',*,*,#721,.T.);
#721 = EDGE_CURVE('',#714,#72,#722,.T.);
#722 = LINE('',#723,#724);
#723 = CARTESIAN_POINT('',(-64.,-7.999978943203,57.));
#724 = VECTOR('',#725,1.);
#725 = DIRECTION('',(-1.,0.,0.));
#726 = ORIENTED_EDGE('',*,*,#71,.F.);
#727 = PLANE('',#728);
#728 = AXIS2_PLACEMENT_3D('',#729,#730,#731);
#729 = CARTESIAN_POINT('',(-64.,-7.999978943203,0.));
#730 = DIRECTION('',(0.,-1.,0.));
#731 = DIRECTION('',(-1.,0.,0.));
#732 = ADVANCED_FACE('',(#733),#751,.F.);
#733 = FACE_BOUND('',#734,.T.);
#734 = EDGE_LOOP('',(#735,#743,#744,#745));
#735 = ORIENTED_EDGE('',*,*,#736,.F.);
#736 = EDGE_CURVE('',#689,#737,#739,.T.);
#737 = VERTEX_POINT('',#738);
#738 = CARTESIAN_POINT('',(-64.,4.999978943203,15.));
#739 = LINE('',#740,#741);
#740 = CARTESIAN_POINT('',(-64.,0.918579632762,19.081399310441));
#741 = VECTOR('',#742,1.);
#742 = DIRECTION('',(0.,-0.707106781187,0.707106781187));
#743 = ORIENTED_EDGE('',*,*,#698,.T.);
#744 = ORIENTED_EDGE('',*,*,#167,.T.);
#745 = ORIENTED_EDGE('',*,*,#746,.F.);
#746 = EDGE_CURVE('',#737,#160,#747,.T.);
#747 = LINE('',#748,#749);
#748 = CARTESIAN_POINT('',(-64.,4.999978943203,15.));
#749 = VECTOR('',#750,1.);
#750 = DIRECTION('',(-1.,0.,0.));
#751 = PLANE('',#752);
#752 = AXIS2_PLACEMENT_3D('',#753,#754,#755);
#753 = CARTESIAN_POINT('',(-64.,6.499978943203,13.5));
#754 = DIRECTION('',(0.,-0.707106781187,-0.707106781187));
#755 = DIRECTION('',(1.,0.,0.));
#756 = ADVANCED_FACE('',(#757),#768,.T.);
#757 = FACE_BOUND('',#758,.F.);
#758 = EDGE_LOOP('',(#759,#765,#766,#767));
#759 = ORIENTED_EDGE('',*,*,#760,.F.);
#760 = EDGE_CURVE('',#714,#340,#761,.T.);
#761 = LINE('',#762,#763);
#762 = CARTESIAN_POINT('',(-64.,-31.9999789432,33.));
#763 = VECTOR('',#764,1.);
#764 = DIRECTION('',(0.,0.707106781187,0.707106781187));
#765 = ORIENTED_EDGE('',*,*,#721,.T.);
#766 = ORIENTED_EDGE('',*,*,#79,.T.);
#767 = ORIENTED_EDGE('',*,*,#339,.F.);
#768 = PLANE('',#769);
#769 = AXIS2_PLACEMENT_3D('',#770,#771,#772);
#770 = CARTESIAN_POINT('',(-64.,-6.499978943203,58.5));
#771 = DIRECTION('',(0.,-0.707106781187,0.707106781187));
#772 = DIRECTION('',(1.,0.,0.));
#773 = ADVANCED_FACE('',(#774),#792,.F.);
#774 = FACE_BOUND('',#775,.F.);
#775 = EDGE_LOOP('',(#776,#784,#790,#791));
#776 = ORIENTED_EDGE('',*,*,#777,.F.);
#777 = EDGE_CURVE('',#778,#737,#780,.T.);
#778 = VERTEX_POINT('',#779);
#779 = CARTESIAN_POINT('',(-64.,-4.999978943203,15.));
#780 = LINE('',#781,#782);
#781 = CARTESIAN_POINT('',(-64.,-7.999978943203,15.));
#782 = VECTOR('',#783,1.);
#783 = DIRECTION('',(0.,1.,-2.2E-16));
#784 = ORIENTED_EDGE('',*,*,#785,.F.);
#785 = EDGE_CURVE('',#152,#778,#786,.T.);
#786 = LINE('',#787,#788);
#787 = CARTESIAN_POINT('',(-128.,-4.999978943203,15.));
#788 = VECTOR('',#789,1.);
#789 = DIRECTION('',(1.,0.,0.));
#790 = ORIENTED_EDGE('',*,*,#159,.T.);
#791 = ORIENTED_EDGE('',*,*,#746,.F.);
#792 = PLANE('',#793);
#793 = AXIS2_PLACEMENT_3D('',#794,#795,#796);
#794 = CARTESIAN_POINT('',(-128.,-7.999978943203,15.));
#795 = DIRECTION('',(0.,-2.2E-16,-1.));
#796 = DIRECTION('',(1.,0.,0.));
#797 = ADVANCED_FACE('',(#798),#816,.F.);
#798 = FACE_BOUND('',#799,.F.);
#799 = EDGE_LOOP('',(#800,#801,#802,#810));
#800 = ORIENTED_EDGE('',*,*,#151,.F.);
#801 = ORIENTED_EDGE('',*,*,#785,.T.);
#802 = ORIENTED_EDGE('',*,*,#803,.T.);
#803 = EDGE_CURVE('',#778,#804,#806,.T.);
#804 = VERTEX_POINT('',#805);
#805 = CARTESIAN_POINT('',(-64.,-7.999978943203,12.));
#806 = LINE('',#807,#808);
#807 = CARTESIAN_POINT('',(-64.,-0.918579632762,19.081399310441));
#808 = VECTOR('',#809,1.);
#809 = DIRECTION('',(0.,-0.707106781187,-0.707106781187));
#810 = ORIENTED_EDGE('',*,*,#811,.F.);
#811 = EDGE_CURVE('',#144,#804,#812,.T.);
#812 = LINE('',#813,#814);
#813 = CARTESIAN_POINT('',(-128.,-7.999978943203,12.));
#814 = VECTOR('',#815,1.);
#815 = DIRECTION('',(1.,0.,0.));
#816 = PLANE('',#817);
#817 = AXIS2_PLACEMENT_3D('',#818,#819,#820);
#818 = CARTESIAN_POINT('',(-128.,-6.499978943203,13.5));
#819 = DIRECTION('',(0.,0.707106781187,-0.707106781187));
#820 = DIRECTION('',(1.,0.,0.));
#821 = ADVANCED_FACE('',(#822),#840,.F.);
#822 = FACE_BOUND('',#823,.T.);
#823 = EDGE_LOOP('',(#824,#825,#826,#834));
#824 = ORIENTED_EDGE('',*,*,#95,.F.);
#825 = ORIENTED_EDGE('',*,*,#332,.T.);
#826 = ORIENTED_EDGE('',*,*,#827,.T.);
#827 = EDGE_CURVE('',#325,#828,#830,.T.);
#828 = VERTEX_POINT('',#829);
#829 = CARTESIAN_POINT('',(-138.,-41.70712783791,59.292893218813));
#830 = LINE('',#831,#832);
#831 = CARTESIAN_POINT('',(-138.,-55.30114844965,53.662065514299));
#832 = VECTOR('',#833,1.);
#833 = DIRECTION('',(-0.,-0.923879532512,-0.382683432362));
#834 = ORIENTED_EDGE('',*,*,#835,.F.);
#835 = EDGE_CURVE('',#96,#828,#836,.T.);
#836 = LINE('',#837,#838);
#837 = CARTESIAN_POINT('',(-127.9999970221,-41.7070857243,
    59.292893218813));
#838 = VECTOR('',#839,1.);
#839 = DIRECTION('',(-0.999999999991,-4.21135945384E-06,0.));
#840 = PLANE('',#841);
#841 = AXIS2_PLACEMENT_3D('',#842,#843,#844);
#842 = CARTESIAN_POINT('',(-128.0000006167,-40.85353233371,
    59.646446609407));
#843 = DIRECTION('',(-1.61161749072E-06,0.382683432362,-0.923879532511)
  );
#844 = DIRECTION('',(0.999999999991,4.211359453841E-06,
    -1.241326784201E-18));
#845 = ADVANCED_FACE('',(#846),#864,.T.);
#846 = FACE_BOUND('',#847,.T.);
#847 = EDGE_LOOP('',(#848,#849,#857,#863));
#848 = ORIENTED_EDGE('',*,*,#143,.F.);
#849 = ORIENTED_EDGE('',*,*,#850,.F.);
#850 = EDGE_CURVE('',#851,#136,#853,.T.);
#851 = VERTEX_POINT('',#852);
#852 = CARTESIAN_POINT('',(-64.,-7.999978943203,3.));
#853 = LINE('',#854,#855);
#854 = CARTESIAN_POINT('',(-64.,-7.999978943203,3.));
#855 = VECTOR('',#856,1.);
#856 = DIRECTION('',(-1.,0.,0.));
#857 = ORIENTED_EDGE('',*,*,#858,.T.);
#858 = EDGE_CURVE('',#851,#804,#859,.T.);
#859 = LINE('',#860,#861);
#860 = CARTESIAN_POINT('',(-64.,-7.999978943203,0.));
#861 = VECTOR('',#862,1.);
#862 = DIRECTION('',(0.,0.,1.));
#863 = ORIENTED_EDGE('',*,*,#811,.F.);
#864 = PLANE('',#865);
#865 = AXIS2_PLACEMENT_3D('',#866,#867,#868);
#866 = CARTESIAN_POINT('',(-64.,-7.999978943203,0.));
#867 = DIRECTION('',(0.,-1.,0.));
#868 = DIRECTION('',(-1.,0.,0.));
#869 = ADVANCED_FACE('',(#870),#888,.T.);
#870 = FACE_BOUND('',#871,.F.);
#871 = EDGE_LOOP('',(#872,#873,#881,#887));
#872 = ORIENTED_EDGE('',*,*,#103,.F.);
#873 = ORIENTED_EDGE('',*,*,#874,.T.);
#874 = EDGE_CURVE('',#104,#875,#877,.T.);
#875 = VERTEX_POINT('',#876);
#876 = CARTESIAN_POINT('',(-138.,-50.00002105679,51.));
#877 = LINE('',#878,#879);
#878 = CARTESIAN_POINT('',(-128.,-49.9999789432,51.));
#879 = VECTOR('',#880,1.);
#880 = DIRECTION('',(-0.999999999991,-4.21135945384E-06,0.));
#881 = ORIENTED_EDGE('',*,*,#882,.T.);
#882 = EDGE_CURVE('',#875,#828,#883,.T.);
#883 = LINE('',#884,#885);
#884 = CARTESIAN_POINT('',(-138.,-60.50001052839,40.500010528492));
#885 = VECTOR('',#886,1.);
#886 = DIRECTION('',(0.,0.70710678119,0.707106781183));
#887 = ORIENTED_EDGE('',*,*,#835,.F.);
#888 = PLANE('',#889);
#889 = AXIS2_PLACEMENT_3D('',#890,#891,#892);
#890 = CARTESIAN_POINT('',(-128.0000189511,-45.49997894324,55.5));
#891 = DIRECTION('',(2.97788082783E-06,-0.70710678118,0.707106781187));
#892 = DIRECTION('',(0.999999999991,4.211359453844E-06,
    -4.003077708724E-18));
#893 = ADVANCED_FACE('',(#894),#905,.T.);
#894 = FACE_BOUND('',#895,.F.);
#895 = EDGE_LOOP('',(#896,#902,#903,#904));
#896 = ORIENTED_EDGE('',*,*,#897,.F.);
#897 = EDGE_CURVE('',#535,#851,#898,.T.);
#898 = LINE('',#899,#900);
#899 = CARTESIAN_POINT('',(-64.,-16.9999789432,12.));
#900 = VECTOR('',#901,1.);
#901 = DIRECTION('',(0.,-0.707106781187,0.707106781187));
#902 = ORIENTED_EDGE('',*,*,#542,.T.);
#903 = ORIENTED_EDGE('',*,*,#135,.T.);
#904 = ORIENTED_EDGE('',*,*,#850,.F.);
#905 = PLANE('',#906);
#906 = AXIS2_PLACEMENT_3D('',#907,#908,#909);
#907 = CARTESIAN_POINT('',(-64.,-6.499978943203,1.5));
#908 = DIRECTION('',(0.,-0.707106781187,-0.707106781187));
#909 = DIRECTION('',(1.,0.,0.));
#910 = ADVANCED_FACE('',(#911),#929,.T.);
#911 = FACE_BOUND('',#912,.T.);
#912 = EDGE_LOOP('',(#913,#914,#915,#923));
#913 = ORIENTED_EDGE('',*,*,#111,.T.);
#914 = ORIENTED_EDGE('',*,*,#874,.T.);
#915 = ORIENTED_EDGE('',*,*,#916,.F.);
#916 = EDGE_CURVE('',#917,#875,#919,.T.);
#917 = VERTEX_POINT('',#918);
#918 = CARTESIAN_POINT('',(-138.,-50.00002105679,13.292735791537));
#919 = LINE('',#920,#921);
#920 = CARTESIAN_POINT('',(-138.,-50.00002105679,0.));
#921 = VECTOR('',#922,1.);
#922 = DIRECTION('',(0.,0.,1.));
#923 = ORIENTED_EDGE('',*,*,#924,.F.);
#924 = EDGE_CURVE('',#112,#917,#925,.T.);
#925 = LINE('',#926,#927);
#926 = CARTESIAN_POINT('',(-128.,-49.9999789432,13.292735791537));
#927 = VECTOR('',#928,1.);
#928 = DIRECTION('',(-0.999999999991,-4.21135945384E-06,0.));
#929 = PLANE('',#930);
#930 = AXIS2_PLACEMENT_3D('',#931,#932,#933);
#931 = CARTESIAN_POINT('',(-128.,-49.9999789432,0.));
#932 = DIRECTION('',(4.21135945384E-06,-0.999999999991,0.));
#933 = DIRECTION('',(-0.999999999991,-4.21135945384E-06,0.));
#934 = ADVANCED_FACE('',(#935),#946,.T.);
#935 = FACE_BOUND('',#936,.F.);
#936 = EDGE_LOOP('',(#937,#938,#939,#945));
#937 = ORIENTED_EDGE('',*,*,#119,.F.);
#938 = ORIENTED_EDGE('',*,*,#549,.T.);
#939 = ORIENTED_EDGE('',*,*,#940,.T.);
#940 = EDGE_CURVE('',#550,#917,#941,.T.);
#941 = LINE('',#942,#943);
#942 = CARTESIAN_POINT('',(-138.,-40.99496028773,8.504660047981));
#943 = VECTOR('',#944,1.);
#944 = DIRECTION('',(0.,-0.882947592861,0.469471562783));
#945 = ORIENTED_EDGE('',*,*,#924,.F.);
#946 = PLANE('',#947);
#947 = AXIS2_PLACEMENT_3D('',#948,#949,#950);
#948 = CARTESIAN_POINT('',(-128.0000526419,-37.49997894331,
    6.646367895768));
#949 = DIRECTION('',(1.97711350448E-06,-0.469471562782,-0.882947592859)
  );
#950 = DIRECTION('',(0.999999999991,4.211359453948E-06,
    2.060608814521E-16));
#951 = ADVANCED_FACE('',(#952),#971,.F.);
#952 = FACE_BOUND('',#953,.F.);
#953 = EDGE_LOOP('',(#954,#962,#963,#964));
#954 = ORIENTED_EDGE('',*,*,#955,.T.);
#955 = EDGE_CURVE('',#956,#216,#958,.T.);
#956 = VERTEX_POINT('',#957);
#957 = CARTESIAN_POINT('',(-138.,26.5,39.5));
#958 = LINE('',#959,#960);
#959 = CARTESIAN_POINT('',(-138.,26.5,39.5));
#960 = VECTOR('',#961,1.);
#961 = DIRECTION('',(1.,0.,0.));
#962 = ORIENTED_EDGE('',*,*,#215,.T.);
#963 = ORIENTED_EDGE('',*,*,#955,.F.);
#964 = ORIENTED_EDGE('',*,*,#965,.F.);
#965 = EDGE_CURVE('',#956,#956,#966,.T.);
#966 = CIRCLE('',#967,5.);
#967 = AXIS2_PLACEMENT_3D('',#968,#969,#970);
#968 = CARTESIAN_POINT('',(-138.,31.5,39.5));
#969 = DIRECTION('',(-1.,0.,0.));
#970 = DIRECTION('',(0.,-1.,0.));
#971 = CYLINDRICAL_SURFACE('',#972,5.);
#972 = AXIS2_PLACEMENT_3D('',#973,#974,#975);
#973 = CARTESIAN_POINT('',(-138.,31.5,39.5));
#974 = DIRECTION('',(-1.,0.,0.));
#975 = DIRECTION('',(0.,-1.,0.));
#976 = ADVANCED_FACE('',(#977),#996,.F.);
#977 = FACE_BOUND('',#978,.F.);
#978 = EDGE_LOOP('',(#979,#987,#988,#989));
#979 = ORIENTED_EDGE('',*,*,#980,.T.);
#980 = EDGE_CURVE('',#981,#227,#983,.T.);
#981 = VERTEX_POINT('',#982);
#982 = CARTESIAN_POINT('',(-138.,-36.5,39.5));
#983 = LINE('',#984,#985);
#984 = CARTESIAN_POINT('',(-138.,-36.5,39.5));
#985 = VECTOR('',#986,1.);
#986 = DIRECTION('',(1.,0.,0.));
#987 = ORIENTED_EDGE('',*,*,#226,.T.);
#988 = ORIENTED_EDGE('',*,*,#980,.F.);
#989 = ORIENTED_EDGE('',*,*,#990,.F.);
#990 = EDGE_CURVE('',#981,#981,#991,.T.);
#991 = CIRCLE('',#992,5.);
#992 = AXIS2_PLACEMENT_3D('',#993,#994,#995);
#993 = CARTESIAN_POINT('',(-138.,-31.5,39.5));
#994 = DIRECTION('',(-1.,0.,0.));
#995 = DIRECTION('',(0.,-1.,0.));
#996 = CYLINDRICAL_SURFACE('',#997,5.);
#997 = AXIS2_PLACEMENT_3D('',#998,#999,#1000);
#998 = CARTESIAN_POINT('',(-138.,-31.5,39.5));
#999 = DIRECTION('',(-1.,0.,0.));
#1000 = DIRECTION('',(0.,-1.,0.));
#1001 = ADVANCED_FACE('',(#1002,#1014,#1017),#1020,.T.);
#1002 = FACE_BOUND('',#1003,.T.);
#1003 = EDGE_LOOP('',(#1004,#1005,#1006,#1007,#1008,#1009,#1010,#1011,
    #1012,#1013));
#1004 = ORIENTED_EDGE('',*,*,#882,.T.);
#1005 = ORIENTED_EDGE('',*,*,#827,.F.);
#1006 = ORIENTED_EDGE('',*,*,#324,.T.);
#1007 = ORIENTED_EDGE('',*,*,#274,.F.);
#1008 = ORIENTED_EDGE('',*,*,#243,.F.);
#1009 = ORIENTED_EDGE('',*,*,#298,.F.);
#1010 = ORIENTED_EDGE('',*,*,#445,.F.);
#1011 = ORIENTED_EDGE('',*,*,#557,.F.);
#1012 = ORIENTED_EDGE('',*,*,#940,.T.);
#1013 = ORIENTED_EDGE('',*,*,#916,.T.);
#1014 = FACE_BOUND('',#1015,.T.);
#1015 = EDGE_LOOP('',(#1016));
#1016 = ORIENTED_EDGE('',*,*,#990,.F.);
#1017 = FACE_BOUND('',#1018,.T.);
#1018 = EDGE_LOOP('',(#1019));
#1019 = ORIENTED_EDGE('',*,*,#965,.F.);
#1020 = PLANE('',#1021);
#1021 = AXIS2_PLACEMENT_3D('',#1022,#1023,#1024);
#1022 = CARTESIAN_POINT('',(-138.,-50.00002105679,0.));
#1023 = DIRECTION('',(-1.,0.,0.));
#1024 = DIRECTION('',(0.,1.,0.));
#1025 = ADVANCED_FACE('',(#1026,#1088,#1122),#1156,.T.);
#1026 = FACE_BOUND('',#1027,.T.);
#1027 = EDGE_LOOP('',(#1028,#1029,#1030,#1031,#1039,#1047,#1053,#1054,
    #1055,#1056,#1057,#1058,#1059,#1060,#1068,#1076,#1082,#1083,#1084,
    #1085,#1086,#1087));
#1028 = ORIENTED_EDGE('',*,*,#858,.F.);
#1029 = ORIENTED_EDGE('',*,*,#897,.F.);
#1030 = ORIENTED_EDGE('',*,*,#534,.F.);
#1031 = ORIENTED_EDGE('',*,*,#1032,.F.);
#1032 = EDGE_CURVE('',#1033,#527,#1035,.T.);
#1033 = VERTEX_POINT('',#1034);
#1034 = CARTESIAN_POINT('',(-64.,-49.9999789432,9.));
#1035 = LINE('',#1036,#1037);
#1036 = CARTESIAN_POINT('',(-64.,-45.4999789432,4.5));
#1037 = VECTOR('',#1038,1.);
#1038 = DIRECTION('',(0.,0.707106781187,-0.707106781187));
#1039 = ORIENTED_EDGE('',*,*,#1040,.T.);
#1040 = EDGE_CURVE('',#1033,#1041,#1043,.T.);
#1041 = VERTEX_POINT('',#1042);
#1042 = CARTESIAN_POINT('',(-64.,-49.9999789432,51.));
#1043 = LINE('',#1044,#1045);
#1044 = CARTESIAN_POINT('',(-64.,-49.9999789432,0.));
#1045 = VECTOR('',#1046,1.);
#1046 = DIRECTION('',(0.,0.,1.));
#1047 = ORIENTED_EDGE('',*,*,#1048,.T.);
#1048 = EDGE_CURVE('',#1041,#348,#1049,.T.);
#1049 = LINE('',#1050,#1051);
#1050 = CARTESIAN_POINT('',(-64.,-60.4999789432,40.5));
#1051 = VECTOR('',#1052,1.);
#1052 = DIRECTION('',(0.,0.707106781187,0.707106781187));
#1053 = ORIENTED_EDGE('',*,*,#347,.T.);
#1054 = ORIENTED_EDGE('',*,*,#760,.F.);
#1055 = ORIENTED_EDGE('',*,*,#713,.F.);
#1056 = ORIENTED_EDGE('',*,*,#672,.T.);
#1057 = ORIENTED_EDGE('',*,*,#626,.T.);
#1058 = ORIENTED_EDGE('',*,*,#478,.T.);
#1059 = ORIENTED_EDGE('',*,*,#379,.F.);
#1060 = ORIENTED_EDGE('',*,*,#1061,.T.);
#1061 = EDGE_CURVE('',#372,#1062,#1064,.T.);
#1062 = VERTEX_POINT('',#1063);
#1063 = CARTESIAN_POINT('',(-64.,49.999978943203,51.));
#1064 = LINE('',#1065,#1066);
#1065 = CARTESIAN_POINT('',(-64.,49.999978943203,51.));
#1066 = VECTOR('',#1067,1.);
#1067 = DIRECTION('',(0.,0.707106781187,-0.707106781187));
#1068 = ORIENTED_EDGE('',*,*,#1069,.F.);
#1069 = EDGE_CURVE('',#1070,#1062,#1072,.T.);
#1070 = VERTEX_POINT('',#1071);
#1071 = CARTESIAN_POINT('',(-64.,49.999978943203,9.));
#1072 = LINE('',#1073,#1074);
#1073 = CARTESIAN_POINT('',(-64.,49.999978943203,0.));
#1074 = VECTOR('',#1075,1.);
#1075 = DIRECTION('',(0.,0.,1.));
#1076 = ORIENTED_EDGE('',*,*,#1077,.F.);
#1077 = EDGE_CURVE('',#503,#1070,#1078,.T.);
#1078 = LINE('',#1079,#1080);
#1079 = CARTESIAN_POINT('',(-64.,34.999978943203,-6.));
#1080 = VECTOR('',#1081,1.);
#1081 = DIRECTION('',(0.,0.707106781187,0.707106781187));
#1082 = ORIENTED_EDGE('',*,*,#502,.T.);
#1083 = ORIENTED_EDGE('',*,*,#642,.T.);
#1084 = ORIENTED_EDGE('',*,*,#688,.T.);
#1085 = ORIENTED_EDGE('',*,*,#736,.T.);
#1086 = ORIENTED_EDGE('',*,*,#777,.F.);
#1087 = ORIENTED_EDGE('',*,*,#803,.T.);
#1088 = FACE_BOUND('',#1089,.T.);
#1089 = EDGE_LOOP('',(#1090,#1100,#1108,#1116));
#1090 = ORIENTED_EDGE('',*,*,#1091,.F.);
#1091 = EDGE_CURVE('',#1092,#1094,#1096,.T.);
#1092 = VERTEX_POINT('',#1093);
#1093 = CARTESIAN_POINT('',(-64.,21.,3.));
#1094 = VERTEX_POINT('',#1095);
#1095 = CARTESIAN_POINT('',(-64.,21.,58.));
#1096 = LINE('',#1097,#1098);
#1097 = CARTESIAN_POINT('',(-64.,21.,3.));
#1098 = VECTOR('',#1099,1.);
#1099 = DIRECTION('',(0.,0.,1.));
#1100 = ORIENTED_EDGE('',*,*,#1101,.F.);
#1101 = EDGE_CURVE('',#1102,#1092,#1104,.T.);
#1102 = VERTEX_POINT('',#1103);
#1103 = CARTESIAN_POINT('',(-64.,41.5,3.));
#1104 = LINE('',#1105,#1106);
#1105 = CARTESIAN_POINT('',(-64.,41.5,3.));
#1106 = VECTOR('',#1107,1.);
#1107 = DIRECTION('',(0.,-1.,0.));
#1108 = ORIENTED_EDGE('',*,*,#1109,.F.);
#1109 = EDGE_CURVE('',#1110,#1102,#1112,.T.);
#1110 = VERTEX_POINT('',#1111);
#1111 = CARTESIAN_POINT('',(-64.,41.5,58.));
#1112 = LINE('',#1113,#1114);
#1113 = CARTESIAN_POINT('',(-64.,41.5,58.));
#1114 = VECTOR('',#1115,1.);
#1115 = DIRECTION('',(0.,0.,-1.));
#1116 = ORIENTED_EDGE('',*,*,#1117,.F.);
#1117 = EDGE_CURVE('',#1094,#1110,#1118,.T.);
#1118 = LINE('',#1119,#1120);
#1119 = CARTESIAN_POINT('',(-64.,21.,58.));
#1120 = VECTOR('',#1121,1.);
#1121 = DIRECTION('',(0.,1.,0.));
#1122 = FACE_BOUND('',#1123,.T.);
#1123 = EDGE_LOOP('',(#1124,#1134,#1142,#1150));
#1124 = ORIENTED_EDGE('',*,*,#1125,.T.);
#1125 = EDGE_CURVE('',#1126,#1128,#1130,.T.);
#1126 = VERTEX_POINT('',#1127);
#1127 = CARTESIAN_POINT('',(-64.,-21.,3.));
#1128 = VERTEX_POINT('',#1129);
#1129 = CARTESIAN_POINT('',(-64.,-21.,58.));
#1130 = LINE('',#1131,#1132);
#1131 = CARTESIAN_POINT('',(-64.,-21.,3.));
#1132 = VECTOR('',#1133,1.);
#1133 = DIRECTION('',(0.,0.,1.));
#1134 = ORIENTED_EDGE('',*,*,#1135,.T.);
#1135 = EDGE_CURVE('',#1128,#1136,#1138,.T.);
#1136 = VERTEX_POINT('',#1137);
#1137 = CARTESIAN_POINT('',(-64.,-41.5,58.));
#1138 = LINE('',#1139,#1140);
#1139 = CARTESIAN_POINT('',(-64.,-21.,58.));
#1140 = VECTOR('',#1141,1.);
#1141 = DIRECTION('',(0.,-1.,0.));
#1142 = ORIENTED_EDGE('',*,*,#1143,.T.);
#1143 = EDGE_CURVE('',#1136,#1144,#1146,.T.);
#1144 = VERTEX_POINT('',#1145);
#1145 = CARTESIAN_POINT('',(-64.,-41.5,3.));
#1146 = LINE('',#1147,#1148);
#1147 = CARTESIAN_POINT('',(-64.,-41.5,58.));
#1148 = VECTOR('',#1149,1.);
#1149 = DIRECTION('',(0.,0.,-1.));
#1150 = ORIENTED_EDGE('',*,*,#1151,.T.);
#1151 = EDGE_CURVE('',#1144,#1126,#1152,.T.);
#1152 = LINE('',#1153,#1154);
#1153 = CARTESIAN_POINT('',(-64.,-41.5,3.));
#1154 = VECTOR('',#1155,1.);
#1155 = DIRECTION('',(0.,1.,0.));
#1156 = PLANE('',#1157);
#1157 = AXIS2_PLACEMENT_3D('',#1158,#1159,#1160);
#1158 = CARTESIAN_POINT('',(-64.,1.6E-16,29.325618298561));
#1159 = DIRECTION('',(-1.,-0.,-0.));
#1160 = DIRECTION('',(0.,0.,-1.));
#1161 = ADVANCED_FACE('',(#1162),#1180,.T.);
#1162 = FACE_BOUND('',#1163,.F.);
#1163 = EDGE_LOOP('',(#1164,#1172,#1173,#1174));
#1164 = ORIENTED_EDGE('',*,*,#1165,.F.);
#1165 = EDGE_CURVE('',#364,#1166,#1168,.T.);
#1166 = VERTEX_POINT('',#1167);
#1167 = CARTESIAN_POINT('',(0.,49.999978943203,51.));
#1168 = LINE('',#1169,#1170);
#1169 = CARTESIAN_POINT('',(-7.11E-15,20.249984207402,80.749994735801));
#1170 = VECTOR('',#1171,1.);
#1171 = DIRECTION('',(0.,0.707106781187,-0.707106781187));
#1172 = ORIENTED_EDGE('',*,*,#371,.T.);
#1173 = ORIENTED_EDGE('',*,*,#1061,.T.);
#1174 = ORIENTED_EDGE('',*,*,#1175,.F.);
#1175 = EDGE_CURVE('',#1166,#1062,#1176,.T.);
#1176 = LINE('',#1177,#1178);
#1177 = CARTESIAN_POINT('',(64.,49.999978943203,51.));
#1178 = VECTOR('',#1179,1.);
#1179 = DIRECTION('',(-1.,-0.,-0.));
#1180 = PLANE('',#1181);
#1181 = AXIS2_PLACEMENT_3D('',#1182,#1183,#1184);
#1182 = CARTESIAN_POINT('',(64.,45.499978943203,55.5));
#1183 = DIRECTION('',(0.,0.707106781187,0.707106781187));
#1184 = DIRECTION('',(1.,0.,0.));
#1185 = ADVANCED_FACE('',(#1186,#1227,#1261,#1295,#1397,#1431),#1465,.F.
  );
#1186 = FACE_BOUND('',#1187,.F.);
#1187 = EDGE_LOOP('',(#1188,#1196,#1197,#1198,#1206,#1212,#1213,#1221));
#1188 = ORIENTED_EDGE('',*,*,#1189,.F.);
#1189 = EDGE_CURVE('',#356,#1190,#1192,.T.);
#1190 = VERTEX_POINT('',#1191);
#1191 = CARTESIAN_POINT('',(0.,-49.9999789432,51.));
#1192 = LINE('',#1193,#1194);
#1193 = CARTESIAN_POINT('',(7.11E-15,-45.7499842074,55.249994735801));
#1194 = VECTOR('',#1195,1.);
#1195 = DIRECTION('',(0.,-0.707106781187,-0.707106781187));
#1196 = ORIENTED_EDGE('',*,*,#363,.T.);
#1197 = ORIENTED_EDGE('',*,*,#1165,.T.);
#1198 = ORIENTED_EDGE('',*,*,#1199,.F.);
#1199 = EDGE_CURVE('',#1200,#1166,#1202,.T.);
#1200 = VERTEX_POINT('',#1201);
#1201 = CARTESIAN_POINT('',(0.,49.999978943203,9.));
#1202 = LINE('',#1203,#1204);
#1203 = CARTESIAN_POINT('',(0.,49.999978943203,45.));
#1204 = VECTOR('',#1205,1.);
#1205 = DIRECTION('',(0.,0.,1.));
#1206 = ORIENTED_EDGE('',*,*,#1207,.T.);
#1207 = EDGE_CURVE('',#1200,#511,#1208,.T.);
#1208 = LINE('',#1209,#1210);
#1209 = CARTESIAN_POINT('',(7.11E-15,35.249984207402,-5.749994735801));
#1210 = VECTOR('',#1211,1.);
#1211 = DIRECTION('',(0.,-0.707106781187,-0.707106781187));
#1212 = ORIENTED_EDGE('',*,*,#518,.F.);
#1213 = ORIENTED_EDGE('',*,*,#1214,.F.);
#1214 = EDGE_CURVE('',#1215,#519,#1217,.T.);
#1215 = VERTEX_POINT('',#1216);
#1216 = CARTESIAN_POINT('',(0.,-49.9999789432,9.));
#1217 = LINE('',#1218,#1219);
#1218 = CARTESIAN_POINT('',(-7.11E-15,-60.7499842074,19.750005264199));
#1219 = VECTOR('',#1220,1.);
#1220 = DIRECTION('',(0.,0.707106781187,-0.707106781187));
#1221 = ORIENTED_EDGE('',*,*,#1222,.F.);
#1222 = EDGE_CURVE('',#1190,#1215,#1223,.T.);
#1223 = LINE('',#1224,#1225);
#1224 = CARTESIAN_POINT('',(0.,-49.9999789432,45.));
#1225 = VECTOR('',#1226,1.);
#1226 = DIRECTION('',(0.,0.,-1.));
#1227 = FACE_BOUND('',#1228,.F.);
#1228 = EDGE_LOOP('',(#1229,#1239,#1247,#1255));
#1229 = ORIENTED_EDGE('',*,*,#1230,.F.);
#1230 = EDGE_CURVE('',#1231,#1233,#1235,.T.);
#1231 = VERTEX_POINT('',#1232);
#1232 = CARTESIAN_POINT('',(0.,12.,53.5));
#1233 = VERTEX_POINT('',#1234);
#1234 = CARTESIAN_POINT('',(0.,12.,57.5));
#1235 = LINE('',#1236,#1237);
#1236 = CARTESIAN_POINT('',(0.,12.,53.5));
#1237 = VECTOR('',#1238,1.);
#1238 = DIRECTION('',(0.,0.,1.));
#1239 = ORIENTED_EDGE('',*,*,#1240,.F.);
#1240 = EDGE_CURVE('',#1241,#1231,#1243,.T.);
#1241 = VERTEX_POINT('',#1242);
#1242 = CARTESIAN_POINT('',(0.,32.,53.5));
#1243 = LINE('',#1244,#1245);
#1244 = CARTESIAN_POINT('',(0.,32.,53.5));
#1245 = VECTOR('',#1246,1.);
#1246 = DIRECTION('',(0.,-1.,0.));
#1247 = ORIENTED_EDGE('',*,*,#1248,.F.);
#1248 = EDGE_CURVE('',#1249,#1241,#1251,.T.);
#1249 = VERTEX_POINT('',#1250);
#1250 = CARTESIAN_POINT('',(0.,32.,57.5));
#1251 = LINE('',#1252,#1253);
#1252 = CARTESIAN_POINT('',(0.,32.,57.5));
#1253 = VECTOR('',#1254,1.);
#1254 = DIRECTION('',(0.,0.,-1.));
#1255 = ORIENTED_EDGE('',*,*,#1256,.F.);
#1256 = EDGE_CURVE('',#1233,#1249,#1257,.T.);
#1257 = LINE('',#1258,#1259);
#1258 = CARTESIAN_POINT('',(0.,12.,57.5));
#1259 = VECTOR('',#1260,1.);
#1260 = DIRECTION('',(0.,1.,0.));
#1261 = FACE_BOUND('',#1262,.F.);
#1262 = EDGE_LOOP('',(#1263,#1273,#1281,#1289));
#1263 = ORIENTED_EDGE('',*,*,#1264,.T.);
#1264 = EDGE_CURVE('',#1265,#1267,#1269,.T.);
#1265 = VERTEX_POINT('',#1266);
#1266 = CARTESIAN_POINT('',(0.,32.000000000014,6.5));
#1267 = VERTEX_POINT('',#1268);
#1268 = CARTESIAN_POINT('',(0.,12.,6.5));
#1269 = LINE('',#1270,#1271);
#1270 = CARTESIAN_POINT('',(0.,32.000000000014,6.5));
#1271 = VECTOR('',#1272,1.);
#1272 = DIRECTION('',(0.,-1.,0.));
#1273 = ORIENTED_EDGE('',*,*,#1274,.T.);
#1274 = EDGE_CURVE('',#1267,#1275,#1277,.T.);
#1275 = VERTEX_POINT('',#1276);
#1276 = CARTESIAN_POINT('',(0.,12.,2.5));
#1277 = LINE('',#1278,#1279);
#1278 = CARTESIAN_POINT('',(0.,12.,6.5));
#1279 = VECTOR('',#1280,1.);
#1280 = DIRECTION('',(0.,0.,-1.));
#1281 = ORIENTED_EDGE('',*,*,#1282,.T.);
#1282 = EDGE_CURVE('',#1275,#1283,#1285,.T.);
#1283 = VERTEX_POINT('',#1284);
#1284 = CARTESIAN_POINT('',(0.,32.000000000014,2.5));
#1285 = LINE('',#1286,#1287);
#1286 = CARTESIAN_POINT('',(0.,12.,2.5));
#1287 = VECTOR('',#1288,1.);
#1288 = DIRECTION('',(0.,1.,0.));
#1289 = ORIENTED_EDGE('',*,*,#1290,.T.);
#1290 = EDGE_CURVE('',#1283,#1265,#1291,.T.);
#1291 = LINE('',#1292,#1293);
#1292 = CARTESIAN_POINT('',(0.,32.000000000014,2.5));
#1293 = VECTOR('',#1294,1.);
#1294 = DIRECTION('',(0.,0.,1.));
#1295 = FACE_BOUND('',#1296,.F.);
#1296 = EDGE_LOOP('',(#1297,#1307,#1316,#1324,#1332,#1340,#1349,#1357,
    #1366,#1374,#1382,#1390));
#1297 = ORIENTED_EDGE('',*,*,#1298,.T.);
#1298 = EDGE_CURVE('',#1299,#1301,#1303,.T.);
#1299 = VERTEX_POINT('',#1300);
#1300 = CARTESIAN_POINT('',(0.,38.999999999999,51.499999999999));
#1301 = VERTEX_POINT('',#1302);
#1302 = CARTESIAN_POINT('',(0.,-38.99999999999,51.499999999999));
#1303 = LINE('',#1304,#1305);
#1304 = CARTESIAN_POINT('',(0.,38.999999999999,51.499999999999));
#1305 = VECTOR('',#1306,1.);
#1306 = DIRECTION('',(0.,-1.,0.));
#1307 = ORIENTED_EDGE('',*,*,#1308,.T.);
#1308 = EDGE_CURVE('',#1301,#1309,#1311,.T.);
#1309 = VERTEX_POINT('',#1310);
#1310 = CARTESIAN_POINT('',(0.,-41.29128784747,50.));
#1311 = CIRCLE('',#1312,2.5);
#1312 = AXIS2_PLACEMENT_3D('',#1313,#1314,#1315);
#1313 = CARTESIAN_POINT('',(0.,-38.99999999999,48.999999999999));
#1314 = DIRECTION('',(1.,0.,0.));
#1315 = DIRECTION('',(0.,1.,0.));
#1316 = ORIENTED_EDGE('',*,*,#1317,.T.);
#1317 = EDGE_CURVE('',#1309,#1318,#1320,.T.);
#1318 = VERTEX_POINT('',#1319);
#1319 = CARTESIAN_POINT('',(0.,-41.49999999999,50.));
#1320 = LINE('',#1321,#1322);
#1321 = CARTESIAN_POINT('',(0.,-21.49999999999,50.));
#1322 = VECTOR('',#1323,1.);
#1323 = DIRECTION('',(0.,-1.,0.));
#1324 = ORIENTED_EDGE('',*,*,#1325,.T.);
#1325 = EDGE_CURVE('',#1318,#1326,#1328,.T.);
#1326 = VERTEX_POINT('',#1327);
#1327 = CARTESIAN_POINT('',(0.,-41.49999999999,9.));
#1328 = LINE('',#1329,#1330);
#1329 = CARTESIAN_POINT('',(0.,-41.49999999999,50.));
#1330 = VECTOR('',#1331,1.);
#1331 = DIRECTION('',(0.,0.,-1.));
#1332 = ORIENTED_EDGE('',*,*,#1333,.T.);
#1333 = EDGE_CURVE('',#1326,#1334,#1336,.T.);
#1334 = VERTEX_POINT('',#1335);
#1335 = CARTESIAN_POINT('',(0.,-40.49999999999,9.));
#1336 = LINE('',#1337,#1338);
#1337 = CARTESIAN_POINT('',(0.,-41.49999999999,9.));
#1338 = VECTOR('',#1339,1.);
#1339 = DIRECTION('',(0.,1.,0.));
#1340 = ORIENTED_EDGE('',*,*,#1341,.T.);
#1341 = EDGE_CURVE('',#1334,#1342,#1344,.T.);
#1342 = VERTEX_POINT('',#1343);
#1343 = CARTESIAN_POINT('',(0.,-39.,8.500000000001));
#1344 = CIRCLE('',#1345,2.5);
#1345 = AXIS2_PLACEMENT_3D('',#1346,#1347,#1348);
#1346 = CARTESIAN_POINT('',(0.,-38.99999999999,11.000000000001));
#1347 = DIRECTION('',(1.,0.,0.));
#1348 = DIRECTION('',(0.,1.,0.));
#1349 = ORIENTED_EDGE('',*,*,#1350,.T.);
#1350 = EDGE_CURVE('',#1342,#1351,#1353,.T.);
#1351 = VERTEX_POINT('',#1352);
#1352 = CARTESIAN_POINT('',(0.,39.,8.500000000001));
#1353 = LINE('',#1354,#1355);
#1354 = CARTESIAN_POINT('',(0.,-39.,8.500000000001));
#1355 = VECTOR('',#1356,1.);
#1356 = DIRECTION('',(0.,1.,0.));
#1357 = ORIENTED_EDGE('',*,*,#1358,.T.);
#1358 = EDGE_CURVE('',#1351,#1359,#1361,.T.);
#1359 = VERTEX_POINT('',#1360);
#1360 = CARTESIAN_POINT('',(0.,40.499999999998,9.));
#1361 = CIRCLE('',#1362,2.5);
#1362 = AXIS2_PLACEMENT_3D('',#1363,#1364,#1365);
#1363 = CARTESIAN_POINT('',(0.,38.999999999999,11.000000000001));
#1364 = DIRECTION('',(1.,0.,0.));
#1365 = DIRECTION('',(0.,1.,0.));
#1366 = ORIENTED_EDGE('',*,*,#1367,.T.);
#1367 = EDGE_CURVE('',#1359,#1368,#1370,.T.);
#1368 = VERTEX_POINT('',#1369);
#1369 = CARTESIAN_POINT('',(0.,41.499999999999,9.));
#1370 = LINE('',#1371,#1372);
#1371 = CARTESIAN_POINT('',(0.,21.499999999992,9.));
#1372 = VECTOR('',#1373,1.);
#1373 = DIRECTION('',(0.,1.,0.));
#1374 = ORIENTED_EDGE('',*,*,#1375,.T.);
#1375 = EDGE_CURVE('',#1368,#1376,#1378,.T.);
#1376 = VERTEX_POINT('',#1377);
#1377 = CARTESIAN_POINT('',(0.,41.499999999999,50.));
#1378 = LINE('',#1379,#1380);
#1379 = CARTESIAN_POINT('',(0.,41.499999999999,9.));
#1380 = VECTOR('',#1381,1.);
#1381 = DIRECTION('',(0.,0.,1.));
#1382 = ORIENTED_EDGE('',*,*,#1383,.T.);
#1383 = EDGE_CURVE('',#1376,#1384,#1386,.T.);
#1384 = VERTEX_POINT('',#1385);
#1385 = CARTESIAN_POINT('',(0.,41.291287847475,50.));
#1386 = LINE('',#1387,#1388);
#1387 = CARTESIAN_POINT('',(0.,41.499999999999,50.));
#1388 = VECTOR('',#1389,1.);
#1389 = DIRECTION('',(0.,-1.,0.));
#1390 = ORIENTED_EDGE('',*,*,#1391,.T.);
#1391 = EDGE_CURVE('',#1384,#1299,#1392,.T.);
#1392 = CIRCLE('',#1393,2.5);
#1393 = AXIS2_PLACEMENT_3D('',#1394,#1395,#1396);
#1394 = CARTESIAN_POINT('',(0.,38.999999999998,48.999999999999));
#1395 = DIRECTION('',(1.,0.,0.));
#1396 = DIRECTION('',(0.,1.,0.));
#1397 = FACE_BOUND('',#1398,.F.);
#1398 = EDGE_LOOP('',(#1399,#1409,#1417,#1425));
#1399 = ORIENTED_EDGE('',*,*,#1400,.T.);
#1400 = EDGE_CURVE('',#1401,#1403,#1405,.T.);
#1401 = VERTEX_POINT('',#1402);
#1402 = CARTESIAN_POINT('',(0.,-12.,57.5));
#1403 = VERTEX_POINT('',#1404);
#1404 = CARTESIAN_POINT('',(0.,-32.0000000001,57.5));
#1405 = LINE('',#1406,#1407);
#1406 = CARTESIAN_POINT('',(0.,-12.,57.5));
#1407 = VECTOR('',#1408,1.);
#1408 = DIRECTION('',(0.,-1.,0.));
#1409 = ORIENTED_EDGE('',*,*,#1410,.T.);
#1410 = EDGE_CURVE('',#1403,#1411,#1413,.T.);
#1411 = VERTEX_POINT('',#1412);
#1412 = CARTESIAN_POINT('',(0.,-32.0000000001,53.5));
#1413 = LINE('',#1414,#1415);
#1414 = CARTESIAN_POINT('',(0.,-32.0000000001,57.5));
#1415 = VECTOR('',#1416,1.);
#1416 = DIRECTION('',(0.,0.,-1.));
#1417 = ORIENTED_EDGE('',*,*,#1418,.T.);
#1418 = EDGE_CURVE('',#1411,#1419,#1421,.T.);
#1419 = VERTEX_POINT('',#1420);
#1420 = CARTESIAN_POINT('',(0.,-12.,53.5));
#1421 = LINE('',#1422,#1423);
#1422 = CARTESIAN_POINT('',(0.,-32.0000000001,53.5));
#1423 = VECTOR('',#1424,1.);
#1424 = DIRECTION('',(0.,1.,0.));
#1425 = ORIENTED_EDGE('',*,*,#1426,.T.);
#1426 = EDGE_CURVE('',#1419,#1401,#1427,.T.);
#1427 = LINE('',#1428,#1429);
#1428 = CARTESIAN_POINT('',(0.,-12.,53.5));
#1429 = VECTOR('',#1430,1.);
#1430 = DIRECTION('',(0.,0.,1.));
#1431 = FACE_BOUND('',#1432,.F.);
#1432 = EDGE_LOOP('',(#1433,#1443,#1451,#1459));
#1433 = ORIENTED_EDGE('',*,*,#1434,.T.);
#1434 = EDGE_CURVE('',#1435,#1437,#1439,.T.);
#1435 = VERTEX_POINT('',#1436);
#1436 = CARTESIAN_POINT('',(0.,-12.,6.5));
#1437 = VERTEX_POINT('',#1438);
#1438 = CARTESIAN_POINT('',(0.,-32.00000000004,6.5));
#1439 = LINE('',#1440,#1441);
#1440 = CARTESIAN_POINT('',(0.,-12.,6.5));
#1441 = VECTOR('',#1442,1.);
#1442 = DIRECTION('',(0.,-1.,0.));
#1443 = ORIENTED_EDGE('',*,*,#1444,.T.);
#1444 = EDGE_CURVE('',#1437,#1445,#1447,.T.);
#1445 = VERTEX_POINT('',#1446);
#1446 = CARTESIAN_POINT('',(0.,-32.00000000004,2.5));
#1447 = LINE('',#1448,#1449);
#1448 = CARTESIAN_POINT('',(0.,-32.00000000004,6.5));
#1449 = VECTOR('',#1450,1.);
#1450 = DIRECTION('',(0.,0.,-1.));
#1451 = ORIENTED_EDGE('',*,*,#1452,.T.);
#1452 = EDGE_CURVE('',#1445,#1453,#1455,.T.);
#1453 = VERTEX_POINT('',#1454);
#1454 = CARTESIAN_POINT('',(0.,-12.,2.5));
#1455 = LINE('',#1456,#1457);
#1456 = CARTESIAN_POINT('',(0.,-32.00000000004,2.5));
#1457 = VECTOR('',#1458,1.);
#1458 = DIRECTION('',(0.,1.,0.));
#1459 = ORIENTED_EDGE('',*,*,#1460,.T.);
#1460 = EDGE_CURVE('',#1453,#1435,#1461,.T.);
#1461 = LINE('',#1462,#1463);
#1462 = CARTESIAN_POINT('',(0.,-12.,2.5));
#1463 = VECTOR('',#1464,1.);
#1464 = DIRECTION('',(0.,0.,1.));
#1465 = PLANE('',#1466);
#1466 = AXIS2_PLACEMENT_3D('',#1467,#1468,#1469);
#1467 = CARTESIAN_POINT('',(0.,-51.,60.));
#1468 = DIRECTION('',(-1.,0.,0.));
#1469 = DIRECTION('',(-0.,-2.2E-16,-1.));
#1470 = ADVANCED_FACE('',(#1471),#1482,.T.);
#1471 = FACE_BOUND('',#1472,.T.);
#1472 = EDGE_LOOP('',(#1473,#1474,#1480,#1481));
#1473 = ORIENTED_EDGE('',*,*,#1048,.F.);
#1474 = ORIENTED_EDGE('',*,*,#1475,.T.);
#1475 = EDGE_CURVE('',#1041,#1190,#1476,.T.);
#1476 = LINE('',#1477,#1478);
#1477 = CARTESIAN_POINT('',(-64.,-49.9999789432,51.));
#1478 = VECTOR('',#1479,1.);
#1479 = DIRECTION('',(1.,0.,0.));
#1480 = ORIENTED_EDGE('',*,*,#1189,.F.);
#1481 = ORIENTED_EDGE('',*,*,#355,.F.);
#1482 = PLANE('',#1483);
#1483 = AXIS2_PLACEMENT_3D('',#1484,#1485,#1486);
#1484 = CARTESIAN_POINT('',(-64.,-45.4999789432,55.5));
#1485 = DIRECTION('',(0.,-0.707106781187,0.707106781187));
#1486 = DIRECTION('',(1.,0.,0.));
#1487 = ADVANCED_FACE('',(#1488),#1507,.F.);
#1488 = FACE_BOUND('',#1489,.T.);
#1489 = EDGE_LOOP('',(#1490,#1498,#1499,#1500));
#1490 = ORIENTED_EDGE('',*,*,#1491,.F.);
#1491 = EDGE_CURVE('',#396,#1492,#1494,.T.);
#1492 = VERTEX_POINT('',#1493);
#1493 = CARTESIAN_POINT('',(-11.35,-22.,57.5));
#1494 = LINE('',#1495,#1496);
#1495 = CARTESIAN_POINT('',(-11.35,-22.,60.));
#1496 = VECTOR('',#1497,1.);
#1497 = DIRECTION('',(-6.E-17,0.,-1.));
#1498 = ORIENTED_EDGE('',*,*,#395,.T.);
#1499 = ORIENTED_EDGE('',*,*,#1491,.T.);
#1500 = ORIENTED_EDGE('',*,*,#1501,.T.);
#1501 = EDGE_CURVE('',#1492,#1492,#1502,.T.);
#1502 = CIRCLE('',#1503,1.65);
#1503 = AXIS2_PLACEMENT_3D('',#1504,#1505,#1506);
#1504 = CARTESIAN_POINT('',(-13.,-22.,57.5));
#1505 = DIRECTION('',(0.,0.,-1.));
#1506 = DIRECTION('',(1.,0.,0.));
#1507 = CYLINDRICAL_SURFACE('',#1508,1.65);
#1508 = AXIS2_PLACEMENT_3D('',#1509,#1510,#1511);
#1509 = CARTESIAN_POINT('',(-13.,-22.,60.));
#1510 = DIRECTION('',(-0.,-0.,-1.));
#1511 = DIRECTION('',(1.,0.,0.));
#1512 = ADVANCED_FACE('',(#1513),#1532,.F.);
#1513 = FACE_BOUND('',#1514,.T.);
#1514 = EDGE_LOOP('',(#1515,#1523,#1524,#1525));
#1515 = ORIENTED_EDGE('',*,*,#1516,.F.);
#1516 = EDGE_CURVE('',#407,#1517,#1519,.T.);
#1517 = VERTEX_POINT('',#1518);
#1518 = CARTESIAN_POINT('',(-3.35,-22.,57.5));
#1519 = LINE('',#1520,#1521);
#1520 = CARTESIAN_POINT('',(-3.35,-22.,60.));
#1521 = VECTOR('',#1522,1.);
#1522 = DIRECTION('',(-6.E-17,0.,-1.));
#1523 = ORIENTED_EDGE('',*,*,#406,.T.);
#1524 = ORIENTED_EDGE('',*,*,#1516,.T.);
#1525 = ORIENTED_EDGE('',*,*,#1526,.T.);
#1526 = EDGE_CURVE('',#1517,#1517,#1527,.T.);
#1527 = CIRCLE('',#1528,1.65);
#1528 = AXIS2_PLACEMENT_3D('',#1529,#1530,#1531);
#1529 = CARTESIAN_POINT('',(-5.,-22.,57.5));
#1530 = DIRECTION('',(0.,0.,-1.));
#1531 = DIRECTION('',(1.,0.,0.));
#1532 = CYLINDRICAL_SURFACE('',#1533,1.65);
#1533 = AXIS2_PLACEMENT_3D('',#1534,#1535,#1536);
#1534 = CARTESIAN_POINT('',(-5.,-22.,60.));
#1535 = DIRECTION('',(-0.,-0.,-1.));
#1536 = DIRECTION('',(1.,0.,0.));
#1537 = ADVANCED_FACE('',(#1538),#1557,.F.);
#1538 = FACE_BOUND('',#1539,.T.);
#1539 = EDGE_LOOP('',(#1540,#1548,#1549,#1550));
#1540 = ORIENTED_EDGE('',*,*,#1541,.F.);
#1541 = EDGE_CURVE('',#418,#1542,#1544,.T.);
#1542 = VERTEX_POINT('',#1543);
#1543 = CARTESIAN_POINT('',(-11.35,22.,57.5));
#1544 = LINE('',#1545,#1546);
#1545 = CARTESIAN_POINT('',(-11.35,22.,60.));
#1546 = VECTOR('',#1547,1.);
#1547 = DIRECTION('',(-6.E-17,0.,-1.));
#1548 = ORIENTED_EDGE('',*,*,#417,.T.);
#1549 = ORIENTED_EDGE('',*,*,#1541,.T.);
#1550 = ORIENTED_EDGE('',*,*,#1551,.T.);
#1551 = EDGE_CURVE('',#1542,#1542,#1552,.T.);
#1552 = CIRCLE('',#1553,1.65);
#1553 = AXIS2_PLACEMENT_3D('',#1554,#1555,#1556);
#1554 = CARTESIAN_POINT('',(-13.,22.,57.5));
#1555 = DIRECTION('',(0.,0.,-1.));
#1556 = DIRECTION('',(1.,0.,0.));
#1557 = CYLINDRICAL_SURFACE('',#1558,1.65);
#1558 = AXIS2_PLACEMENT_3D('',#1559,#1560,#1561);
#1559 = CARTESIAN_POINT('',(-13.,22.,60.));
#1560 = DIRECTION('',(-0.,-0.,-1.));
#1561 = DIRECTION('',(1.,0.,0.));
#1562 = ADVANCED_FACE('',(#1563),#1582,.F.);
#1563 = FACE_BOUND('',#1564,.T.);
#1564 = EDGE_LOOP('',(#1565,#1573,#1574,#1575));
#1565 = ORIENTED_EDGE('',*,*,#1566,.F.);
#1566 = EDGE_CURVE('',#429,#1567,#1569,.T.);
#1567 = VERTEX_POINT('',#1568);
#1568 = CARTESIAN_POINT('',(-3.35,22.,57.5));
#1569 = LINE('',#1570,#1571);
#1570 = CARTESIAN_POINT('',(-3.35,22.,60.));
#1571 = VECTOR('',#1572,1.);
#1572 = DIRECTION('',(-6.E-17,0.,-1.));
#1573 = ORIENTED_EDGE('',*,*,#428,.T.);
#1574 = ORIENTED_EDGE('',*,*,#1566,.T.);
#1575 = ORIENTED_EDGE('',*,*,#1576,.T.);
#1576 = EDGE_CURVE('',#1567,#1567,#1577,.T.);
#1577 = CIRCLE('',#1578,1.65);
#1578 = AXIS2_PLACEMENT_3D('',#1579,#1580,#1581);
#1579 = CARTESIAN_POINT('',(-5.,22.,57.5));
#1580 = DIRECTION('',(0.,0.,-1.));
#1581 = DIRECTION('',(1.,0.,0.));
#1582 = CYLINDRICAL_SURFACE('',#1583,1.65);
#1583 = AXIS2_PLACEMENT_3D('',#1584,#1585,#1586);
#1584 = CARTESIAN_POINT('',(-5.,22.,60.));
#1585 = DIRECTION('',(-0.,-0.,-1.));
#1586 = DIRECTION('',(1.,0.,0.));
#1587 = ADVANCED_FACE('',(#1588),#1599,.T.);
#1588 = FACE_BOUND('',#1589,.F.);
#1589 = EDGE_LOOP('',(#1590,#1591,#1592,#1593));
#1590 = ORIENTED_EDGE('',*,*,#1077,.F.);
#1591 = ORIENTED_EDGE('',*,*,#510,.T.);
#1592 = ORIENTED_EDGE('',*,*,#1207,.F.);
#1593 = ORIENTED_EDGE('',*,*,#1594,.F.);
#1594 = EDGE_CURVE('',#1070,#1200,#1595,.T.);
#1595 = LINE('',#1596,#1597);
#1596 = CARTESIAN_POINT('',(-64.,49.999978943203,9.));
#1597 = VECTOR('',#1598,1.);
#1598 = DIRECTION('',(1.,0.,0.));
#1599 = PLANE('',#1600);
#1600 = AXIS2_PLACEMENT_3D('',#1601,#1602,#1603);
#1601 = CARTESIAN_POINT('',(-64.,45.499978943203,4.5));
#1602 = DIRECTION('',(0.,0.707106781187,-0.707106781187));
#1603 = DIRECTION('',(-1.,-0.,-0.));
#1604 = ADVANCED_FACE('',(#1605),#1616,.T.);
#1605 = FACE_BOUND('',#1606,.T.);
#1606 = EDGE_LOOP('',(#1607,#1608,#1614,#1615));
#1607 = ORIENTED_EDGE('',*,*,#1214,.F.);
#1608 = ORIENTED_EDGE('',*,*,#1609,.T.);
#1609 = EDGE_CURVE('',#1215,#1033,#1610,.T.);
#1610 = LINE('',#1611,#1612);
#1611 = CARTESIAN_POINT('',(64.,-49.9999789432,9.));
#1612 = VECTOR('',#1613,1.);
#1613 = DIRECTION('',(-1.,0.,0.));
#1614 = ORIENTED_EDGE('',*,*,#1032,.T.);
#1615 = ORIENTED_EDGE('',*,*,#526,.F.);
#1616 = PLANE('',#1617);
#1617 = AXIS2_PLACEMENT_3D('',#1618,#1619,#1620);
#1618 = CARTESIAN_POINT('',(64.,-45.4999789432,4.5));
#1619 = DIRECTION('',(0.,-0.707106781187,-0.707106781187));
#1620 = DIRECTION('',(-1.,0.,0.));
#1621 = ADVANCED_FACE('',(#1622),#1641,.F.);
#1622 = FACE_BOUND('',#1623,.T.);
#1623 = EDGE_LOOP('',(#1624,#1633,#1639,#1640));
#1624 = ORIENTED_EDGE('',*,*,#1625,.F.);
#1625 = EDGE_CURVE('',#1626,#1626,#1628,.T.);
#1626 = VERTEX_POINT('',#1627);
#1627 = CARTESIAN_POINT('',(-3.35,-22.,2.5));
#1628 = CIRCLE('',#1629,1.65);
#1629 = AXIS2_PLACEMENT_3D('',#1630,#1631,#1632);
#1630 = CARTESIAN_POINT('',(-5.,-22.,2.5));
#1631 = DIRECTION('',(0.,0.,-1.));
#1632 = DIRECTION('',(1.,0.,0.));
#1633 = ORIENTED_EDGE('',*,*,#1634,.T.);
#1634 = EDGE_CURVE('',#1626,#567,#1635,.T.);
#1635 = LINE('',#1636,#1637);
#1636 = CARTESIAN_POINT('',(-3.35,-22.,60.));
#1637 = VECTOR('',#1638,1.);
#1638 = DIRECTION('',(-6.E-17,0.,-1.));
#1639 = ORIENTED_EDGE('',*,*,#566,.T.);
#1640 = ORIENTED_EDGE('',*,*,#1634,.F.);
#1641 = CYLINDRICAL_SURFACE('',#1642,1.65);
#1642 = AXIS2_PLACEMENT_3D('',#1643,#1644,#1645);
#1643 = CARTESIAN_POINT('',(-5.,-22.,60.));
#1644 = DIRECTION('',(-0.,-0.,-1.));
#1645 = DIRECTION('',(1.,0.,0.));
#1646 = ADVANCED_FACE('',(#1647),#1666,.F.);
#1647 = FACE_BOUND('',#1648,.T.);
#1648 = EDGE_LOOP('',(#1649,#1658,#1664,#1665));
#1649 = ORIENTED_EDGE('',*,*,#1650,.F.);
#1650 = EDGE_CURVE('',#1651,#1651,#1653,.T.);
#1651 = VERTEX_POINT('',#1652);
#1652 = CARTESIAN_POINT('',(-11.35,-22.,2.5));
#1653 = CIRCLE('',#1654,1.65);
#1654 = AXIS2_PLACEMENT_3D('',#1655,#1656,#1657);
#1655 = CARTESIAN_POINT('',(-13.,-22.,2.5));
#1656 = DIRECTION('',(0.,0.,-1.));
#1657 = DIRECTION('',(1.,0.,0.));
#1658 = ORIENTED_EDGE('',*,*,#1659,.T.);
#1659 = EDGE_CURVE('',#1651,#578,#1660,.T.);
#1660 = LINE('',#1661,#1662);
#1661 = CARTESIAN_POINT('',(-11.35,-22.,60.));
#1662 = VECTOR('',#1663,1.);
#1663 = DIRECTION('',(-6.E-17,0.,-1.));
#1664 = ORIENTED_EDGE('',*,*,#577,.T.);
#1665 = ORIENTED_EDGE('',*,*,#1659,.F.);
#1666 = CYLINDRICAL_SURFACE('',#1667,1.65);
#1667 = AXIS2_PLACEMENT_3D('',#1668,#1669,#1670);
#1668 = CARTESIAN_POINT('',(-13.,-22.,60.));
#1669 = DIRECTION('',(-0.,-0.,-1.));
#1670 = DIRECTION('',(1.,0.,0.));
#1671 = ADVANCED_FACE('',(#1672),#1691,.F.);
#1672 = FACE_BOUND('',#1673,.T.);
#1673 = EDGE_LOOP('',(#1674,#1683,#1689,#1690));
#1674 = ORIENTED_EDGE('',*,*,#1675,.F.);
#1675 = EDGE_CURVE('',#1676,#1676,#1678,.T.);
#1676 = VERTEX_POINT('',#1677);
#1677 = CARTESIAN_POINT('',(-3.35,22.,2.5));
#1678 = CIRCLE('',#1679,1.65);
#1679 = AXIS2_PLACEMENT_3D('',#1680,#1681,#1682);
#1680 = CARTESIAN_POINT('',(-5.,22.,2.5));
#1681 = DIRECTION('',(0.,0.,-1.));
#1682 = DIRECTION('',(1.,0.,0.));
#1683 = ORIENTED_EDGE('',*,*,#1684,.T.);
#1684 = EDGE_CURVE('',#1676,#589,#1685,.T.);
#1685 = LINE('',#1686,#1687);
#1686 = CARTESIAN_POINT('',(-3.35,22.,60.));
#1687 = VECTOR('',#1688,1.);
#1688 = DIRECTION('',(-6.E-17,0.,-1.));
#1689 = ORIENTED_EDGE('',*,*,#588,.T.);
#1690 = ORIENTED_EDGE('',*,*,#1684,.F.);
#1691 = CYLINDRICAL_SURFACE('',#1692,1.65);
#1692 = AXIS2_PLACEMENT_3D('',#1693,#1694,#1695);
#1693 = CARTESIAN_POINT('',(-5.,22.,60.));
#1694 = DIRECTION('',(-0.,-0.,-1.));
#1695 = DIRECTION('',(1.,0.,0.));
#1696 = ADVANCED_FACE('',(#1697),#1716,.F.);
#1697 = FACE_BOUND('',#1698,.T.);
#1698 = EDGE_LOOP('',(#1699,#1708,#1714,#1715));
#1699 = ORIENTED_EDGE('',*,*,#1700,.F.);
#1700 = EDGE_CURVE('',#1701,#1701,#1703,.T.);
#1701 = VERTEX_POINT('',#1702);
#1702 = CARTESIAN_POINT('',(-11.35,22.,2.5));
#1703 = CIRCLE('',#1704,1.65);
#1704 = AXIS2_PLACEMENT_3D('',#1705,#1706,#1707);
#1705 = CARTESIAN_POINT('',(-13.,22.,2.5));
#1706 = DIRECTION('',(0.,0.,-1.));
#1707 = DIRECTION('',(1.,0.,0.));
#1708 = ORIENTED_EDGE('',*,*,#1709,.T.);
#1709 = EDGE_CURVE('',#1701,#600,#1710,.T.);
#1710 = LINE('',#1711,#1712);
#1711 = CARTESIAN_POINT('',(-11.35,22.,60.));
#1712 = VECTOR('',#1713,1.);
#1713 = DIRECTION('',(-6.E-17,0.,-1.));
#1714 = ORIENTED_EDGE('',*,*,#599,.T.);
#1715 = ORIENTED_EDGE('',*,*,#1709,.F.);
#1716 = CYLINDRICAL_SURFACE('',#1717,1.65);
#1717 = AXIS2_PLACEMENT_3D('',#1718,#1719,#1720);
#1718 = CARTESIAN_POINT('',(-13.,22.,60.));
#1719 = DIRECTION('',(-0.,-0.,-1.));
#1720 = DIRECTION('',(1.,0.,0.));
#1721 = ADVANCED_FACE('',(#1722,#1728,#1781),#1834,.T.);
#1722 = FACE_BOUND('',#1723,.T.);
#1723 = EDGE_LOOP('',(#1724,#1725,#1726,#1727));
#1724 = ORIENTED_EDGE('',*,*,#1040,.F.);
#1725 = ORIENTED_EDGE('',*,*,#1609,.F.);
#1726 = ORIENTED_EDGE('',*,*,#1222,.F.);
#1727 = ORIENTED_EDGE('',*,*,#1475,.F.);
#1728 = FACE_BOUND('',#1729,.T.);
#1729 = EDGE_LOOP('',(#1730,#1740,#1749,#1757,#1766,#1774));
#1730 = ORIENTED_EDGE('',*,*,#1731,.F.);
#1731 = EDGE_CURVE('',#1732,#1734,#1736,.T.);
#1732 = VERTEX_POINT('',#1733);
#1733 = CARTESIAN_POINT('',(-52.,-49.9999789432,45.401389492229));
#1734 = VERTEX_POINT('',#1735);
#1735 = CARTESIAN_POINT('',(-52.,-49.9999789432,14.598610507771));
#1736 = LINE('',#1737,#1738);
#1737 = CARTESIAN_POINT('',(-52.,-49.9999789432,45.401389492229));
#1738 = VECTOR('',#1739,1.);
#1739 = DIRECTION('',(6.9E-16,0.,-1.));
#1740 = ORIENTED_EDGE('',*,*,#1741,.F.);
#1741 = EDGE_CURVE('',#1742,#1732,#1744,.T.);
#1742 = VERTEX_POINT('',#1743);
#1743 = CARTESIAN_POINT('',(-50.25797209318,-49.9999789432,
    46.071758484277));
#1744 = CIRCLE('',#1745,1.);
#1745 = AXIS2_PLACEMENT_3D('',#1746,#1747,#1748);
#1746 = CARTESIAN_POINT('',(-51.,-49.9999789432,45.401389492229));
#1747 = DIRECTION('',(0.,-1.,0.));
#1748 = DIRECTION('',(1.,0.,0.));
#1749 = ORIENTED_EDGE('',*,*,#1750,.F.);
#1750 = EDGE_CURVE('',#1751,#1742,#1753,.T.);
#1751 = VERTEX_POINT('',#1752);
#1752 = CARTESIAN_POINT('',(-22.42987060225,-49.9999789432,
    15.268979499819));
#1753 = LINE('',#1754,#1755);
#1754 = CARTESIAN_POINT('',(-22.42987060225,-49.9999789432,
    15.268979499819));
#1755 = VECTOR('',#1756,1.);
#1756 = DIRECTION('',(-0.670368992048,0.,0.74202790682));
#1757 = ORIENTED_EDGE('',*,*,#1758,.F.);
#1758 = EDGE_CURVE('',#1759,#1751,#1761,.T.);
#1759 = VERTEX_POINT('',#1760);
#1760 = CARTESIAN_POINT('',(-23.17189850907,-49.9999789432,
    13.598610507771));
#1761 = CIRCLE('',#1762,1.);
#1762 = AXIS2_PLACEMENT_3D('',#1763,#1764,#1765);
#1763 = CARTESIAN_POINT('',(-23.17189850907,-49.9999789432,
    14.598610507771));
#1764 = DIRECTION('',(0.,-1.,0.));
#1765 = DIRECTION('',(1.,0.,0.));
#1766 = ORIENTED_EDGE('',*,*,#1767,.F.);
#1767 = EDGE_CURVE('',#1768,#1759,#1770,.T.);
#1768 = VERTEX_POINT('',#1769);
#1769 = CARTESIAN_POINT('',(-51.,-49.9999789432,13.598610507771));
#1770 = LINE('',#1771,#1772);
#1771 = CARTESIAN_POINT('',(-51.,-49.9999789432,13.598610507771));
#1772 = VECTOR('',#1773,1.);
#1773 = DIRECTION('',(1.,0.,0.));
#1774 = ORIENTED_EDGE('',*,*,#1775,.F.);
#1775 = EDGE_CURVE('',#1734,#1768,#1776,.T.);
#1776 = CIRCLE('',#1777,1.);
#1777 = AXIS2_PLACEMENT_3D('',#1778,#1779,#1780);
#1778 = CARTESIAN_POINT('',(-51.,-49.9999789432,14.598610507771));
#1779 = DIRECTION('',(0.,-1.,0.));
#1780 = DIRECTION('',(1.,0.,0.));
#1781 = FACE_BOUND('',#1782,.T.);
#1782 = EDGE_LOOP('',(#1783,#1793,#1802,#1810,#1819,#1827));
#1783 = ORIENTED_EDGE('',*,*,#1784,.F.);
#1784 = EDGE_CURVE('',#1785,#1787,#1789,.T.);
#1785 = VERTEX_POINT('',#1786);
#1786 = CARTESIAN_POINT('',(-37.01435933158,-49.9999789432,
    46.329631007952));
#1787 = VERTEX_POINT('',#1788);
#1788 = CARTESIAN_POINT('',(-7.742027906822,-49.9999789432,
    13.928241515724));
#1789 = LINE('',#1790,#1791);
#1790 = CARTESIAN_POINT('',(-37.01435933158,-49.9999789432,
    46.329631007952));
#1791 = VECTOR('',#1792,1.);
#1792 = DIRECTION('',(0.670368992048,0.,-0.74202790682));
#1793 = ORIENTED_EDGE('',*,*,#1794,.F.);
#1794 = EDGE_CURVE('',#1795,#1785,#1797,.T.);
#1795 = VERTEX_POINT('',#1796);
#1796 = CARTESIAN_POINT('',(-36.27233142476,-49.9999789432,48.));
#1797 = CIRCLE('',#1798,1.);
#1798 = AXIS2_PLACEMENT_3D('',#1799,#1800,#1801);
#1799 = CARTESIAN_POINT('',(-36.27233142476,-49.9999789432,47.));
#1800 = DIRECTION('',(0.,-1.,0.));
#1801 = DIRECTION('',(1.,0.,0.));
#1802 = ORIENTED_EDGE('',*,*,#1803,.F.);
#1803 = EDGE_CURVE('',#1804,#1795,#1806,.T.);
#1804 = VERTEX_POINT('',#1805);
#1805 = CARTESIAN_POINT('',(-7.,-49.9999789432,48.));
#1806 = LINE('',#1807,#1808);
#1807 = CARTESIAN_POINT('',(-7.,-49.9999789432,48.));
#1808 = VECTOR('',#1809,1.);
#1809 = DIRECTION('',(-1.,0.,0.));
#1810 = ORIENTED_EDGE('',*,*,#1811,.F.);
#1811 = EDGE_CURVE('',#1812,#1804,#1814,.T.);
#1812 = VERTEX_POINT('',#1813);
#1813 = CARTESIAN_POINT('',(-6.,-49.9999789432,47.));
#1814 = CIRCLE('',#1815,1.);
#1815 = AXIS2_PLACEMENT_3D('',#1816,#1817,#1818);
#1816 = CARTESIAN_POINT('',(-7.,-49.9999789432,47.));
#1817 = DIRECTION('',(0.,-1.,0.));
#1818 = DIRECTION('',(1.,0.,0.));
#1819 = ORIENTED_EDGE('',*,*,#1820,.F.);
#1820 = EDGE_CURVE('',#1821,#1812,#1823,.T.);
#1821 = VERTEX_POINT('',#1822);
#1822 = CARTESIAN_POINT('',(-6.,-49.9999789432,14.598610507771));
#1823 = LINE('',#1824,#1825);
#1824 = CARTESIAN_POINT('',(-6.,-49.9999789432,14.598610507771));
#1825 = VECTOR('',#1826,1.);
#1826 = DIRECTION('',(3.E-17,0.,1.));
#1827 = ORIENTED_EDGE('',*,*,#1828,.F.);
#1828 = EDGE_CURVE('',#1787,#1821,#1829,.T.);
#1829 = CIRCLE('',#1830,1.);
#1830 = AXIS2_PLACEMENT_3D('',#1831,#1832,#1833);
#1831 = CARTESIAN_POINT('',(-7.,-49.9999789432,14.598610507771));
#1832 = DIRECTION('',(0.,-1.,0.));
#1833 = DIRECTION('',(1.,0.,0.));
#1834 = PLANE('',#1835);
#1835 = AXIS2_PLACEMENT_3D('',#1836,#1837,#1838);
#1836 = CARTESIAN_POINT('',(0.,-49.9999789432,30.));
#1837 = DIRECTION('',(-0.,-1.,-0.));
#1838 = DIRECTION('',(0.,0.,-1.));
#1839 = ADVANCED_FACE('',(#1840,#1846,#1899),#1952,.T.);
#1840 = FACE_BOUND('',#1841,.T.);
#1841 = EDGE_LOOP('',(#1842,#1843,#1844,#1845));
#1842 = ORIENTED_EDGE('',*,*,#1594,.F.);
#1843 = ORIENTED_EDGE('',*,*,#1069,.T.);
#1844 = ORIENTED_EDGE('',*,*,#1175,.F.);
#1845 = ORIENTED_EDGE('',*,*,#1199,.F.);
#1846 = FACE_BOUND('',#1847,.T.);
#1847 = EDGE_LOOP('',(#1848,#1858,#1867,#1875,#1884,#1892));
#1848 = ORIENTED_EDGE('',*,*,#1849,.F.);
#1849 = EDGE_CURVE('',#1850,#1852,#1854,.T.);
#1850 = VERTEX_POINT('',#1851);
#1851 = CARTESIAN_POINT('',(-52.,49.999978943203,14.598610507771));
#1852 = VERTEX_POINT('',#1853);
#1853 = CARTESIAN_POINT('',(-52.,49.999978943203,45.401389492229));
#1854 = LINE('',#1855,#1856);
#1855 = CARTESIAN_POINT('',(-52.,49.999978943203,37.700694746115));
#1856 = VECTOR('',#1857,1.);
#1857 = DIRECTION('',(-6.9E-16,0.,1.));
#1858 = ORIENTED_EDGE('',*,*,#1859,.T.);
#1859 = EDGE_CURVE('',#1850,#1860,#1862,.T.);
#1860 = VERTEX_POINT('',#1861);
#1861 = CARTESIAN_POINT('',(-51.,49.999978943203,13.598610507771));
#1862 = CIRCLE('',#1863,1.);
#1863 = AXIS2_PLACEMENT_3D('',#1864,#1865,#1866);
#1864 = CARTESIAN_POINT('',(-51.,49.999978943203,14.598610507771));
#1865 = DIRECTION('',(0.,-1.,2.2E-16));
#1866 = DIRECTION('',(1.,0.,0.));
#1867 = ORIENTED_EDGE('',*,*,#1868,.F.);
#1868 = EDGE_CURVE('',#1869,#1860,#1871,.T.);
#1869 = VERTEX_POINT('',#1870);
#1870 = CARTESIAN_POINT('',(-23.17189850907,49.999978943203,
    13.598610507771));
#1871 = LINE('',#1872,#1873);
#1872 = CARTESIAN_POINT('',(-25.5,49.999978943203,13.598610507771));
#1873 = VECTOR('',#1874,1.);
#1874 = DIRECTION('',(-1.,0.,0.));
#1875 = ORIENTED_EDGE('',*,*,#1876,.T.);
#1876 = EDGE_CURVE('',#1869,#1877,#1879,.T.);
#1877 = VERTEX_POINT('',#1878);
#1878 = CARTESIAN_POINT('',(-22.42987060225,49.999978943203,
    15.268979499819));
#1879 = CIRCLE('',#1880,1.);
#1880 = AXIS2_PLACEMENT_3D('',#1881,#1882,#1883);
#1881 = CARTESIAN_POINT('',(-23.17189850907,49.999978943203,
    14.598610507771));
#1882 = DIRECTION('',(0.,-1.,2.2E-16));
#1883 = DIRECTION('',(1.,0.,0.));
#1884 = ORIENTED_EDGE('',*,*,#1885,.F.);
#1885 = EDGE_CURVE('',#1886,#1877,#1888,.T.);
#1886 = VERTEX_POINT('',#1887);
#1887 = CARTESIAN_POINT('',(-50.25797209318,49.999978943203,
    46.071758484277));
#1888 = LINE('',#1889,#1890);
#1889 = CARTESIAN_POINT('',(-21.05378357843,49.999978943203,
    13.74579602027));
#1890 = VECTOR('',#1891,1.);
#1891 = DIRECTION('',(0.670368992048,0.,-0.74202790682));
#1892 = ORIENTED_EDGE('',*,*,#1893,.T.);
#1893 = EDGE_CURVE('',#1886,#1852,#1894,.T.);
#1894 = CIRCLE('',#1895,1.);
#1895 = AXIS2_PLACEMENT_3D('',#1896,#1897,#1898);
#1896 = CARTESIAN_POINT('',(-51.,49.999978943203,45.401389492229));
#1897 = DIRECTION('',(0.,-1.,2.2E-16));
#1898 = DIRECTION('',(1.,0.,0.));
#1899 = FACE_BOUND('',#1900,.T.);
#1900 = EDGE_LOOP('',(#1901,#1911,#1920,#1928,#1937,#1945));
#1901 = ORIENTED_EDGE('',*,*,#1902,.F.);
#1902 = EDGE_CURVE('',#1903,#1905,#1907,.T.);
#1903 = VERTEX_POINT('',#1904);
#1904 = CARTESIAN_POINT('',(-7.742027906822,49.999978943203,
    13.928241515724));
#1905 = VERTEX_POINT('',#1906);
#1906 = CARTESIAN_POINT('',(-37.01435933158,49.999978943203,
    46.329631007952));
#1907 = LINE('',#1908,#1909);
#1908 = CARTESIAN_POINT('',(-24.63588840899,49.999978943203,
    32.627966734577));
#1909 = VECTOR('',#1910,1.);
#1910 = DIRECTION('',(-0.670368992048,0.,0.74202790682));
#1911 = ORIENTED_EDGE('',*,*,#1912,.T.);
#1912 = EDGE_CURVE('',#1903,#1913,#1915,.T.);
#1913 = VERTEX_POINT('',#1914);
#1914 = CARTESIAN_POINT('',(-6.,49.999978943203,14.598610507771));
#1915 = CIRCLE('',#1916,1.);
#1916 = AXIS2_PLACEMENT_3D('',#1917,#1918,#1919);
#1917 = CARTESIAN_POINT('',(-7.,49.999978943203,14.598610507771));
#1918 = DIRECTION('',(0.,-1.,2.2E-16));
#1919 = DIRECTION('',(1.,0.,0.));
#1920 = ORIENTED_EDGE('',*,*,#1921,.F.);
#1921 = EDGE_CURVE('',#1922,#1913,#1924,.T.);
#1922 = VERTEX_POINT('',#1923);
#1923 = CARTESIAN_POINT('',(-6.,49.999978943203,47.));
#1924 = LINE('',#1925,#1926);
#1925 = CARTESIAN_POINT('',(-6.,49.999978943203,22.299305253886));
#1926 = VECTOR('',#1927,1.);
#1927 = DIRECTION('',(-3.E-17,0.,-1.));
#1928 = ORIENTED_EDGE('',*,*,#1929,.T.);
#1929 = EDGE_CURVE('',#1922,#1930,#1932,.T.);
#1930 = VERTEX_POINT('',#1931);
#1931 = CARTESIAN_POINT('',(-7.,49.999978943203,48.));
#1932 = CIRCLE('',#1933,1.);
#1933 = AXIS2_PLACEMENT_3D('',#1934,#1935,#1936);
#1934 = CARTESIAN_POINT('',(-7.,49.999978943203,47.));
#1935 = DIRECTION('',(0.,-1.,2.2E-16));
#1936 = DIRECTION('',(1.,0.,0.));
#1937 = ORIENTED_EDGE('',*,*,#1938,.F.);
#1938 = EDGE_CURVE('',#1939,#1930,#1941,.T.);
#1939 = VERTEX_POINT('',#1940);
#1940 = CARTESIAN_POINT('',(-36.27233142476,49.999978943203,48.));
#1941 = LINE('',#1942,#1943);
#1942 = CARTESIAN_POINT('',(-3.5,49.999978943203,48.));
#1943 = VECTOR('',#1944,1.);
#1944 = DIRECTION('',(1.,0.,0.));
#1945 = ORIENTED_EDGE('',*,*,#1946,.T.);
#1946 = EDGE_CURVE('',#1939,#1905,#1947,.T.);
#1947 = CIRCLE('',#1948,1.);
#1948 = AXIS2_PLACEMENT_3D('',#1949,#1950,#1951);
#1949 = CARTESIAN_POINT('',(-36.27233142476,49.999978943203,47.));
#1950 = DIRECTION('',(0.,-1.,2.2E-16));
#1951 = DIRECTION('',(1.,0.,0.));
#1952 = PLANE('',#1953);
#1953 = AXIS2_PLACEMENT_3D('',#1954,#1955,#1956);
#1954 = CARTESIAN_POINT('',(0.,49.999978943203,30.));
#1955 = DIRECTION('',(0.,1.,0.));
#1956 = DIRECTION('',(0.,0.,1.));
#1957 = ADVANCED_FACE('',(#1958),#1983,.F.);
#1958 = FACE_BOUND('',#1959,.F.);
#1959 = EDGE_LOOP('',(#1960,#1968,#1976,#1982));
#1960 = ORIENTED_EDGE('',*,*,#1961,.T.);
#1961 = EDGE_CURVE('',#1092,#1962,#1964,.T.);
#1962 = VERTEX_POINT('',#1963);
#1963 = CARTESIAN_POINT('',(-53.,21.,3.));
#1964 = LINE('',#1965,#1966);
#1965 = CARTESIAN_POINT('',(-64.,21.,3.));
#1966 = VECTOR('',#1967,1.);
#1967 = DIRECTION('',(1.,0.,0.));
#1968 = ORIENTED_EDGE('',*,*,#1969,.T.);
#1969 = EDGE_CURVE('',#1962,#1970,#1972,.T.);
#1970 = VERTEX_POINT('',#1971);
#1971 = CARTESIAN_POINT('',(-53.,21.,58.));
#1972 = LINE('',#1973,#1974);
#1973 = CARTESIAN_POINT('',(-53.,21.,3.));
#1974 = VECTOR('',#1975,1.);
#1975 = DIRECTION('',(0.,0.,1.));
#1976 = ORIENTED_EDGE('',*,*,#1977,.F.);
#1977 = EDGE_CURVE('',#1094,#1970,#1978,.T.);
#1978 = LINE('',#1979,#1980);
#1979 = CARTESIAN_POINT('',(-64.,21.,58.));
#1980 = VECTOR('',#1981,1.);
#1981 = DIRECTION('',(1.,0.,0.));
#1982 = ORIENTED_EDGE('',*,*,#1091,.F.);
#1983 = PLANE('',#1984);
#1984 = AXIS2_PLACEMENT_3D('',#1985,#1986,#1987);
#1985 = CARTESIAN_POINT('',(-64.,21.,3.));
#1986 = DIRECTION('',(0.,-1.,0.));
#1987 = DIRECTION('',(0.,0.,1.));
#1988 = ADVANCED_FACE('',(#1989),#2007,.F.);
#1989 = FACE_BOUND('',#1990,.F.);
#1990 = EDGE_LOOP('',(#1991,#1999,#2005,#2006));
#1991 = ORIENTED_EDGE('',*,*,#1992,.T.);
#1992 = EDGE_CURVE('',#1102,#1993,#1995,.T.);
#1993 = VERTEX_POINT('',#1994);
#1994 = CARTESIAN_POINT('',(-53.,41.5,3.));
#1995 = LINE('',#1996,#1997);
#1996 = CARTESIAN_POINT('',(-64.,41.5,3.));
#1997 = VECTOR('',#1998,1.);
#1998 = DIRECTION('',(1.,0.,0.));
#1999 = ORIENTED_EDGE('',*,*,#2000,.T.);
#2000 = EDGE_CURVE('',#1993,#1962,#2001,.T.);
#2001 = LINE('',#2002,#2003);
#2002 = CARTESIAN_POINT('',(-53.,41.5,3.));
#2003 = VECTOR('',#2004,1.);
#2004 = DIRECTION('',(0.,-1.,0.));
#2005 = ORIENTED_EDGE('',*,*,#1961,.F.);
#2006 = ORIENTED_EDGE('',*,*,#1101,.F.);
#2007 = PLANE('',#2008);
#2008 = AXIS2_PLACEMENT_3D('',#2009,#2010,#2011);
#2009 = CARTESIAN_POINT('',(-64.,41.5,3.));
#2010 = DIRECTION('',(0.,0.,-1.));
#2011 = DIRECTION('',(0.,-1.,0.));
#2012 = ADVANCED_FACE('',(#2013,#2054,#2107),#2160,.T.);
#2013 = FACE_BOUND('',#2014,.T.);
#2014 = EDGE_LOOP('',(#2015,#2016,#2024,#2032,#2038,#2039,#2040,#2048));
#2015 = ORIENTED_EDGE('',*,*,#1375,.T.);
#2016 = ORIENTED_EDGE('',*,*,#2017,.T.);
#2017 = EDGE_CURVE('',#1376,#2018,#2020,.T.);
#2018 = VERTEX_POINT('',#2019);
#2019 = CARTESIAN_POINT('',(-53.,41.499999999999,50.));
#2020 = LINE('',#2021,#2022);
#2021 = CARTESIAN_POINT('',(0.,41.499999999999,50.));
#2022 = VECTOR('',#2023,1.);
#2023 = DIRECTION('',(-1.,-0.,-0.));
#2024 = ORIENTED_EDGE('',*,*,#2025,.F.);
#2025 = EDGE_CURVE('',#2026,#2018,#2028,.T.);
#2026 = VERTEX_POINT('',#2027);
#2027 = CARTESIAN_POINT('',(-53.,41.5,58.));
#2028 = LINE('',#2029,#2030);
#2029 = CARTESIAN_POINT('',(-53.,41.5,58.));
#2030 = VECTOR('',#2031,1.);
#2031 = DIRECTION('',(0.,0.,-1.));
#2032 = ORIENTED_EDGE('',*,*,#2033,.F.);
#2033 = EDGE_CURVE('',#1110,#2026,#2034,.T.);
#2034 = LINE('',#2035,#2036);
#2035 = CARTESIAN_POINT('',(-64.,41.5,58.));
#2036 = VECTOR('',#2037,1.);
#2037 = DIRECTION('',(1.,0.,0.));
#2038 = ORIENTED_EDGE('',*,*,#1109,.T.);
#2039 = ORIENTED_EDGE('',*,*,#1992,.T.);
#2040 = ORIENTED_EDGE('',*,*,#2041,.F.);
#2041 = EDGE_CURVE('',#2042,#1993,#2044,.T.);
#2042 = VERTEX_POINT('',#2043);
#2043 = CARTESIAN_POINT('',(-53.,41.499999999999,9.));
#2044 = LINE('',#2045,#2046);
#2045 = CARTESIAN_POINT('',(-53.,41.5,58.));
#2046 = VECTOR('',#2047,1.);
#2047 = DIRECTION('',(0.,0.,-1.));
#2048 = ORIENTED_EDGE('',*,*,#2049,.F.);
#2049 = EDGE_CURVE('',#1368,#2042,#2050,.T.);
#2050 = LINE('',#2051,#2052);
#2051 = CARTESIAN_POINT('',(0.,41.499999999999,9.));
#2052 = VECTOR('',#2053,1.);
#2053 = DIRECTION('',(-1.,-0.,-0.));
#2054 = FACE_BOUND('',#2055,.T.);
#2055 = EDGE_LOOP('',(#2056,#2066,#2075,#2083,#2092,#2100));
#2056 = ORIENTED_EDGE('',*,*,#2057,.T.);
#2057 = EDGE_CURVE('',#2058,#2060,#2062,.T.);
#2058 = VERTEX_POINT('',#2059);
#2059 = CARTESIAN_POINT('',(-7.742027906822,41.499999999999,
    13.928241515724));
#2060 = VERTEX_POINT('',#2061);
#2061 = CARTESIAN_POINT('',(-37.01435933158,41.499999999999,
    46.329631007952));
#2062 = LINE('',#2063,#2064);
#2063 = CARTESIAN_POINT('',(-19.9102796593,41.499999999999,
    27.397215296825));
#2064 = VECTOR('',#2065,1.);
#2065 = DIRECTION('',(-0.670368992048,0.,0.74202790682));
#2066 = ORIENTED_EDGE('',*,*,#2067,.F.);
#2067 = EDGE_CURVE('',#2068,#2060,#2070,.T.);
#2068 = VERTEX_POINT('',#2069);
#2069 = CARTESIAN_POINT('',(-36.27233142476,41.499999999999,48.));
#2070 = CIRCLE('',#2071,1.);
#2071 = AXIS2_PLACEMENT_3D('',#2072,#2073,#2074);
#2072 = CARTESIAN_POINT('',(-36.27233142476,41.499999999999,47.));
#2073 = DIRECTION('',(0.,-1.,2.2E-16));
#2074 = DIRECTION('',(1.,0.,0.));
#2075 = ORIENTED_EDGE('',*,*,#2076,.T.);
#2076 = EDGE_CURVE('',#2068,#2077,#2079,.T.);
#2077 = VERTEX_POINT('',#2078);
#2078 = CARTESIAN_POINT('',(-7.,41.499999999999,48.));
#2079 = LINE('',#2080,#2081);
#2080 = CARTESIAN_POINT('',(-3.5,41.499999999999,48.));
#2081 = VECTOR('',#2082,1.);
#2082 = DIRECTION('',(1.,0.,0.));
#2083 = ORIENTED_EDGE('',*,*,#2084,.F.);
#2084 = EDGE_CURVE('',#2085,#2077,#2087,.T.);
#2085 = VERTEX_POINT('',#2086);
#2086 = CARTESIAN_POINT('',(-6.,41.499999999999,47.));
#2087 = CIRCLE('',#2088,1.);
#2088 = AXIS2_PLACEMENT_3D('',#2089,#2090,#2091);
#2089 = CARTESIAN_POINT('',(-7.,41.499999999999,47.));
#2090 = DIRECTION('',(0.,-1.,2.2E-16));
#2091 = DIRECTION('',(1.,0.,0.));
#2092 = ORIENTED_EDGE('',*,*,#2093,.T.);
#2093 = EDGE_CURVE('',#2085,#2094,#2096,.T.);
#2094 = VERTEX_POINT('',#2095);
#2095 = CARTESIAN_POINT('',(-6.,41.499999999999,14.598610507771));
#2096 = LINE('',#2097,#2098);
#2097 = CARTESIAN_POINT('',(-6.,41.499999999999,12.799305253886));
#2098 = VECTOR('',#2099,1.);
#2099 = DIRECTION('',(-3.E-17,0.,-1.));
#2100 = ORIENTED_EDGE('',*,*,#2101,.F.);
#2101 = EDGE_CURVE('',#2058,#2094,#2102,.T.);
#2102 = CIRCLE('',#2103,1.);
#2103 = AXIS2_PLACEMENT_3D('',#2104,#2105,#2106);
#2104 = CARTESIAN_POINT('',(-7.,41.499999999999,14.598610507771));
#2105 = DIRECTION('',(0.,-1.,2.2E-16));
#2106 = DIRECTION('',(1.,0.,0.));
#2107 = FACE_BOUND('',#2108,.T.);
#2108 = EDGE_LOOP('',(#2109,#2119,#2128,#2136,#2145,#2153));
#2109 = ORIENTED_EDGE('',*,*,#2110,.F.);
#2110 = EDGE_CURVE('',#2111,#2113,#2115,.T.);
#2111 = VERTEX_POINT('',#2112);
#2112 = CARTESIAN_POINT('',(-51.,41.499999999999,13.598610507771));
#2113 = VERTEX_POINT('',#2114);
#2114 = CARTESIAN_POINT('',(-23.17189850907,41.499999999999,
    13.598610507771));
#2115 = LINE('',#2116,#2117);
#2116 = CARTESIAN_POINT('',(-25.5,41.499999999999,13.598610507771));
#2117 = VECTOR('',#2118,1.);
#2118 = DIRECTION('',(1.,0.,0.));
#2119 = ORIENTED_EDGE('',*,*,#2120,.F.);
#2120 = EDGE_CURVE('',#2121,#2111,#2123,.T.);
#2121 = VERTEX_POINT('',#2122);
#2122 = CARTESIAN_POINT('',(-52.,41.499999999999,14.598610507771));
#2123 = CIRCLE('',#2124,1.);
#2124 = AXIS2_PLACEMENT_3D('',#2125,#2126,#2127);
#2125 = CARTESIAN_POINT('',(-51.,41.499999999999,14.598610507771));
#2126 = DIRECTION('',(0.,-1.,2.2E-16));
#2127 = DIRECTION('',(1.,0.,0.));
#2128 = ORIENTED_EDGE('',*,*,#2129,.F.);
#2129 = EDGE_CURVE('',#2130,#2121,#2132,.T.);
#2130 = VERTEX_POINT('',#2131);
#2131 = CARTESIAN_POINT('',(-52.,41.499999999999,45.401389492229));
#2132 = LINE('',#2133,#2134);
#2133 = CARTESIAN_POINT('',(-52.,41.499999999999,27.200694746115));
#2134 = VECTOR('',#2135,1.);
#2135 = DIRECTION('',(6.9E-16,0.,-1.));
#2136 = ORIENTED_EDGE('',*,*,#2137,.F.);
#2137 = EDGE_CURVE('',#2138,#2130,#2140,.T.);
#2138 = VERTEX_POINT('',#2139);
#2139 = CARTESIAN_POINT('',(-50.25797209318,41.499999999999,
    46.071758484277));
#2140 = CIRCLE('',#2141,1.);
#2141 = AXIS2_PLACEMENT_3D('',#2142,#2143,#2144);
#2142 = CARTESIAN_POINT('',(-51.,41.499999999999,45.401389492229));
#2143 = DIRECTION('',(0.,-1.,2.2E-16));
#2144 = DIRECTION('',(1.,0.,0.));
#2145 = ORIENTED_EDGE('',*,*,#2146,.T.);
#2146 = EDGE_CURVE('',#2138,#2147,#2149,.T.);
#2147 = VERTEX_POINT('',#2148);
#2148 = CARTESIAN_POINT('',(-22.42987060225,41.499999999999,
    15.268979499819));
#2149 = LINE('',#2150,#2151);
#2150 = CARTESIAN_POINT('',(-16.32817482874,41.499999999999,
    8.515044582518));
#2151 = VECTOR('',#2152,1.);
#2152 = DIRECTION('',(0.670368992048,0.,-0.74202790682));
#2153 = ORIENTED_EDGE('',*,*,#2154,.F.);
#2154 = EDGE_CURVE('',#2113,#2147,#2155,.T.);
#2155 = CIRCLE('',#2156,1.);
#2156 = AXIS2_PLACEMENT_3D('',#2157,#2158,#2159);
#2157 = CARTESIAN_POINT('',(-23.17189850907,41.499999999999,
    14.598610507771));
#2158 = DIRECTION('',(0.,-1.,2.2E-16));
#2159 = DIRECTION('',(1.,0.,0.));
#2160 = PLANE('',#2161);
#2161 = AXIS2_PLACEMENT_3D('',#2162,#2163,#2164);
#2162 = CARTESIAN_POINT('',(-35.11764705882,41.499999999999,
    30.054621848739));
#2163 = DIRECTION('',(-1.245E-14,-1.,4.2E-16));
#2164 = DIRECTION('',(-1.,1.245E-14,0.));
#2165 = ADVANCED_FACE('',(#2166),#2177,.F.);
#2166 = FACE_BOUND('',#2167,.F.);
#2167 = EDGE_LOOP('',(#2168,#2169,#2175,#2176));
#2168 = ORIENTED_EDGE('',*,*,#1977,.T.);
#2169 = ORIENTED_EDGE('',*,*,#2170,.T.);
#2170 = EDGE_CURVE('',#1970,#2026,#2171,.T.);
#2171 = LINE('',#2172,#2173);
#2172 = CARTESIAN_POINT('',(-53.,21.,58.));
#2173 = VECTOR('',#2174,1.);
#2174 = DIRECTION('',(0.,1.,0.));
#2175 = ORIENTED_EDGE('',*,*,#2033,.F.);
#2176 = ORIENTED_EDGE('',*,*,#1117,.F.);
#2177 = PLANE('',#2178);
#2178 = AXIS2_PLACEMENT_3D('',#2179,#2180,#2181);
#2179 = CARTESIAN_POINT('',(-64.,21.,58.));
#2180 = DIRECTION('',(0.,0.,1.));
#2181 = DIRECTION('',(0.,1.,0.));
#2182 = ADVANCED_FACE('',(#2183),#2208,.T.);
#2183 = FACE_BOUND('',#2184,.T.);
#2184 = EDGE_LOOP('',(#2185,#2193,#2201,#2207));
#2185 = ORIENTED_EDGE('',*,*,#2186,.T.);
#2186 = EDGE_CURVE('',#1126,#2187,#2189,.T.);
#2187 = VERTEX_POINT('',#2188);
#2188 = CARTESIAN_POINT('',(-53.,-21.,3.));
#2189 = LINE('',#2190,#2191);
#2190 = CARTESIAN_POINT('',(-64.,-21.,3.));
#2191 = VECTOR('',#2192,1.);
#2192 = DIRECTION('',(1.,0.,0.));
#2193 = ORIENTED_EDGE('',*,*,#2194,.T.);
#2194 = EDGE_CURVE('',#2187,#2195,#2197,.T.);
#2195 = VERTEX_POINT('',#2196);
#2196 = CARTESIAN_POINT('',(-53.,-21.,58.));
#2197 = LINE('',#2198,#2199);
#2198 = CARTESIAN_POINT('',(-53.,-21.,3.));
#2199 = VECTOR('',#2200,1.);
#2200 = DIRECTION('',(0.,0.,1.));
#2201 = ORIENTED_EDGE('',*,*,#2202,.F.);
#2202 = EDGE_CURVE('',#1128,#2195,#2203,.T.);
#2203 = LINE('',#2204,#2205);
#2204 = CARTESIAN_POINT('',(-64.,-21.,58.));
#2205 = VECTOR('',#2206,1.);
#2206 = DIRECTION('',(1.,0.,0.));
#2207 = ORIENTED_EDGE('',*,*,#1125,.F.);
#2208 = PLANE('',#2209);
#2209 = AXIS2_PLACEMENT_3D('',#2210,#2211,#2212);
#2210 = CARTESIAN_POINT('',(-64.,-21.,3.));
#2211 = DIRECTION('',(0.,-1.,0.));
#2212 = DIRECTION('',(0.,0.,1.));
#2213 = ADVANCED_FACE('',(#2214),#2232,.T.);
#2214 = FACE_BOUND('',#2215,.T.);
#2215 = EDGE_LOOP('',(#2216,#2217,#2225,#2231));
#2216 = ORIENTED_EDGE('',*,*,#2202,.T.);
#2217 = ORIENTED_EDGE('',*,*,#2218,.T.);
#2218 = EDGE_CURVE('',#2195,#2219,#2221,.T.);
#2219 = VERTEX_POINT('',#2220);
#2220 = CARTESIAN_POINT('',(-53.,-41.5,58.));
#2221 = LINE('',#2222,#2223);
#2222 = CARTESIAN_POINT('',(-53.,-21.,58.));
#2223 = VECTOR('',#2224,1.);
#2224 = DIRECTION('',(0.,-1.,0.));
#2225 = ORIENTED_EDGE('',*,*,#2226,.F.);
#2226 = EDGE_CURVE('',#1136,#2219,#2227,.T.);
#2227 = LINE('',#2228,#2229);
#2228 = CARTESIAN_POINT('',(-64.,-41.5,58.));
#2229 = VECTOR('',#2230,1.);
#2230 = DIRECTION('',(1.,0.,0.));
#2231 = ORIENTED_EDGE('',*,*,#1135,.F.);
#2232 = PLANE('',#2233);
#2233 = AXIS2_PLACEMENT_3D('',#2234,#2235,#2236);
#2234 = CARTESIAN_POINT('',(-64.,-21.,58.));
#2235 = DIRECTION('',(0.,0.,-1.));
#2236 = DIRECTION('',(0.,-1.,0.));
#2237 = ADVANCED_FACE('',(#2238,#2279,#2332),#2385,.T.);
#2238 = FACE_BOUND('',#2239,.T.);
#2239 = EDGE_LOOP('',(#2240,#2241,#2242,#2250,#2256,#2257,#2265,#2273));
#2240 = ORIENTED_EDGE('',*,*,#1143,.F.);
#2241 = ORIENTED_EDGE('',*,*,#2226,.T.);
#2242 = ORIENTED_EDGE('',*,*,#2243,.T.);
#2243 = EDGE_CURVE('',#2219,#2244,#2246,.T.);
#2244 = VERTEX_POINT('',#2245);
#2245 = CARTESIAN_POINT('',(-53.,-41.49999999999,50.));
#2246 = LINE('',#2247,#2248);
#2247 = CARTESIAN_POINT('',(-53.,-41.5,58.));
#2248 = VECTOR('',#2249,1.);
#2249 = DIRECTION('',(0.,0.,-1.));
#2250 = ORIENTED_EDGE('',*,*,#2251,.F.);
#2251 = EDGE_CURVE('',#1318,#2244,#2252,.T.);
#2252 = LINE('',#2253,#2254);
#2253 = CARTESIAN_POINT('',(0.,-41.49999999999,50.));
#2254 = VECTOR('',#2255,1.);
#2255 = DIRECTION('',(-1.,-0.,-0.));
#2256 = ORIENTED_EDGE('',*,*,#1325,.T.);
#2257 = ORIENTED_EDGE('',*,*,#2258,.T.);
#2258 = EDGE_CURVE('',#1326,#2259,#2261,.T.);
#2259 = VERTEX_POINT('',#2260);
#2260 = CARTESIAN_POINT('',(-53.,-41.49999999999,9.));
#2261 = LINE('',#2262,#2263);
#2262 = CARTESIAN_POINT('',(0.,-41.49999999999,9.));
#2263 = VECTOR('',#2264,1.);
#2264 = DIRECTION('',(-1.,-0.,-0.));
#2265 = ORIENTED_EDGE('',*,*,#2266,.T.);
#2266 = EDGE_CURVE('',#2259,#2267,#2269,.T.);
#2267 = VERTEX_POINT('',#2268);
#2268 = CARTESIAN_POINT('',(-53.,-41.5,3.));
#2269 = LINE('',#2270,#2271);
#2270 = CARTESIAN_POINT('',(-53.,-41.5,58.));
#2271 = VECTOR('',#2272,1.);
#2272 = DIRECTION('',(0.,0.,-1.));
#2273 = ORIENTED_EDGE('',*,*,#2274,.F.);
#2274 = EDGE_CURVE('',#1144,#2267,#2275,.T.);
#2275 = LINE('',#2276,#2277);
#2276 = CARTESIAN_POINT('',(-64.,-41.5,3.));
#2277 = VECTOR('',#2278,1.);
#2278 = DIRECTION('',(1.,0.,0.));
#2279 = FACE_BOUND('',#2280,.T.);
#2280 = EDGE_LOOP('',(#2281,#2291,#2300,#2308,#2317,#2325));
#2281 = ORIENTED_EDGE('',*,*,#2282,.T.);
#2282 = EDGE_CURVE('',#2283,#2285,#2287,.T.);
#2283 = VERTEX_POINT('',#2284);
#2284 = CARTESIAN_POINT('',(-37.01435933158,-41.49999999999,
    46.329631007952));
#2285 = VERTEX_POINT('',#2286);
#2286 = CARTESIAN_POINT('',(-7.742027906822,-41.49999999999,
    13.928241515724));
#2287 = LINE('',#2288,#2289);
#2288 = CARTESIAN_POINT('',(-29.36149715867,-41.49999999999,
    37.858718172329));
#2289 = VECTOR('',#2290,1.);
#2290 = DIRECTION('',(0.670368992048,0.,-0.74202790682));
#2291 = ORIENTED_EDGE('',*,*,#2292,.T.);
#2292 = EDGE_CURVE('',#2285,#2293,#2295,.T.);
#2293 = VERTEX_POINT('',#2294);
#2294 = CARTESIAN_POINT('',(-6.,-41.49999999999,14.598610507771));
#2295 = CIRCLE('',#2296,1.);
#2296 = AXIS2_PLACEMENT_3D('',#2297,#2298,#2299);
#2297 = CARTESIAN_POINT('',(-7.,-41.49999999999,14.598610507771));
#2298 = DIRECTION('',(0.,-1.,2.2E-16));
#2299 = DIRECTION('',(1.,0.,0.));
#2300 = ORIENTED_EDGE('',*,*,#2301,.T.);
#2301 = EDGE_CURVE('',#2293,#2302,#2304,.T.);
#2302 = VERTEX_POINT('',#2303);
#2303 = CARTESIAN_POINT('',(-6.,-41.49999999999,47.));
#2304 = LINE('',#2305,#2306);
#2305 = CARTESIAN_POINT('',(-6.,-41.49999999999,31.799305253886));
#2306 = VECTOR('',#2307,1.);
#2307 = DIRECTION('',(3.E-17,0.,1.));
#2308 = ORIENTED_EDGE('',*,*,#2309,.T.);
#2309 = EDGE_CURVE('',#2302,#2310,#2312,.T.);
#2310 = VERTEX_POINT('',#2311);
#2311 = CARTESIAN_POINT('',(-7.,-41.49999999999,48.));
#2312 = CIRCLE('',#2313,1.);
#2313 = AXIS2_PLACEMENT_3D('',#2314,#2315,#2316);
#2314 = CARTESIAN_POINT('',(-7.,-41.49999999999,47.));
#2315 = DIRECTION('',(0.,-1.,2.2E-16));
#2316 = DIRECTION('',(1.,0.,0.));
#2317 = ORIENTED_EDGE('',*,*,#2318,.T.);
#2318 = EDGE_CURVE('',#2310,#2319,#2321,.T.);
#2319 = VERTEX_POINT('',#2320);
#2320 = CARTESIAN_POINT('',(-36.27233142476,-41.49999999999,48.));
#2321 = LINE('',#2322,#2323);
#2322 = CARTESIAN_POINT('',(-3.5,-41.49999999999,48.));
#2323 = VECTOR('',#2324,1.);
#2324 = DIRECTION('',(-1.,0.,0.));
#2325 = ORIENTED_EDGE('',*,*,#2326,.T.);
#2326 = EDGE_CURVE('',#2319,#2283,#2327,.T.);
#2327 = CIRCLE('',#2328,1.);
#2328 = AXIS2_PLACEMENT_3D('',#2329,#2330,#2331);
#2329 = CARTESIAN_POINT('',(-36.27233142476,-41.49999999999,47.));
#2330 = DIRECTION('',(0.,-1.,2.2E-16));
#2331 = DIRECTION('',(1.,0.,0.));
#2332 = FACE_BOUND('',#2333,.T.);
#2333 = EDGE_LOOP('',(#2334,#2344,#2353,#2361,#2370,#2378));
#2334 = ORIENTED_EDGE('',*,*,#2335,.F.);
#2335 = EDGE_CURVE('',#2336,#2338,#2340,.T.);
#2336 = VERTEX_POINT('',#2337);
#2337 = CARTESIAN_POINT('',(-50.25797209318,-41.49999999999,
    46.071758484277));
#2338 = VERTEX_POINT('',#2339);
#2339 = CARTESIAN_POINT('',(-22.42987060225,-41.49999999999,
    15.268979499819));
#2340 = LINE('',#2341,#2342);
#2341 = CARTESIAN_POINT('',(-26.0281085781,-41.49999999999,
    19.251850165272));
#2342 = VECTOR('',#2343,1.);
#2343 = DIRECTION('',(0.670368992048,0.,-0.74202790682));
#2344 = ORIENTED_EDGE('',*,*,#2345,.T.);
#2345 = EDGE_CURVE('',#2336,#2346,#2348,.T.);
#2346 = VERTEX_POINT('',#2347);
#2347 = CARTESIAN_POINT('',(-52.,-41.49999999999,45.401389492229));
#2348 = CIRCLE('',#2349,1.);
#2349 = AXIS2_PLACEMENT_3D('',#2350,#2351,#2352);
#2350 = CARTESIAN_POINT('',(-51.,-41.49999999999,45.401389492229));
#2351 = DIRECTION('',(0.,-1.,2.2E-16));
#2352 = DIRECTION('',(1.,0.,0.));
#2353 = ORIENTED_EDGE('',*,*,#2354,.F.);
#2354 = EDGE_CURVE('',#2355,#2346,#2357,.T.);
#2355 = VERTEX_POINT('',#2356);
#2356 = CARTESIAN_POINT('',(-52.,-41.49999999999,14.598610507771));
#2357 = LINE('',#2358,#2359);
#2358 = CARTESIAN_POINT('',(-52.,-41.49999999999,47.700694746115));
#2359 = VECTOR('',#2360,1.);
#2360 = DIRECTION('',(-6.9E-16,0.,1.));
#2361 = ORIENTED_EDGE('',*,*,#2362,.T.);
#2362 = EDGE_CURVE('',#2355,#2363,#2365,.T.);
#2363 = VERTEX_POINT('',#2364);
#2364 = CARTESIAN_POINT('',(-51.,-41.49999999999,13.598610507771));
#2365 = CIRCLE('',#2366,1.);
#2366 = AXIS2_PLACEMENT_3D('',#2367,#2368,#2369);
#2367 = CARTESIAN_POINT('',(-51.,-41.49999999999,14.598610507771));
#2368 = DIRECTION('',(0.,-1.,2.2E-16));
#2369 = DIRECTION('',(1.,0.,0.));
#2370 = ORIENTED_EDGE('',*,*,#2371,.T.);
#2371 = EDGE_CURVE('',#2363,#2372,#2374,.T.);
#2372 = VERTEX_POINT('',#2373);
#2373 = CARTESIAN_POINT('',(-23.17189850907,-41.49999999999,
    13.598610507771));
#2374 = LINE('',#2375,#2376);
#2375 = CARTESIAN_POINT('',(-25.5,-41.49999999999,13.598610507771));
#2376 = VECTOR('',#2377,1.);
#2377 = DIRECTION('',(1.,0.,0.));
#2378 = ORIENTED_EDGE('',*,*,#2379,.T.);
#2379 = EDGE_CURVE('',#2372,#2338,#2380,.T.);
#2380 = CIRCLE('',#2381,1.);
#2381 = AXIS2_PLACEMENT_3D('',#2382,#2383,#2384);
#2382 = CARTESIAN_POINT('',(-23.17189850907,-41.49999999999,
    14.598610507771));
#2383 = DIRECTION('',(0.,-1.,2.2E-16));
#2384 = DIRECTION('',(1.,0.,0.));
#2385 = PLANE('',#2386);
#2386 = AXIS2_PLACEMENT_3D('',#2387,#2388,#2389);
#2387 = CARTESIAN_POINT('',(-35.11764705882,-41.49999999999,
    30.054621848739));
#2388 = DIRECTION('',(-1.895E-14,1.,1.14E-15));
#2389 = DIRECTION('',(1.,1.895E-14,0.));
#2390 = ADVANCED_FACE('',(#2391),#2402,.T.);
#2391 = FACE_BOUND('',#2392,.T.);
#2392 = EDGE_LOOP('',(#2393,#2394,#2400,#2401));
#2393 = ORIENTED_EDGE('',*,*,#2274,.T.);
#2394 = ORIENTED_EDGE('',*,*,#2395,.T.);
#2395 = EDGE_CURVE('',#2267,#2187,#2396,.T.);
#2396 = LINE('',#2397,#2398);
#2397 = CARTESIAN_POINT('',(-53.,-41.5,3.));
#2398 = VECTOR('',#2399,1.);
#2399 = DIRECTION('',(0.,1.,0.));
#2400 = ORIENTED_EDGE('',*,*,#2186,.F.);
#2401 = ORIENTED_EDGE('',*,*,#1151,.F.);
#2402 = PLANE('',#2403);
#2403 = AXIS2_PLACEMENT_3D('',#2404,#2405,#2406);
#2404 = CARTESIAN_POINT('',(-64.,-41.5,3.));
#2405 = DIRECTION('',(0.,0.,1.));
#2406 = DIRECTION('',(0.,1.,0.));
#2407 = ADVANCED_FACE('',(#2408),#2433,.T.);
#2408 = FACE_BOUND('',#2409,.T.);
#2409 = EDGE_LOOP('',(#2410,#2418,#2426,#2432));
#2410 = ORIENTED_EDGE('',*,*,#2411,.T.);
#2411 = EDGE_CURVE('',#1231,#2412,#2414,.T.);
#2412 = VERTEX_POINT('',#2413);
#2413 = CARTESIAN_POINT('',(-20.,12.,53.5));
#2414 = LINE('',#2415,#2416);
#2415 = CARTESIAN_POINT('',(0.,12.,53.5));
#2416 = VECTOR('',#2417,1.);
#2417 = DIRECTION('',(-1.,-0.,-0.));
#2418 = ORIENTED_EDGE('',*,*,#2419,.T.);
#2419 = EDGE_CURVE('',#2412,#2420,#2422,.T.);
#2420 = VERTEX_POINT('',#2421);
#2421 = CARTESIAN_POINT('',(-20.,12.,57.5));
#2422 = LINE('',#2423,#2424);
#2423 = CARTESIAN_POINT('',(-20.,12.,53.5));
#2424 = VECTOR('',#2425,1.);
#2425 = DIRECTION('',(0.,0.,1.));
#2426 = ORIENTED_EDGE('',*,*,#2427,.F.);
#2427 = EDGE_CURVE('',#1233,#2420,#2428,.T.);
#2428 = LINE('',#2429,#2430);
#2429 = CARTESIAN_POINT('',(0.,12.,57.5));
#2430 = VECTOR('',#2431,1.);
#2431 = DIRECTION('',(-1.,-0.,-0.));
#2432 = ORIENTED_EDGE('',*,*,#1230,.F.);
#2433 = PLANE('',#2434);
#2434 = AXIS2_PLACEMENT_3D('',#2435,#2436,#2437);
#2435 = CARTESIAN_POINT('',(0.,12.,53.5));
#2436 = DIRECTION('',(0.,1.,0.));
#2437 = DIRECTION('',(0.,0.,1.));
#2438 = ADVANCED_FACE('',(#2439,#2457,#2460),#2463,.T.);
#2439 = FACE_BOUND('',#2440,.T.);
#2440 = EDGE_LOOP('',(#2441,#2442,#2450,#2456));
#2441 = ORIENTED_EDGE('',*,*,#2427,.T.);
#2442 = ORIENTED_EDGE('',*,*,#2443,.T.);
#2443 = EDGE_CURVE('',#2420,#2444,#2446,.T.);
#2444 = VERTEX_POINT('',#2445);
#2445 = CARTESIAN_POINT('',(-20.,32.,57.5));
#2446 = LINE('',#2447,#2448);
#2447 = CARTESIAN_POINT('',(-20.,12.,57.5));
#2448 = VECTOR('',#2449,1.);
#2449 = DIRECTION('',(0.,1.,0.));
#2450 = ORIENTED_EDGE('',*,*,#2451,.F.);
#2451 = EDGE_CURVE('',#1249,#2444,#2452,.T.);
#2452 = LINE('',#2453,#2454);
#2453 = CARTESIAN_POINT('',(0.,32.,57.5));
#2454 = VECTOR('',#2455,1.);
#2455 = DIRECTION('',(-1.,-0.,-0.));
#2456 = ORIENTED_EDGE('',*,*,#1256,.F.);
#2457 = FACE_BOUND('',#2458,.T.);
#2458 = EDGE_LOOP('',(#2459));
#2459 = ORIENTED_EDGE('',*,*,#1551,.F.);
#2460 = FACE_BOUND('',#2461,.T.);
#2461 = EDGE_LOOP('',(#2462));
#2462 = ORIENTED_EDGE('',*,*,#1576,.F.);
#2463 = PLANE('',#2464);
#2464 = AXIS2_PLACEMENT_3D('',#2465,#2466,#2467);
#2465 = CARTESIAN_POINT('',(0.,12.,57.5));
#2466 = DIRECTION('',(0.,0.,-1.));
#2467 = DIRECTION('',(0.,1.,0.));
#2468 = ADVANCED_FACE('',(#2469),#2487,.T.);
#2469 = FACE_BOUND('',#2470,.T.);
#2470 = EDGE_LOOP('',(#2471,#2472,#2480,#2486));
#2471 = ORIENTED_EDGE('',*,*,#2451,.T.);
#2472 = ORIENTED_EDGE('',*,*,#2473,.T.);
#2473 = EDGE_CURVE('',#2444,#2474,#2476,.T.);
#2474 = VERTEX_POINT('',#2475);
#2475 = CARTESIAN_POINT('',(-20.,32.,53.5));
#2476 = LINE('',#2477,#2478);
#2477 = CARTESIAN_POINT('',(-20.,32.,57.5));
#2478 = VECTOR('',#2479,1.);
#2479 = DIRECTION('',(0.,0.,-1.));
#2480 = ORIENTED_EDGE('',*,*,#2481,.F.);
#2481 = EDGE_CURVE('',#1241,#2474,#2482,.T.);
#2482 = LINE('',#2483,#2484);
#2483 = CARTESIAN_POINT('',(0.,32.,53.5));
#2484 = VECTOR('',#2485,1.);
#2485 = DIRECTION('',(-1.,-0.,-0.));
#2486 = ORIENTED_EDGE('',*,*,#1248,.F.);
#2487 = PLANE('',#2488);
#2488 = AXIS2_PLACEMENT_3D('',#2489,#2490,#2491);
#2489 = CARTESIAN_POINT('',(0.,32.,57.5));
#2490 = DIRECTION('',(0.,-1.,0.));
#2491 = DIRECTION('',(0.,0.,-1.));
#2492 = ADVANCED_FACE('',(#2493,#2504,#2515),#2526,.T.);
#2493 = FACE_BOUND('',#2494,.T.);
#2494 = EDGE_LOOP('',(#2495,#2496,#2502,#2503));
#2495 = ORIENTED_EDGE('',*,*,#2481,.T.);
#2496 = ORIENTED_EDGE('',*,*,#2497,.T.);
#2497 = EDGE_CURVE('',#2474,#2412,#2498,.T.);
#2498 = LINE('',#2499,#2500);
#2499 = CARTESIAN_POINT('',(-20.,32.,53.5));
#2500 = VECTOR('',#2501,1.);
#2501 = DIRECTION('',(0.,-1.,0.));
#2502 = ORIENTED_EDGE('',*,*,#2411,.F.);
#2503 = ORIENTED_EDGE('',*,*,#1240,.F.);
#2504 = FACE_BOUND('',#2505,.T.);
#2505 = EDGE_LOOP('',(#2506));
#2506 = ORIENTED_EDGE('',*,*,#2507,.T.);
#2507 = EDGE_CURVE('',#2508,#2508,#2510,.T.);
#2508 = VERTEX_POINT('',#2509);
#2509 = CARTESIAN_POINT('',(-11.35,22.,53.5));
#2510 = CIRCLE('',#2511,1.65);
#2511 = AXIS2_PLACEMENT_3D('',#2512,#2513,#2514);
#2512 = CARTESIAN_POINT('',(-13.,22.,53.5));
#2513 = DIRECTION('',(0.,0.,-1.));
#2514 = DIRECTION('',(1.,0.,0.));
#2515 = FACE_BOUND('',#2516,.T.);
#2516 = EDGE_LOOP('',(#2517));
#2517 = ORIENTED_EDGE('',*,*,#2518,.T.);
#2518 = EDGE_CURVE('',#2519,#2519,#2521,.T.);
#2519 = VERTEX_POINT('',#2520);
#2520 = CARTESIAN_POINT('',(-3.35,22.,53.5));
#2521 = CIRCLE('',#2522,1.65);
#2522 = AXIS2_PLACEMENT_3D('',#2523,#2524,#2525);
#2523 = CARTESIAN_POINT('',(-5.,22.,53.5));
#2524 = DIRECTION('',(0.,0.,-1.));
#2525 = DIRECTION('',(1.,0.,0.));
#2526 = PLANE('',#2527);
#2527 = AXIS2_PLACEMENT_3D('',#2528,#2529,#2530);
#2528 = CARTESIAN_POINT('',(0.,32.,53.5));
#2529 = DIRECTION('',(0.,0.,1.));
#2530 = DIRECTION('',(0.,-1.,0.));
#2531 = ADVANCED_FACE('',(#2532,#2557,#2568),#2579,.F.);
#2532 = FACE_BOUND('',#2533,.F.);
#2533 = EDGE_LOOP('',(#2534,#2542,#2550,#2556));
#2534 = ORIENTED_EDGE('',*,*,#2535,.T.);
#2535 = EDGE_CURVE('',#1265,#2536,#2538,.T.);
#2536 = VERTEX_POINT('',#2537);
#2537 = CARTESIAN_POINT('',(-20.,32.000000000014,6.5));
#2538 = LINE('',#2539,#2540);
#2539 = CARTESIAN_POINT('',(0.,32.000000000014,6.5));
#2540 = VECTOR('',#2541,1.);
#2541 = DIRECTION('',(-1.,-0.,-0.));
#2542 = ORIENTED_EDGE('',*,*,#2543,.T.);
#2543 = EDGE_CURVE('',#2536,#2544,#2546,.T.);
#2544 = VERTEX_POINT('',#2545);
#2545 = CARTESIAN_POINT('',(-20.,12.,6.5));
#2546 = LINE('',#2547,#2548);
#2547 = CARTESIAN_POINT('',(-20.,32.000000000014,6.5));
#2548 = VECTOR('',#2549,1.);
#2549 = DIRECTION('',(0.,-1.,0.));
#2550 = ORIENTED_EDGE('',*,*,#2551,.F.);
#2551 = EDGE_CURVE('',#1267,#2544,#2552,.T.);
#2552 = LINE('',#2553,#2554);
#2553 = CARTESIAN_POINT('',(0.,12.,6.5));
#2554 = VECTOR('',#2555,1.);
#2555 = DIRECTION('',(-1.,-0.,-0.));
#2556 = ORIENTED_EDGE('',*,*,#1264,.F.);
#2557 = FACE_BOUND('',#2558,.F.);
#2558 = EDGE_LOOP('',(#2559));
#2559 = ORIENTED_EDGE('',*,*,#2560,.T.);
#2560 = EDGE_CURVE('',#2561,#2561,#2563,.T.);
#2561 = VERTEX_POINT('',#2562);
#2562 = CARTESIAN_POINT('',(-11.35,22.,6.5));
#2563 = CIRCLE('',#2564,1.65);
#2564 = AXIS2_PLACEMENT_3D('',#2565,#2566,#2567);
#2565 = CARTESIAN_POINT('',(-13.,22.,6.5));
#2566 = DIRECTION('',(0.,0.,-1.));
#2567 = DIRECTION('',(1.,0.,0.));
#2568 = FACE_BOUND('',#2569,.F.);
#2569 = EDGE_LOOP('',(#2570));
#2570 = ORIENTED_EDGE('',*,*,#2571,.T.);
#2571 = EDGE_CURVE('',#2572,#2572,#2574,.T.);
#2572 = VERTEX_POINT('',#2573);
#2573 = CARTESIAN_POINT('',(-3.35,22.,6.5));
#2574 = CIRCLE('',#2575,1.65);
#2575 = AXIS2_PLACEMENT_3D('',#2576,#2577,#2578);
#2576 = CARTESIAN_POINT('',(-5.,22.,6.5));
#2577 = DIRECTION('',(0.,0.,-1.));
#2578 = DIRECTION('',(1.,0.,0.));
#2579 = PLANE('',#2580);
#2580 = AXIS2_PLACEMENT_3D('',#2581,#2582,#2583);
#2581 = CARTESIAN_POINT('',(0.,32.000000000014,6.5));
#2582 = DIRECTION('',(0.,0.,1.));
#2583 = DIRECTION('',(0.,-1.,0.));
#2584 = ADVANCED_FACE('',(#2585),#2603,.F.);
#2585 = FACE_BOUND('',#2586,.F.);
#2586 = EDGE_LOOP('',(#2587,#2595,#2601,#2602));
#2587 = ORIENTED_EDGE('',*,*,#2588,.T.);
#2588 = EDGE_CURVE('',#1283,#2589,#2591,.T.);
#2589 = VERTEX_POINT('',#2590);
#2590 = CARTESIAN_POINT('',(-20.,32.000000000014,2.5));
#2591 = LINE('',#2592,#2593);
#2592 = CARTESIAN_POINT('',(0.,32.000000000014,2.5));
#2593 = VECTOR('',#2594,1.);
#2594 = DIRECTION('',(-1.,-0.,-0.));
#2595 = ORIENTED_EDGE('',*,*,#2596,.T.);
#2596 = EDGE_CURVE('',#2589,#2536,#2597,.T.);
#2597 = LINE('',#2598,#2599);
#2598 = CARTESIAN_POINT('',(-20.,32.000000000014,2.5));
#2599 = VECTOR('',#2600,1.);
#2600 = DIRECTION('',(0.,0.,1.));
#2601 = ORIENTED_EDGE('',*,*,#2535,.F.);
#2602 = ORIENTED_EDGE('',*,*,#1290,.F.);
#2603 = PLANE('',#2604);
#2604 = AXIS2_PLACEMENT_3D('',#2605,#2606,#2607);
#2605 = CARTESIAN_POINT('',(0.,32.000000000014,2.5));
#2606 = DIRECTION('',(0.,1.,0.));
#2607 = DIRECTION('',(0.,0.,1.));
#2608 = ADVANCED_FACE('',(#2609,#2627,#2630),#2633,.F.);
#2609 = FACE_BOUND('',#2610,.F.);
#2610 = EDGE_LOOP('',(#2611,#2619,#2625,#2626));
#2611 = ORIENTED_EDGE('',*,*,#2612,.T.);
#2612 = EDGE_CURVE('',#1275,#2613,#2615,.T.);
#2613 = VERTEX_POINT('',#2614);
#2614 = CARTESIAN_POINT('',(-20.,12.,2.5));
#2615 = LINE('',#2616,#2617);
#2616 = CARTESIAN_POINT('',(0.,12.,2.5));
#2617 = VECTOR('',#2618,1.);
#2618 = DIRECTION('',(-1.,-0.,-0.));
#2619 = ORIENTED_EDGE('',*,*,#2620,.T.);
#2620 = EDGE_CURVE('',#2613,#2589,#2621,.T.);
#2621 = LINE('',#2622,#2623);
#2622 = CARTESIAN_POINT('',(-20.,12.,2.5));
#2623 = VECTOR('',#2624,1.);
#2624 = DIRECTION('',(0.,1.,0.));
#2625 = ORIENTED_EDGE('',*,*,#2588,.F.);
#2626 = ORIENTED_EDGE('',*,*,#1282,.F.);
#2627 = FACE_BOUND('',#2628,.F.);
#2628 = EDGE_LOOP('',(#2629));
#2629 = ORIENTED_EDGE('',*,*,#1700,.F.);
#2630 = FACE_BOUND('',#2631,.F.);
#2631 = EDGE_LOOP('',(#2632));
#2632 = ORIENTED_EDGE('',*,*,#1675,.F.);
#2633 = PLANE('',#2634);
#2634 = AXIS2_PLACEMENT_3D('',#2635,#2636,#2637);
#2635 = CARTESIAN_POINT('',(0.,12.,2.5));
#2636 = DIRECTION('',(0.,0.,-1.));
#2637 = DIRECTION('',(0.,1.,0.));
#2638 = ADVANCED_FACE('',(#2639),#2650,.F.);
#2639 = FACE_BOUND('',#2640,.F.);
#2640 = EDGE_LOOP('',(#2641,#2642,#2648,#2649));
#2641 = ORIENTED_EDGE('',*,*,#2551,.T.);
#2642 = ORIENTED_EDGE('',*,*,#2643,.T.);
#2643 = EDGE_CURVE('',#2544,#2613,#2644,.T.);
#2644 = LINE('',#2645,#2646);
#2645 = CARTESIAN_POINT('',(-20.,12.,6.5));
#2646 = VECTOR('',#2647,1.);
#2647 = DIRECTION('',(0.,0.,-1.));
#2648 = ORIENTED_EDGE('',*,*,#2612,.F.);
#2649 = ORIENTED_EDGE('',*,*,#1274,.F.);
#2650 = PLANE('',#2651);
#2651 = AXIS2_PLACEMENT_3D('',#2652,#2653,#2654);
#2652 = CARTESIAN_POINT('',(0.,12.,6.5));
#2653 = DIRECTION('',(0.,-1.,0.));
#2654 = DIRECTION('',(0.,0.,-1.));
#2655 = ADVANCED_FACE('',(#2656,#2713,#2724,#2735,#2746),#2757,.F.);
#2656 = FACE_BOUND('',#2657,.F.);
#2657 = EDGE_LOOP('',(#2658,#2659,#2667,#2675,#2683,#2691,#2699,#2707));
#2658 = ORIENTED_EDGE('',*,*,#1298,.F.);
#2659 = ORIENTED_EDGE('',*,*,#2660,.T.);
#2660 = EDGE_CURVE('',#1299,#2661,#2663,.T.);
#2661 = VERTEX_POINT('',#2662);
#2662 = CARTESIAN_POINT('',(-44.,38.999999999999,51.499999999999));
#2663 = LINE('',#2664,#2665);
#2664 = CARTESIAN_POINT('',(0.,38.999999999999,51.499999999999));
#2665 = VECTOR('',#2666,1.);
#2666 = DIRECTION('',(-1.,-0.,-0.));
#2667 = ORIENTED_EDGE('',*,*,#2668,.T.);
#2668 = EDGE_CURVE('',#2661,#2669,#2671,.T.);
#2669 = VERTEX_POINT('',#2670);
#2670 = CARTESIAN_POINT('',(-44.,21.499999999992,51.499999999999));
#2671 = LINE('',#2672,#2673);
#2672 = CARTESIAN_POINT('',(-44.,38.999999999999,51.499999999999));
#2673 = VECTOR('',#2674,1.);
#2674 = DIRECTION('',(0.,-1.,0.));
#2675 = ORIENTED_EDGE('',*,*,#2676,.T.);
#2676 = EDGE_CURVE('',#2669,#2677,#2679,.T.);
#2677 = VERTEX_POINT('',#2678);
#2678 = CARTESIAN_POINT('',(-40.,21.499999999992,51.499999999999));
#2679 = LINE('',#2680,#2681);
#2680 = CARTESIAN_POINT('',(-26.,21.499999999992,51.499999999999));
#2681 = VECTOR('',#2682,1.);
#2682 = DIRECTION('',(1.,0.,0.));
#2683 = ORIENTED_EDGE('',*,*,#2684,.F.);
#2684 = EDGE_CURVE('',#2685,#2677,#2687,.T.);
#2685 = VERTEX_POINT('',#2686);
#2686 = CARTESIAN_POINT('',(-40.,-21.49999999999,51.499999999999));
#2687 = LINE('',#2688,#2689);
#2688 = CARTESIAN_POINT('',(-40.,19.499999999998,51.499999999999));
#2689 = VECTOR('',#2690,1.);
#2690 = DIRECTION('',(0.,1.,0.));
#2691 = ORIENTED_EDGE('',*,*,#2692,.T.);
#2692 = EDGE_CURVE('',#2685,#2693,#2695,.T.);
#2693 = VERTEX_POINT('',#2694);
#2694 = CARTESIAN_POINT('',(-44.,-21.49999999999,51.499999999999));
#2695 = LINE('',#2696,#2697);
#2696 = CARTESIAN_POINT('',(-26.,-21.49999999999,51.499999999999));
#2697 = VECTOR('',#2698,1.);
#2698 = DIRECTION('',(-1.,0.,0.));
#2699 = ORIENTED_EDGE('',*,*,#2700,.T.);
#2700 = EDGE_CURVE('',#2693,#2701,#2703,.T.);
#2701 = VERTEX_POINT('',#2702);
#2702 = CARTESIAN_POINT('',(-44.,-38.99999999999,51.499999999999));
#2703 = LINE('',#2704,#2705);
#2704 = CARTESIAN_POINT('',(-44.,38.999999999999,51.499999999999));
#2705 = VECTOR('',#2706,1.);
#2706 = DIRECTION('',(0.,-1.,0.));
#2707 = ORIENTED_EDGE('',*,*,#2708,.F.);
#2708 = EDGE_CURVE('',#1301,#2701,#2709,.T.);
#2709 = LINE('',#2710,#2711);
#2710 = CARTESIAN_POINT('',(0.,-38.99999999999,51.499999999999));
#2711 = VECTOR('',#2712,1.);
#2712 = DIRECTION('',(-1.,-0.,-0.));
#2713 = FACE_BOUND('',#2714,.F.);
#2714 = EDGE_LOOP('',(#2715));
#2715 = ORIENTED_EDGE('',*,*,#2716,.T.);
#2716 = EDGE_CURVE('',#2717,#2717,#2719,.T.);
#2717 = VERTEX_POINT('',#2718);
#2718 = CARTESIAN_POINT('',(-11.35,22.,51.499999999999));
#2719 = CIRCLE('',#2720,1.65);
#2720 = AXIS2_PLACEMENT_3D('',#2721,#2722,#2723);
#2721 = CARTESIAN_POINT('',(-13.,22.,51.499999999999));
#2722 = DIRECTION('',(0.,0.,-1.));
#2723 = DIRECTION('',(1.,0.,0.));
#2724 = FACE_BOUND('',#2725,.F.);
#2725 = EDGE_LOOP('',(#2726));
#2726 = ORIENTED_EDGE('',*,*,#2727,.T.);
#2727 = EDGE_CURVE('',#2728,#2728,#2730,.T.);
#2728 = VERTEX_POINT('',#2729);
#2729 = CARTESIAN_POINT('',(-11.35,-22.,51.499999999999));
#2730 = CIRCLE('',#2731,1.65);
#2731 = AXIS2_PLACEMENT_3D('',#2732,#2733,#2734);
#2732 = CARTESIAN_POINT('',(-13.,-22.,51.499999999999));
#2733 = DIRECTION('',(0.,0.,-1.));
#2734 = DIRECTION('',(1.,0.,0.));
#2735 = FACE_BOUND('',#2736,.F.);
#2736 = EDGE_LOOP('',(#2737));
#2737 = ORIENTED_EDGE('',*,*,#2738,.T.);
#2738 = EDGE_CURVE('',#2739,#2739,#2741,.T.);
#2739 = VERTEX_POINT('',#2740);
#2740 = CARTESIAN_POINT('',(-3.35,22.,51.499999999999));
#2741 = CIRCLE('',#2742,1.65);
#2742 = AXIS2_PLACEMENT_3D('',#2743,#2744,#2745);
#2743 = CARTESIAN_POINT('',(-5.,22.,51.499999999999));
#2744 = DIRECTION('',(0.,0.,-1.));
#2745 = DIRECTION('',(1.,0.,0.));
#2746 = FACE_BOUND('',#2747,.F.);
#2747 = EDGE_LOOP('',(#2748));
#2748 = ORIENTED_EDGE('',*,*,#2749,.T.);
#2749 = EDGE_CURVE('',#2750,#2750,#2752,.T.);
#2750 = VERTEX_POINT('',#2751);
#2751 = CARTESIAN_POINT('',(-3.35,-22.,51.499999999999));
#2752 = CIRCLE('',#2753,1.65);
#2753 = AXIS2_PLACEMENT_3D('',#2754,#2755,#2756);
#2754 = CARTESIAN_POINT('',(-5.,-22.,51.499999999999));
#2755 = DIRECTION('',(0.,0.,-1.));
#2756 = DIRECTION('',(1.,0.,0.));
#2757 = PLANE('',#2758);
#2758 = AXIS2_PLACEMENT_3D('',#2759,#2760,#2761);
#2759 = CARTESIAN_POINT('',(0.,38.999999999999,51.499999999999));
#2760 = DIRECTION('',(0.,0.,1.));
#2761 = DIRECTION('',(0.,-1.,0.));
#2762 = ADVANCED_FACE('',(#2763),#2782,.F.);
#2763 = FACE_BOUND('',#2764,.F.);
#2764 = EDGE_LOOP('',(#2765,#2766,#2774,#2781));
#2765 = ORIENTED_EDGE('',*,*,#1391,.F.);
#2766 = ORIENTED_EDGE('',*,*,#2767,.F.);
#2767 = EDGE_CURVE('',#2768,#1384,#2770,.T.);
#2768 = VERTEX_POINT('',#2769);
#2769 = CARTESIAN_POINT('',(-44.,41.291287847475,50.));
#2770 = LINE('',#2771,#2772);
#2771 = CARTESIAN_POINT('',(0.,41.291287847475,50.));
#2772 = VECTOR('',#2773,1.);
#2773 = DIRECTION('',(1.,0.,0.));
#2774 = ORIENTED_EDGE('',*,*,#2775,.T.);
#2775 = EDGE_CURVE('',#2768,#2661,#2776,.T.);
#2776 = CIRCLE('',#2777,2.5);
#2777 = AXIS2_PLACEMENT_3D('',#2778,#2779,#2780);
#2778 = CARTESIAN_POINT('',(-44.,38.999999999998,48.999999999999));
#2779 = DIRECTION('',(1.,0.,0.));
#2780 = DIRECTION('',(0.,1.,0.));
#2781 = ORIENTED_EDGE('',*,*,#2660,.F.);
#2782 = CYLINDRICAL_SURFACE('',#2783,2.5);
#2783 = AXIS2_PLACEMENT_3D('',#2784,#2785,#2786);
#2784 = CARTESIAN_POINT('',(0.,38.999999999998,48.999999999999));
#2785 = DIRECTION('',(1.,0.,0.));
#2786 = DIRECTION('',(0.,1.,0.));
#2787 = ADVANCED_FACE('',(#2788),#2807,.F.);
#2788 = FACE_BOUND('',#2789,.F.);
#2789 = EDGE_LOOP('',(#2790,#2791,#2792,#2801));
#2790 = ORIENTED_EDGE('',*,*,#1308,.F.);
#2791 = ORIENTED_EDGE('',*,*,#2708,.T.);
#2792 = ORIENTED_EDGE('',*,*,#2793,.T.);
#2793 = EDGE_CURVE('',#2701,#2794,#2796,.T.);
#2794 = VERTEX_POINT('',#2795);
#2795 = CARTESIAN_POINT('',(-44.,-41.29128784747,50.));
#2796 = CIRCLE('',#2797,2.5);
#2797 = AXIS2_PLACEMENT_3D('',#2798,#2799,#2800);
#2798 = CARTESIAN_POINT('',(-44.,-38.99999999999,48.999999999999));
#2799 = DIRECTION('',(1.,0.,0.));
#2800 = DIRECTION('',(0.,1.,0.));
#2801 = ORIENTED_EDGE('',*,*,#2802,.T.);
#2802 = EDGE_CURVE('',#2794,#1309,#2803,.T.);
#2803 = LINE('',#2804,#2805);
#2804 = CARTESIAN_POINT('',(0.,-41.29128784747,50.));
#2805 = VECTOR('',#2806,1.);
#2806 = DIRECTION('',(1.,0.,0.));
#2807 = CYLINDRICAL_SURFACE('',#2808,2.5);
#2808 = AXIS2_PLACEMENT_3D('',#2809,#2810,#2811);
#2809 = CARTESIAN_POINT('',(0.,-38.99999999999,48.999999999999));
#2810 = DIRECTION('',(1.,0.,0.));
#2811 = DIRECTION('',(0.,1.,0.));
#2812 = ADVANCED_FACE('',(#2813),#2840,.F.);
#2813 = FACE_BOUND('',#2814,.F.);
#2814 = EDGE_LOOP('',(#2815,#2816,#2817,#2825,#2833,#2839));
#2815 = ORIENTED_EDGE('',*,*,#1383,.F.);
#2816 = ORIENTED_EDGE('',*,*,#2017,.T.);
#2817 = ORIENTED_EDGE('',*,*,#2818,.T.);
#2818 = EDGE_CURVE('',#2018,#2819,#2821,.T.);
#2819 = VERTEX_POINT('',#2820);
#2820 = CARTESIAN_POINT('',(-53.,21.499999999992,50.));
#2821 = LINE('',#2822,#2823);
#2822 = CARTESIAN_POINT('',(-53.,20.749999999999,50.));
#2823 = VECTOR('',#2824,1.);
#2824 = DIRECTION('',(0.,-1.,0.));
#2825 = ORIENTED_EDGE('',*,*,#2826,.F.);
#2826 = EDGE_CURVE('',#2827,#2819,#2829,.T.);
#2827 = VERTEX_POINT('',#2828);
#2828 = CARTESIAN_POINT('',(-44.,21.499999999992,50.));
#2829 = LINE('',#2830,#2831);
#2830 = CARTESIAN_POINT('',(0.,21.499999999992,50.));
#2831 = VECTOR('',#2832,1.);
#2832 = DIRECTION('',(-1.,-0.,-0.));
#2833 = ORIENTED_EDGE('',*,*,#2834,.F.);
#2834 = EDGE_CURVE('',#2768,#2827,#2835,.T.);
#2835 = LINE('',#2836,#2837);
#2836 = CARTESIAN_POINT('',(-44.,20.749999999999,50.));
#2837 = VECTOR('',#2838,1.);
#2838 = DIRECTION('',(0.,-1.,0.));
#2839 = ORIENTED_EDGE('',*,*,#2767,.T.);
#2840 = PLANE('',#2841);
#2841 = AXIS2_PLACEMENT_3D('',#2842,#2843,#2844);
#2842 = CARTESIAN_POINT('',(0.,41.499999999999,50.));
#2843 = DIRECTION('',(0.,0.,1.));
#2844 = DIRECTION('',(0.,-1.,0.));
#2845 = ADVANCED_FACE('',(#2846),#2873,.F.);
#2846 = FACE_BOUND('',#2847,.F.);
#2847 = EDGE_LOOP('',(#2848,#2856,#2864,#2870,#2871,#2872));
#2848 = ORIENTED_EDGE('',*,*,#2849,.F.);
#2849 = EDGE_CURVE('',#2850,#2794,#2852,.T.);
#2850 = VERTEX_POINT('',#2851);
#2851 = CARTESIAN_POINT('',(-44.,-21.49999999999,50.));
#2852 = LINE('',#2853,#2854);
#2853 = CARTESIAN_POINT('',(-44.,-10.74999999999,50.));
#2854 = VECTOR('',#2855,1.);
#2855 = DIRECTION('',(0.,-1.,0.));
#2856 = ORIENTED_EDGE('',*,*,#2857,.T.);
#2857 = EDGE_CURVE('',#2850,#2858,#2860,.T.);
#2858 = VERTEX_POINT('',#2859);
#2859 = CARTESIAN_POINT('',(-53.,-21.49999999999,50.));
#2860 = LINE('',#2861,#2862);
#2861 = CARTESIAN_POINT('',(0.,-21.49999999999,50.));
#2862 = VECTOR('',#2863,1.);
#2863 = DIRECTION('',(-1.,-0.,-0.));
#2864 = ORIENTED_EDGE('',*,*,#2865,.T.);
#2865 = EDGE_CURVE('',#2858,#2244,#2866,.T.);
#2866 = LINE('',#2867,#2868);
#2867 = CARTESIAN_POINT('',(-53.,-10.74999999999,50.));
#2868 = VECTOR('',#2869,1.);
#2869 = DIRECTION('',(0.,-1.,0.));
#2870 = ORIENTED_EDGE('',*,*,#2251,.F.);
#2871 = ORIENTED_EDGE('',*,*,#1317,.F.);
#2872 = ORIENTED_EDGE('',*,*,#2802,.F.);
#2873 = PLANE('',#2874);
#2874 = AXIS2_PLACEMENT_3D('',#2875,#2876,#2877);
#2875 = CARTESIAN_POINT('',(0.,-21.49999999999,50.));
#2876 = DIRECTION('',(0.,0.,1.));
#2877 = DIRECTION('',(0.,-1.,0.));
#2878 = ADVANCED_FACE('',(#2879),#2913,.F.);
#2879 = FACE_BOUND('',#2880,.F.);
#2880 = EDGE_LOOP('',(#2881,#2891,#2899,#2905,#2906,#2907));
#2881 = ORIENTED_EDGE('',*,*,#2882,.F.);
#2882 = EDGE_CURVE('',#2883,#2885,#2887,.T.);
#2883 = VERTEX_POINT('',#2884);
#2884 = CARTESIAN_POINT('',(-44.,21.499999999992,9.));
#2885 = VERTEX_POINT('',#2886);
#2886 = CARTESIAN_POINT('',(-44.,40.499999999998,9.));
#2887 = LINE('',#2888,#2889);
#2888 = CARTESIAN_POINT('',(-44.,10.749999999996,9.));
#2889 = VECTOR('',#2890,1.);
#2890 = DIRECTION('',(0.,1.,0.));
#2891 = ORIENTED_EDGE('',*,*,#2892,.T.);
#2892 = EDGE_CURVE('',#2883,#2893,#2895,.T.);
#2893 = VERTEX_POINT('',#2894);
#2894 = CARTESIAN_POINT('',(-53.,21.499999999992,9.));
#2895 = LINE('',#2896,#2897);
#2896 = CARTESIAN_POINT('',(0.,21.499999999992,9.));
#2897 = VECTOR('',#2898,1.);
#2898 = DIRECTION('',(-1.,-0.,-0.));
#2899 = ORIENTED_EDGE('',*,*,#2900,.T.);
#2900 = EDGE_CURVE('',#2893,#2042,#2901,.T.);
#2901 = LINE('',#2902,#2903);
#2902 = CARTESIAN_POINT('',(-53.,10.749999999996,9.));
#2903 = VECTOR('',#2904,1.);
#2904 = DIRECTION('',(0.,1.,0.));
#2905 = ORIENTED_EDGE('',*,*,#2049,.F.);
#2906 = ORIENTED_EDGE('',*,*,#1367,.F.);
#2907 = ORIENTED_EDGE('',*,*,#2908,.F.);
#2908 = EDGE_CURVE('',#2885,#1359,#2909,.T.);
#2909 = LINE('',#2910,#2911);
#2910 = CARTESIAN_POINT('',(0.,40.499999999998,9.));
#2911 = VECTOR('',#2912,1.);
#2912 = DIRECTION('',(1.,0.,0.));
#2913 = PLANE('',#2914);
#2914 = AXIS2_PLACEMENT_3D('',#2915,#2916,#2917);
#2915 = CARTESIAN_POINT('',(0.,21.499999999992,9.));
#2916 = DIRECTION('',(0.,0.,-1.));
#2917 = DIRECTION('',(0.,1.,0.));
#2918 = ADVANCED_FACE('',(#2919),#2953,.F.);
#2919 = FACE_BOUND('',#2920,.F.);
#2920 = EDGE_LOOP('',(#2921,#2922,#2923,#2931,#2939,#2947));
#2921 = ORIENTED_EDGE('',*,*,#1333,.F.);
#2922 = ORIENTED_EDGE('',*,*,#2258,.T.);
#2923 = ORIENTED_EDGE('',*,*,#2924,.T.);
#2924 = EDGE_CURVE('',#2259,#2925,#2927,.T.);
#2925 = VERTEX_POINT('',#2926);
#2926 = CARTESIAN_POINT('',(-53.,-21.49999999999,9.));
#2927 = LINE('',#2928,#2929);
#2928 = CARTESIAN_POINT('',(-53.,-20.74999999999,9.));
#2929 = VECTOR('',#2930,1.);
#2930 = DIRECTION('',(0.,1.,0.));
#2931 = ORIENTED_EDGE('',*,*,#2932,.F.);
#2932 = EDGE_CURVE('',#2933,#2925,#2935,.T.);
#2933 = VERTEX_POINT('',#2934);
#2934 = CARTESIAN_POINT('',(-44.,-21.49999999999,9.));
#2935 = LINE('',#2936,#2937);
#2936 = CARTESIAN_POINT('',(0.,-21.49999999999,9.));
#2937 = VECTOR('',#2938,1.);
#2938 = DIRECTION('',(-1.,-0.,-0.));
#2939 = ORIENTED_EDGE('',*,*,#2940,.F.);
#2940 = EDGE_CURVE('',#2941,#2933,#2943,.T.);
#2941 = VERTEX_POINT('',#2942);
#2942 = CARTESIAN_POINT('',(-44.,-40.49999999999,9.));
#2943 = LINE('',#2944,#2945);
#2944 = CARTESIAN_POINT('',(-44.,-20.74999999999,9.));
#2945 = VECTOR('',#2946,1.);
#2946 = DIRECTION('',(0.,1.,0.));
#2947 = ORIENTED_EDGE('',*,*,#2948,.T.);
#2948 = EDGE_CURVE('',#2941,#1334,#2949,.T.);
#2949 = LINE('',#2950,#2951);
#2950 = CARTESIAN_POINT('',(0.,-40.49999999999,9.));
#2951 = VECTOR('',#2952,1.);
#2952 = DIRECTION('',(1.,0.,0.));
#2953 = PLANE('',#2954);
#2954 = AXIS2_PLACEMENT_3D('',#2955,#2956,#2957);
#2955 = CARTESIAN_POINT('',(0.,-41.49999999999,9.));
#2956 = DIRECTION('',(0.,0.,-1.));
#2957 = DIRECTION('',(0.,1.,0.));
#2958 = ADVANCED_FACE('',(#2959),#2978,.F.);
#2959 = FACE_BOUND('',#2960,.F.);
#2960 = EDGE_LOOP('',(#2961,#2962,#2970,#2977));
#2961 = ORIENTED_EDGE('',*,*,#1358,.F.);
#2962 = ORIENTED_EDGE('',*,*,#2963,.T.);
#2963 = EDGE_CURVE('',#1351,#2964,#2966,.T.);
#2964 = VERTEX_POINT('',#2965);
#2965 = CARTESIAN_POINT('',(-44.,39.,8.500000000001));
#2966 = LINE('',#2967,#2968);
#2967 = CARTESIAN_POINT('',(0.,39.,8.500000000001));
#2968 = VECTOR('',#2969,1.);
#2969 = DIRECTION('',(-1.,-0.,-0.));
#2970 = ORIENTED_EDGE('',*,*,#2971,.T.);
#2971 = EDGE_CURVE('',#2964,#2885,#2972,.T.);
#2972 = CIRCLE('',#2973,2.5);
#2973 = AXIS2_PLACEMENT_3D('',#2974,#2975,#2976);
#2974 = CARTESIAN_POINT('',(-44.,38.999999999999,11.000000000001));
#2975 = DIRECTION('',(1.,0.,0.));
#2976 = DIRECTION('',(0.,1.,0.));
#2977 = ORIENTED_EDGE('',*,*,#2908,.T.);
#2978 = CYLINDRICAL_SURFACE('',#2979,2.5);
#2979 = AXIS2_PLACEMENT_3D('',#2980,#2981,#2982);
#2980 = CARTESIAN_POINT('',(0.,38.999999999999,11.000000000001));
#2981 = DIRECTION('',(1.,0.,0.));
#2982 = DIRECTION('',(0.,1.,0.));
#2983 = ADVANCED_FACE('',(#2984),#3003,.F.);
#2984 = FACE_BOUND('',#2985,.F.);
#2985 = EDGE_LOOP('',(#2986,#2987,#2988,#2997));
#2986 = ORIENTED_EDGE('',*,*,#1341,.F.);
#2987 = ORIENTED_EDGE('',*,*,#2948,.F.);
#2988 = ORIENTED_EDGE('',*,*,#2989,.T.);
#2989 = EDGE_CURVE('',#2941,#2990,#2992,.T.);
#2990 = VERTEX_POINT('',#2991);
#2991 = CARTESIAN_POINT('',(-44.,-39.,8.500000000001));
#2992 = CIRCLE('',#2993,2.5);
#2993 = AXIS2_PLACEMENT_3D('',#2994,#2995,#2996);
#2994 = CARTESIAN_POINT('',(-44.,-38.99999999999,11.000000000001));
#2995 = DIRECTION('',(1.,0.,0.));
#2996 = DIRECTION('',(0.,1.,0.));
#2997 = ORIENTED_EDGE('',*,*,#2998,.F.);
#2998 = EDGE_CURVE('',#1342,#2990,#2999,.T.);
#2999 = LINE('',#3000,#3001);
#3000 = CARTESIAN_POINT('',(0.,-39.,8.500000000001));
#3001 = VECTOR('',#3002,1.);
#3002 = DIRECTION('',(-1.,-0.,-0.));
#3003 = CYLINDRICAL_SURFACE('',#3004,2.5);
#3004 = AXIS2_PLACEMENT_3D('',#3005,#3006,#3007);
#3005 = CARTESIAN_POINT('',(0.,-38.99999999999,11.000000000001));
#3006 = DIRECTION('',(1.,0.,0.));
#3007 = DIRECTION('',(0.,1.,0.));
#3008 = ADVANCED_FACE('',(#3009,#3052,#3063,#3074,#3085),#3096,.F.);
#3009 = FACE_BOUND('',#3010,.F.);
#3010 = EDGE_LOOP('',(#3011,#3012,#3013,#3021,#3029,#3037,#3045,#3051));
#3011 = ORIENTED_EDGE('',*,*,#1350,.F.);
#3012 = ORIENTED_EDGE('',*,*,#2998,.T.);
#3013 = ORIENTED_EDGE('',*,*,#3014,.T.);
#3014 = EDGE_CURVE('',#2990,#3015,#3017,.T.);
#3015 = VERTEX_POINT('',#3016);
#3016 = CARTESIAN_POINT('',(-44.,-21.49999999999,8.500000000001));
#3017 = LINE('',#3018,#3019);
#3018 = CARTESIAN_POINT('',(-44.,-39.,8.500000000001));
#3019 = VECTOR('',#3020,1.);
#3020 = DIRECTION('',(0.,1.,0.));
#3021 = ORIENTED_EDGE('',*,*,#3022,.T.);
#3022 = EDGE_CURVE('',#3015,#3023,#3025,.T.);
#3023 = VERTEX_POINT('',#3024);
#3024 = CARTESIAN_POINT('',(-40.,-21.49999999999,8.500000000001));
#3025 = LINE('',#3026,#3027);
#3026 = CARTESIAN_POINT('',(-26.,-21.49999999999,8.500000000001));
#3027 = VECTOR('',#3028,1.);
#3028 = DIRECTION('',(1.,0.,0.));
#3029 = ORIENTED_EDGE('',*,*,#3030,.F.);
#3030 = EDGE_CURVE('',#3031,#3023,#3033,.T.);
#3031 = VERTEX_POINT('',#3032);
#3032 = CARTESIAN_POINT('',(-40.,21.499999999992,8.500000000001));
#3033 = LINE('',#3034,#3035);
#3034 = CARTESIAN_POINT('',(-40.,-19.5,8.500000000001));
#3035 = VECTOR('',#3036,1.);
#3036 = DIRECTION('',(0.,-1.,0.));
#3037 = ORIENTED_EDGE('',*,*,#3038,.T.);
#3038 = EDGE_CURVE('',#3031,#3039,#3041,.T.);
#3039 = VERTEX_POINT('',#3040);
#3040 = CARTESIAN_POINT('',(-44.,21.499999999992,8.500000000001));
#3041 = LINE('',#3042,#3043);
#3042 = CARTESIAN_POINT('',(-26.,21.499999999992,8.500000000001));
#3043 = VECTOR('',#3044,1.);
#3044 = DIRECTION('',(-1.,-0.,-0.));
#3045 = ORIENTED_EDGE('',*,*,#3046,.T.);
#3046 = EDGE_CURVE('',#3039,#2964,#3047,.T.);
#3047 = LINE('',#3048,#3049);
#3048 = CARTESIAN_POINT('',(-44.,-39.,8.500000000001));
#3049 = VECTOR('',#3050,1.);
#3050 = DIRECTION('',(0.,1.,0.));
#3051 = ORIENTED_EDGE('',*,*,#2963,.F.);
#3052 = FACE_BOUND('',#3053,.F.);
#3053 = EDGE_LOOP('',(#3054));
#3054 = ORIENTED_EDGE('',*,*,#3055,.F.);
#3055 = EDGE_CURVE('',#3056,#3056,#3058,.T.);
#3056 = VERTEX_POINT('',#3057);
#3057 = CARTESIAN_POINT('',(-11.35,-22.,8.500000000001));
#3058 = CIRCLE('',#3059,1.65);
#3059 = AXIS2_PLACEMENT_3D('',#3060,#3061,#3062);
#3060 = CARTESIAN_POINT('',(-13.,-22.,8.500000000001));
#3061 = DIRECTION('',(0.,0.,-1.));
#3062 = DIRECTION('',(1.,0.,0.));
#3063 = FACE_BOUND('',#3064,.F.);
#3064 = EDGE_LOOP('',(#3065));
#3065 = ORIENTED_EDGE('',*,*,#3066,.F.);
#3066 = EDGE_CURVE('',#3067,#3067,#3069,.T.);
#3067 = VERTEX_POINT('',#3068);
#3068 = CARTESIAN_POINT('',(-11.35,22.,8.500000000001));
#3069 = CIRCLE('',#3070,1.65);
#3070 = AXIS2_PLACEMENT_3D('',#3071,#3072,#3073);
#3071 = CARTESIAN_POINT('',(-13.,22.,8.500000000001));
#3072 = DIRECTION('',(0.,0.,-1.));
#3073 = DIRECTION('',(1.,0.,0.));
#3074 = FACE_BOUND('',#3075,.F.);
#3075 = EDGE_LOOP('',(#3076));
#3076 = ORIENTED_EDGE('',*,*,#3077,.F.);
#3077 = EDGE_CURVE('',#3078,#3078,#3080,.T.);
#3078 = VERTEX_POINT('',#3079);
#3079 = CARTESIAN_POINT('',(-3.35,-22.,8.500000000001));
#3080 = CIRCLE('',#3081,1.65);
#3081 = AXIS2_PLACEMENT_3D('',#3082,#3083,#3084);
#3082 = CARTESIAN_POINT('',(-5.,-22.,8.500000000001));
#3083 = DIRECTION('',(0.,0.,-1.));
#3084 = DIRECTION('',(1.,0.,0.));
#3085 = FACE_BOUND('',#3086,.F.);
#3086 = EDGE_LOOP('',(#3087));
#3087 = ORIENTED_EDGE('',*,*,#3088,.F.);
#3088 = EDGE_CURVE('',#3089,#3089,#3091,.T.);
#3089 = VERTEX_POINT('',#3090);
#3090 = CARTESIAN_POINT('',(-3.35,22.,8.500000000001));
#3091 = CIRCLE('',#3092,1.65);
#3092 = AXIS2_PLACEMENT_3D('',#3093,#3094,#3095);
#3093 = CARTESIAN_POINT('',(-5.,22.,8.500000000001));
#3094 = DIRECTION('',(0.,0.,-1.));
#3095 = DIRECTION('',(1.,0.,0.));
#3096 = PLANE('',#3097);
#3097 = AXIS2_PLACEMENT_3D('',#3098,#3099,#3100);
#3098 = CARTESIAN_POINT('',(0.,-39.,8.500000000001));
#3099 = DIRECTION('',(0.,0.,-1.));
#3100 = DIRECTION('',(0.,1.,0.));
#3101 = ADVANCED_FACE('',(#3102,#3127,#3130),#3133,.F.);
#3102 = FACE_BOUND('',#3103,.F.);
#3103 = EDGE_LOOP('',(#3104,#3112,#3120,#3126));
#3104 = ORIENTED_EDGE('',*,*,#3105,.T.);
#3105 = EDGE_CURVE('',#1401,#3106,#3108,.T.);
#3106 = VERTEX_POINT('',#3107);
#3107 = CARTESIAN_POINT('',(-20.,-12.,57.5));
#3108 = LINE('',#3109,#3110);
#3109 = CARTESIAN_POINT('',(0.,-12.,57.5));
#3110 = VECTOR('',#3111,1.);
#3111 = DIRECTION('',(-1.,-0.,-0.));
#3112 = ORIENTED_EDGE('',*,*,#3113,.T.);
#3113 = EDGE_CURVE('',#3106,#3114,#3116,.T.);
#3114 = VERTEX_POINT('',#3115);
#3115 = CARTESIAN_POINT('',(-20.,-32.0000000001,57.5));
#3116 = LINE('',#3117,#3118);
#3117 = CARTESIAN_POINT('',(-20.,-12.,57.5));
#3118 = VECTOR('',#3119,1.);
#3119 = DIRECTION('',(0.,-1.,0.));
#3120 = ORIENTED_EDGE('',*,*,#3121,.F.);
#3121 = EDGE_CURVE('',#1403,#3114,#3122,.T.);
#3122 = LINE('',#3123,#3124);
#3123 = CARTESIAN_POINT('',(0.,-32.0000000001,57.5));
#3124 = VECTOR('',#3125,1.);
#3125 = DIRECTION('',(-1.,-0.,-0.));
#3126 = ORIENTED_EDGE('',*,*,#1400,.F.);
#3127 = FACE_BOUND('',#3128,.F.);
#3128 = EDGE_LOOP('',(#3129));
#3129 = ORIENTED_EDGE('',*,*,#1501,.T.);
#3130 = FACE_BOUND('',#3131,.F.);
#3131 = EDGE_LOOP('',(#3132));
#3132 = ORIENTED_EDGE('',*,*,#1526,.T.);
#3133 = PLANE('',#3134);
#3134 = AXIS2_PLACEMENT_3D('',#3135,#3136,#3137);
#3135 = CARTESIAN_POINT('',(0.,-12.,57.5));
#3136 = DIRECTION('',(0.,0.,1.));
#3137 = DIRECTION('',(0.,-1.,0.));
#3138 = ADVANCED_FACE('',(#3139),#3157,.F.);
#3139 = FACE_BOUND('',#3140,.F.);
#3140 = EDGE_LOOP('',(#3141,#3149,#3155,#3156));
#3141 = ORIENTED_EDGE('',*,*,#3142,.T.);
#3142 = EDGE_CURVE('',#1419,#3143,#3145,.T.);
#3143 = VERTEX_POINT('',#3144);
#3144 = CARTESIAN_POINT('',(-20.,-12.,53.5));
#3145 = LINE('',#3146,#3147);
#3146 = CARTESIAN_POINT('',(0.,-12.,53.5));
#3147 = VECTOR('',#3148,1.);
#3148 = DIRECTION('',(-1.,-0.,-0.));
#3149 = ORIENTED_EDGE('',*,*,#3150,.T.);
#3150 = EDGE_CURVE('',#3143,#3106,#3151,.T.);
#3151 = LINE('',#3152,#3153);
#3152 = CARTESIAN_POINT('',(-20.,-12.,53.5));
#3153 = VECTOR('',#3154,1.);
#3154 = DIRECTION('',(0.,0.,1.));
#3155 = ORIENTED_EDGE('',*,*,#3105,.F.);
#3156 = ORIENTED_EDGE('',*,*,#1426,.F.);
#3157 = PLANE('',#3158);
#3158 = AXIS2_PLACEMENT_3D('',#3159,#3160,#3161);
#3159 = CARTESIAN_POINT('',(0.,-12.,53.5));
#3160 = DIRECTION('',(0.,1.,0.));
#3161 = DIRECTION('',(0.,0.,1.));
#3162 = ADVANCED_FACE('',(#3163,#3181,#3192),#3203,.F.);
#3163 = FACE_BOUND('',#3164,.F.);
#3164 = EDGE_LOOP('',(#3165,#3173,#3179,#3180));
#3165 = ORIENTED_EDGE('',*,*,#3166,.T.);
#3166 = EDGE_CURVE('',#1411,#3167,#3169,.T.);
#3167 = VERTEX_POINT('',#3168);
#3168 = CARTESIAN_POINT('',(-20.,-32.0000000001,53.5));
#3169 = LINE('',#3170,#3171);
#3170 = CARTESIAN_POINT('',(0.,-32.0000000001,53.5));
#3171 = VECTOR('',#3172,1.);
#3172 = DIRECTION('',(-1.,-0.,-0.));
#3173 = ORIENTED_EDGE('',*,*,#3174,.T.);
#3174 = EDGE_CURVE('',#3167,#3143,#3175,.T.);
#3175 = LINE('',#3176,#3177);
#3176 = CARTESIAN_POINT('',(-20.,-32.0000000001,53.5));
#3177 = VECTOR('',#3178,1.);
#3178 = DIRECTION('',(0.,1.,0.));
#3179 = ORIENTED_EDGE('',*,*,#3142,.F.);
#3180 = ORIENTED_EDGE('',*,*,#1418,.F.);
#3181 = FACE_BOUND('',#3182,.F.);
#3182 = EDGE_LOOP('',(#3183));
#3183 = ORIENTED_EDGE('',*,*,#3184,.F.);
#3184 = EDGE_CURVE('',#3185,#3185,#3187,.T.);
#3185 = VERTEX_POINT('',#3186);
#3186 = CARTESIAN_POINT('',(-11.35,-22.,53.5));
#3187 = CIRCLE('',#3188,1.65);
#3188 = AXIS2_PLACEMENT_3D('',#3189,#3190,#3191);
#3189 = CARTESIAN_POINT('',(-13.,-22.,53.5));
#3190 = DIRECTION('',(0.,0.,-1.));
#3191 = DIRECTION('',(1.,0.,0.));
#3192 = FACE_BOUND('',#3193,.F.);
#3193 = EDGE_LOOP('',(#3194));
#3194 = ORIENTED_EDGE('',*,*,#3195,.F.);
#3195 = EDGE_CURVE('',#3196,#3196,#3198,.T.);
#3196 = VERTEX_POINT('',#3197);
#3197 = CARTESIAN_POINT('',(-3.35,-22.,53.5));
#3198 = CIRCLE('',#3199,1.65);
#3199 = AXIS2_PLACEMENT_3D('',#3200,#3201,#3202);
#3200 = CARTESIAN_POINT('',(-5.,-22.,53.5));
#3201 = DIRECTION('',(0.,0.,-1.));
#3202 = DIRECTION('',(1.,0.,0.));
#3203 = PLANE('',#3204);
#3204 = AXIS2_PLACEMENT_3D('',#3205,#3206,#3207);
#3205 = CARTESIAN_POINT('',(0.,-32.0000000001,53.5));
#3206 = DIRECTION('',(0.,0.,-1.));
#3207 = DIRECTION('',(0.,1.,0.));
#3208 = ADVANCED_FACE('',(#3209),#3220,.F.);
#3209 = FACE_BOUND('',#3210,.F.);
#3210 = EDGE_LOOP('',(#3211,#3212,#3218,#3219));
#3211 = ORIENTED_EDGE('',*,*,#3121,.T.);
#3212 = ORIENTED_EDGE('',*,*,#3213,.T.);
#3213 = EDGE_CURVE('',#3114,#3167,#3214,.T.);
#3214 = LINE('',#3215,#3216);
#3215 = CARTESIAN_POINT('',(-20.,-32.0000000001,57.5));
#3216 = VECTOR('',#3217,1.);
#3217 = DIRECTION('',(0.,0.,-1.));
#3218 = ORIENTED_EDGE('',*,*,#3166,.F.);
#3219 = ORIENTED_EDGE('',*,*,#1410,.F.);
#3220 = PLANE('',#3221);
#3221 = AXIS2_PLACEMENT_3D('',#3222,#3223,#3224);
#3222 = CARTESIAN_POINT('',(0.,-32.0000000001,57.5));
#3223 = DIRECTION('',(0.,-1.,0.));
#3224 = DIRECTION('',(0.,0.,-1.));
#3225 = ADVANCED_FACE('',(#3226,#3251,#3262),#3273,.F.);
#3226 = FACE_BOUND('',#3227,.F.);
#3227 = EDGE_LOOP('',(#3228,#3236,#3244,#3250));
#3228 = ORIENTED_EDGE('',*,*,#3229,.T.);
#3229 = EDGE_CURVE('',#1435,#3230,#3232,.T.);
#3230 = VERTEX_POINT('',#3231);
#3231 = CARTESIAN_POINT('',(-20.,-12.,6.5));
#3232 = LINE('',#3233,#3234);
#3233 = CARTESIAN_POINT('',(0.,-12.,6.5));
#3234 = VECTOR('',#3235,1.);
#3235 = DIRECTION('',(-1.,-0.,-0.));
#3236 = ORIENTED_EDGE('',*,*,#3237,.T.);
#3237 = EDGE_CURVE('',#3230,#3238,#3240,.T.);
#3238 = VERTEX_POINT('',#3239);
#3239 = CARTESIAN_POINT('',(-20.,-32.00000000004,6.5));
#3240 = LINE('',#3241,#3242);
#3241 = CARTESIAN_POINT('',(-20.,-12.,6.5));
#3242 = VECTOR('',#3243,1.);
#3243 = DIRECTION('',(0.,-1.,0.));
#3244 = ORIENTED_EDGE('',*,*,#3245,.F.);
#3245 = EDGE_CURVE('',#1437,#3238,#3246,.T.);
#3246 = LINE('',#3247,#3248);
#3247 = CARTESIAN_POINT('',(0.,-32.00000000004,6.5));
#3248 = VECTOR('',#3249,1.);
#3249 = DIRECTION('',(-1.,-0.,-0.));
#3250 = ORIENTED_EDGE('',*,*,#1434,.F.);
#3251 = FACE_BOUND('',#3252,.F.);
#3252 = EDGE_LOOP('',(#3253));
#3253 = ORIENTED_EDGE('',*,*,#3254,.T.);
#3254 = EDGE_CURVE('',#3255,#3255,#3257,.T.);
#3255 = VERTEX_POINT('',#3256);
#3256 = CARTESIAN_POINT('',(-11.35,-22.,6.5));
#3257 = CIRCLE('',#3258,1.65);
#3258 = AXIS2_PLACEMENT_3D('',#3259,#3260,#3261);
#3259 = CARTESIAN_POINT('',(-13.,-22.,6.5));
#3260 = DIRECTION('',(0.,0.,-1.));
#3261 = DIRECTION('',(1.,0.,0.));
#3262 = FACE_BOUND('',#3263,.F.);
#3263 = EDGE_LOOP('',(#3264));
#3264 = ORIENTED_EDGE('',*,*,#3265,.T.);
#3265 = EDGE_CURVE('',#3266,#3266,#3268,.T.);
#3266 = VERTEX_POINT('',#3267);
#3267 = CARTESIAN_POINT('',(-3.35,-22.,6.5));
#3268 = CIRCLE('',#3269,1.65);
#3269 = AXIS2_PLACEMENT_3D('',#3270,#3271,#3272);
#3270 = CARTESIAN_POINT('',(-5.,-22.,6.5));
#3271 = DIRECTION('',(0.,0.,-1.));
#3272 = DIRECTION('',(1.,0.,0.));
#3273 = PLANE('',#3274);
#3274 = AXIS2_PLACEMENT_3D('',#3275,#3276,#3277);
#3275 = CARTESIAN_POINT('',(0.,-12.,6.5));
#3276 = DIRECTION('',(0.,0.,1.));
#3277 = DIRECTION('',(0.,-1.,0.));
#3278 = ADVANCED_FACE('',(#3279),#3297,.F.);
#3279 = FACE_BOUND('',#3280,.F.);
#3280 = EDGE_LOOP('',(#3281,#3289,#3295,#3296));
#3281 = ORIENTED_EDGE('',*,*,#3282,.T.);
#3282 = EDGE_CURVE('',#1453,#3283,#3285,.T.);
#3283 = VERTEX_POINT('',#3284);
#3284 = CARTESIAN_POINT('',(-20.,-12.,2.5));
#3285 = LINE('',#3286,#3287);
#3286 = CARTESIAN_POINT('',(0.,-12.,2.5));
#3287 = VECTOR('',#3288,1.);
#3288 = DIRECTION('',(-1.,-0.,-0.));
#3289 = ORIENTED_EDGE('',*,*,#3290,.T.);
#3290 = EDGE_CURVE('',#3283,#3230,#3291,.T.);
#3291 = LINE('',#3292,#3293);
#3292 = CARTESIAN_POINT('',(-20.,-12.,2.5));
#3293 = VECTOR('',#3294,1.);
#3294 = DIRECTION('',(0.,0.,1.));
#3295 = ORIENTED_EDGE('',*,*,#3229,.F.);
#3296 = ORIENTED_EDGE('',*,*,#1460,.F.);
#3297 = PLANE('',#3298);
#3298 = AXIS2_PLACEMENT_3D('',#3299,#3300,#3301);
#3299 = CARTESIAN_POINT('',(0.,-12.,2.5));
#3300 = DIRECTION('',(0.,1.,0.));
#3301 = DIRECTION('',(0.,0.,1.));
#3302 = ADVANCED_FACE('',(#3303,#3321,#3324),#3327,.F.);
#3303 = FACE_BOUND('',#3304,.F.);
#3304 = EDGE_LOOP('',(#3305,#3313,#3319,#3320));
#3305 = ORIENTED_EDGE('',*,*,#3306,.T.);
#3306 = EDGE_CURVE('',#1445,#3307,#3309,.T.);
#3307 = VERTEX_POINT('',#3308);
#3308 = CARTESIAN_POINT('',(-20.,-32.00000000004,2.5));
#3309 = LINE('',#3310,#3311);
#3310 = CARTESIAN_POINT('',(0.,-32.00000000004,2.5));
#3311 = VECTOR('',#3312,1.);
#3312 = DIRECTION('',(-1.,-0.,-0.));
#3313 = ORIENTED_EDGE('',*,*,#3314,.T.);
#3314 = EDGE_CURVE('',#3307,#3283,#3315,.T.);
#3315 = LINE('',#3316,#3317);
#3316 = CARTESIAN_POINT('',(-20.,-32.00000000004,2.5));
#3317 = VECTOR('',#3318,1.);
#3318 = DIRECTION('',(0.,1.,0.));
#3319 = ORIENTED_EDGE('',*,*,#3282,.F.);
#3320 = ORIENTED_EDGE('',*,*,#1452,.F.);
#3321 = FACE_BOUND('',#3322,.F.);
#3322 = EDGE_LOOP('',(#3323));
#3323 = ORIENTED_EDGE('',*,*,#1650,.F.);
#3324 = FACE_BOUND('',#3325,.F.);
#3325 = EDGE_LOOP('',(#3326));
#3326 = ORIENTED_EDGE('',*,*,#1625,.F.);
#3327 = PLANE('',#3328);
#3328 = AXIS2_PLACEMENT_3D('',#3329,#3330,#3331);
#3329 = CARTESIAN_POINT('',(0.,-32.00000000004,2.5));
#3330 = DIRECTION('',(0.,0.,-1.));
#3331 = DIRECTION('',(0.,1.,0.));
#3332 = ADVANCED_FACE('',(#3333),#3344,.F.);
#3333 = FACE_BOUND('',#3334,.F.);
#3334 = EDGE_LOOP('',(#3335,#3336,#3342,#3343));
#3335 = ORIENTED_EDGE('',*,*,#3245,.T.);
#3336 = ORIENTED_EDGE('',*,*,#3337,.T.);
#3337 = EDGE_CURVE('',#3238,#3307,#3338,.T.);
#3338 = LINE('',#3339,#3340);
#3339 = CARTESIAN_POINT('',(-20.,-32.00000000004,6.5));
#3340 = VECTOR('',#3341,1.);
#3341 = DIRECTION('',(0.,0.,-1.));
#3342 = ORIENTED_EDGE('',*,*,#3306,.F.);
#3343 = ORIENTED_EDGE('',*,*,#1444,.F.);
#3344 = PLANE('',#3345);
#3345 = AXIS2_PLACEMENT_3D('',#3346,#3347,#3348);
#3346 = CARTESIAN_POINT('',(0.,-32.00000000004,6.5));
#3347 = DIRECTION('',(0.,-1.,0.));
#3348 = DIRECTION('',(0.,0.,-1.));
#3349 = ADVANCED_FACE('',(#3350),#3366,.F.);
#3350 = FACE_BOUND('',#3351,.F.);
#3351 = EDGE_LOOP('',(#3352,#3353,#3359,#3360));
#3352 = ORIENTED_EDGE('',*,*,#1731,.F.);
#3353 = ORIENTED_EDGE('',*,*,#3354,.T.);
#3354 = EDGE_CURVE('',#1732,#2346,#3355,.T.);
#3355 = LINE('',#3356,#3357);
#3356 = CARTESIAN_POINT('',(-52.,-49.9999789432,45.401389492229));
#3357 = VECTOR('',#3358,1.);
#3358 = DIRECTION('',(0.,1.,-2.2E-16));
#3359 = ORIENTED_EDGE('',*,*,#2354,.F.);
#3360 = ORIENTED_EDGE('',*,*,#3361,.F.);
#3361 = EDGE_CURVE('',#1734,#2355,#3362,.T.);
#3362 = LINE('',#3363,#3364);
#3363 = CARTESIAN_POINT('',(-52.,-49.9999789432,14.598610507771));
#3364 = VECTOR('',#3365,1.);
#3365 = DIRECTION('',(0.,1.,-2.2E-16));
#3366 = PLANE('',#3367);
#3367 = AXIS2_PLACEMENT_3D('',#3368,#3369,#3370);
#3368 = CARTESIAN_POINT('',(-52.,-49.9999789432,45.401389492229));
#3369 = DIRECTION('',(-1.,-0.,-6.9E-16));
#3370 = DIRECTION('',(6.9E-16,-2.2E-16,-1.));
#3371 = ADVANCED_FACE('',(#3372),#3383,.F.);
#3372 = FACE_BOUND('',#3373,.F.);
#3373 = EDGE_LOOP('',(#3374,#3375,#3376,#3377));
#3374 = ORIENTED_EDGE('',*,*,#1775,.F.);
#3375 = ORIENTED_EDGE('',*,*,#3361,.T.);
#3376 = ORIENTED_EDGE('',*,*,#2362,.T.);
#3377 = ORIENTED_EDGE('',*,*,#3378,.F.);
#3378 = EDGE_CURVE('',#1768,#2363,#3379,.T.);
#3379 = LINE('',#3380,#3381);
#3380 = CARTESIAN_POINT('',(-51.,-49.9999789432,13.598610507771));
#3381 = VECTOR('',#3382,1.);
#3382 = DIRECTION('',(0.,1.,-2.2E-16));
#3383 = CYLINDRICAL_SURFACE('',#3384,1.);
#3384 = AXIS2_PLACEMENT_3D('',#3385,#3386,#3387);
#3385 = CARTESIAN_POINT('',(-51.,-49.9999789432,14.598610507771));
#3386 = DIRECTION('',(0.,-1.,2.2E-16));
#3387 = DIRECTION('',(1.,0.,0.));
#3388 = ADVANCED_FACE('',(#3389),#3400,.F.);
#3389 = FACE_BOUND('',#3390,.F.);
#3390 = EDGE_LOOP('',(#3391,#3392,#3393,#3394));
#3391 = ORIENTED_EDGE('',*,*,#1767,.F.);
#3392 = ORIENTED_EDGE('',*,*,#3378,.T.);
#3393 = ORIENTED_EDGE('',*,*,#2371,.T.);
#3394 = ORIENTED_EDGE('',*,*,#3395,.F.);
#3395 = EDGE_CURVE('',#1759,#2372,#3396,.T.);
#3396 = LINE('',#3397,#3398);
#3397 = CARTESIAN_POINT('',(-23.17189850907,-49.9999789432,
    13.598610507771));
#3398 = VECTOR('',#3399,1.);
#3399 = DIRECTION('',(0.,1.,-2.2E-16));
#3400 = PLANE('',#3401);
#3401 = AXIS2_PLACEMENT_3D('',#3402,#3403,#3404);
#3402 = CARTESIAN_POINT('',(-51.,-49.9999789432,13.598610507771));
#3403 = DIRECTION('',(0.,-2.2E-16,-1.));
#3404 = DIRECTION('',(1.,0.,0.));
#3405 = ADVANCED_FACE('',(#3406),#3417,.F.);
#3406 = FACE_BOUND('',#3407,.F.);
#3407 = EDGE_LOOP('',(#3408,#3409,#3410,#3411));
#3408 = ORIENTED_EDGE('',*,*,#1758,.F.);
#3409 = ORIENTED_EDGE('',*,*,#3395,.T.);
#3410 = ORIENTED_EDGE('',*,*,#2379,.T.);
#3411 = ORIENTED_EDGE('',*,*,#3412,.F.);
#3412 = EDGE_CURVE('',#1751,#2338,#3413,.T.);
#3413 = LINE('',#3414,#3415);
#3414 = CARTESIAN_POINT('',(-22.42987060225,-49.9999789432,
    15.268979499819));
#3415 = VECTOR('',#3416,1.);
#3416 = DIRECTION('',(0.,1.,-2.2E-16));
#3417 = CYLINDRICAL_SURFACE('',#3418,1.);
#3418 = AXIS2_PLACEMENT_3D('',#3419,#3420,#3421);
#3419 = CARTESIAN_POINT('',(-23.17189850907,-49.9999789432,
    14.598610507771));
#3420 = DIRECTION('',(0.,-1.,2.2E-16));
#3421 = DIRECTION('',(1.,0.,0.));
#3422 = ADVANCED_FACE('',(#3423),#3434,.F.);
#3423 = FACE_BOUND('',#3424,.F.);
#3424 = EDGE_LOOP('',(#3425,#3426,#3427,#3428));
#3425 = ORIENTED_EDGE('',*,*,#1750,.F.);
#3426 = ORIENTED_EDGE('',*,*,#3412,.T.);
#3427 = ORIENTED_EDGE('',*,*,#2335,.F.);
#3428 = ORIENTED_EDGE('',*,*,#3429,.F.);
#3429 = EDGE_CURVE('',#1742,#2336,#3430,.T.);
#3430 = LINE('',#3431,#3432);
#3431 = CARTESIAN_POINT('',(-50.25797209318,-49.9999789432,
    46.071758484277));
#3432 = VECTOR('',#3433,1.);
#3433 = DIRECTION('',(0.,1.,-2.2E-16));
#3434 = PLANE('',#3435);
#3435 = AXIS2_PLACEMENT_3D('',#3436,#3437,#3438);
#3436 = CARTESIAN_POINT('',(-22.42987060225,-49.9999789432,
    15.268979499819));
#3437 = DIRECTION('',(0.74202790682,1.5E-16,0.670368992048));
#3438 = DIRECTION('',(-0.670368992048,1.6E-16,0.74202790682));
#3439 = ADVANCED_FACE('',(#3440),#3446,.F.);
#3440 = FACE_BOUND('',#3441,.F.);
#3441 = EDGE_LOOP('',(#3442,#3443,#3444,#3445));
#3442 = ORIENTED_EDGE('',*,*,#1741,.F.);
#3443 = ORIENTED_EDGE('',*,*,#3429,.T.);
#3444 = ORIENTED_EDGE('',*,*,#2345,.T.);
#3445 = ORIENTED_EDGE('',*,*,#3354,.F.);
#3446 = CYLINDRICAL_SURFACE('',#3447,1.);
#3447 = AXIS2_PLACEMENT_3D('',#3448,#3449,#3450);
#3448 = CARTESIAN_POINT('',(-51.,-49.9999789432,45.401389492229));
#3449 = DIRECTION('',(0.,-1.,2.2E-16));
#3450 = DIRECTION('',(1.,0.,0.));
#3451 = ADVANCED_FACE('',(#3452),#3468,.F.);
#3452 = FACE_BOUND('',#3453,.F.);
#3453 = EDGE_LOOP('',(#3454,#3455,#3461,#3462));
#3454 = ORIENTED_EDGE('',*,*,#1784,.F.);
#3455 = ORIENTED_EDGE('',*,*,#3456,.T.);
#3456 = EDGE_CURVE('',#1785,#2283,#3457,.T.);
#3457 = LINE('',#3458,#3459);
#3458 = CARTESIAN_POINT('',(-37.01435933158,-49.9999789432,
    46.329631007952));
#3459 = VECTOR('',#3460,1.);
#3460 = DIRECTION('',(0.,1.,-2.2E-16));
#3461 = ORIENTED_EDGE('',*,*,#2282,.T.);
#3462 = ORIENTED_EDGE('',*,*,#3463,.F.);
#3463 = EDGE_CURVE('',#1787,#2285,#3464,.T.);
#3464 = LINE('',#3465,#3466);
#3465 = CARTESIAN_POINT('',(-7.742027906822,-49.9999789432,
    13.928241515724));
#3466 = VECTOR('',#3467,1.);
#3467 = DIRECTION('',(0.,1.,-2.2E-16));
#3468 = PLANE('',#3469);
#3469 = AXIS2_PLACEMENT_3D('',#3470,#3471,#3472);
#3470 = CARTESIAN_POINT('',(-37.01435933158,-49.9999789432,
    46.329631007952));
#3471 = DIRECTION('',(-0.74202790682,-1.5E-16,-0.670368992048));
#3472 = DIRECTION('',(0.670368992048,-1.6E-16,-0.74202790682));
#3473 = ADVANCED_FACE('',(#3474),#3485,.F.);
#3474 = FACE_BOUND('',#3475,.F.);
#3475 = EDGE_LOOP('',(#3476,#3477,#3478,#3479));
#3476 = ORIENTED_EDGE('',*,*,#1828,.F.);
#3477 = ORIENTED_EDGE('',*,*,#3463,.T.);
#3478 = ORIENTED_EDGE('',*,*,#2292,.T.);
#3479 = ORIENTED_EDGE('',*,*,#3480,.F.);
#3480 = EDGE_CURVE('',#1821,#2293,#3481,.T.);
#3481 = LINE('',#3482,#3483);
#3482 = CARTESIAN_POINT('',(-6.,-49.9999789432,14.598610507771));
#3483 = VECTOR('',#3484,1.);
#3484 = DIRECTION('',(0.,1.,-2.2E-16));
#3485 = CYLINDRICAL_SURFACE('',#3486,1.);
#3486 = AXIS2_PLACEMENT_3D('',#3487,#3488,#3489);
#3487 = CARTESIAN_POINT('',(-7.,-49.9999789432,14.598610507771));
#3488 = DIRECTION('',(0.,-1.,2.2E-16));
#3489 = DIRECTION('',(1.,0.,0.));
#3490 = ADVANCED_FACE('',(#3491),#3502,.F.);
#3491 = FACE_BOUND('',#3492,.F.);
#3492 = EDGE_LOOP('',(#3493,#3494,#3495,#3496));
#3493 = ORIENTED_EDGE('',*,*,#1820,.F.);
#3494 = ORIENTED_EDGE('',*,*,#3480,.T.);
#3495 = ORIENTED_EDGE('',*,*,#2301,.T.);
#3496 = ORIENTED_EDGE('',*,*,#3497,.F.);
#3497 = EDGE_CURVE('',#1812,#2302,#3498,.T.);
#3498 = LINE('',#3499,#3500);
#3499 = CARTESIAN_POINT('',(-6.,-49.9999789432,47.));
#3500 = VECTOR('',#3501,1.);
#3501 = DIRECTION('',(0.,1.,-2.2E-16));
#3502 = PLANE('',#3503);
#3503 = AXIS2_PLACEMENT_3D('',#3504,#3505,#3506);
#3504 = CARTESIAN_POINT('',(-6.,-49.9999789432,14.598610507771));
#3505 = DIRECTION('',(1.,0.,-3.E-17));
#3506 = DIRECTION('',(3.E-17,2.2E-16,1.));
#3507 = ADVANCED_FACE('',(#3508),#3519,.F.);
#3508 = FACE_BOUND('',#3509,.F.);
#3509 = EDGE_LOOP('',(#3510,#3511,#3512,#3513));
#3510 = ORIENTED_EDGE('',*,*,#1811,.F.);
#3511 = ORIENTED_EDGE('',*,*,#3497,.T.);
#3512 = ORIENTED_EDGE('',*,*,#2309,.T.);
#3513 = ORIENTED_EDGE('',*,*,#3514,.F.);
#3514 = EDGE_CURVE('',#1804,#2310,#3515,.T.);
#3515 = LINE('',#3516,#3517);
#3516 = CARTESIAN_POINT('',(-7.,-49.9999789432,48.));
#3517 = VECTOR('',#3518,1.);
#3518 = DIRECTION('',(0.,1.,-2.2E-16));
#3519 = CYLINDRICAL_SURFACE('',#3520,1.);
#3520 = AXIS2_PLACEMENT_3D('',#3521,#3522,#3523);
#3521 = CARTESIAN_POINT('',(-7.,-49.9999789432,47.));
#3522 = DIRECTION('',(0.,-1.,2.2E-16));
#3523 = DIRECTION('',(1.,0.,0.));
#3524 = ADVANCED_FACE('',(#3525),#3536,.F.);
#3525 = FACE_BOUND('',#3526,.F.);
#3526 = EDGE_LOOP('',(#3527,#3528,#3529,#3530));
#3527 = ORIENTED_EDGE('',*,*,#1803,.F.);
#3528 = ORIENTED_EDGE('',*,*,#3514,.T.);
#3529 = ORIENTED_EDGE('',*,*,#2318,.T.);
#3530 = ORIENTED_EDGE('',*,*,#3531,.F.);
#3531 = EDGE_CURVE('',#1795,#2319,#3532,.T.);
#3532 = LINE('',#3533,#3534);
#3533 = CARTESIAN_POINT('',(-36.27233142476,-49.9999789432,48.));
#3534 = VECTOR('',#3535,1.);
#3535 = DIRECTION('',(0.,1.,-2.2E-16));
#3536 = PLANE('',#3537);
#3537 = AXIS2_PLACEMENT_3D('',#3538,#3539,#3540);
#3538 = CARTESIAN_POINT('',(-7.,-49.9999789432,48.));
#3539 = DIRECTION('',(0.,2.2E-16,1.));
#3540 = DIRECTION('',(-1.,0.,0.));
#3541 = ADVANCED_FACE('',(#3542),#3548,.F.);
#3542 = FACE_BOUND('',#3543,.F.);
#3543 = EDGE_LOOP('',(#3544,#3545,#3546,#3547));
#3544 = ORIENTED_EDGE('',*,*,#1794,.F.);
#3545 = ORIENTED_EDGE('',*,*,#3531,.T.);
#3546 = ORIENTED_EDGE('',*,*,#2326,.T.);
#3547 = ORIENTED_EDGE('',*,*,#3456,.F.);
#3548 = CYLINDRICAL_SURFACE('',#3549,1.);
#3549 = AXIS2_PLACEMENT_3D('',#3550,#3551,#3552);
#3550 = CARTESIAN_POINT('',(-36.27233142476,-49.9999789432,47.));
#3551 = DIRECTION('',(0.,-1.,2.2E-16));
#3552 = DIRECTION('',(1.,0.,0.));
#3553 = ADVANCED_FACE('',(#3554),#3570,.F.);
#3554 = FACE_BOUND('',#3555,.F.);
#3555 = EDGE_LOOP('',(#3556,#3557,#3563,#3564));
#3556 = ORIENTED_EDGE('',*,*,#2129,.F.);
#3557 = ORIENTED_EDGE('',*,*,#3558,.T.);
#3558 = EDGE_CURVE('',#2130,#1852,#3559,.T.);
#3559 = LINE('',#3560,#3561);
#3560 = CARTESIAN_POINT('',(-52.,-49.9999789432,45.401389492229));
#3561 = VECTOR('',#3562,1.);
#3562 = DIRECTION('',(0.,1.,-2.2E-16));
#3563 = ORIENTED_EDGE('',*,*,#1849,.F.);
#3564 = ORIENTED_EDGE('',*,*,#3565,.F.);
#3565 = EDGE_CURVE('',#2121,#1850,#3566,.T.);
#3566 = LINE('',#3567,#3568);
#3567 = CARTESIAN_POINT('',(-52.,-49.9999789432,14.598610507771));
#3568 = VECTOR('',#3569,1.);
#3569 = DIRECTION('',(0.,1.,-2.2E-16));
#3570 = PLANE('',#3571);
#3571 = AXIS2_PLACEMENT_3D('',#3572,#3573,#3574);
#3572 = CARTESIAN_POINT('',(-52.,-49.9999789432,45.401389492229));
#3573 = DIRECTION('',(-1.,-0.,-6.9E-16));
#3574 = DIRECTION('',(6.9E-16,-2.2E-16,-1.));
#3575 = ADVANCED_FACE('',(#3576),#3587,.F.);
#3576 = FACE_BOUND('',#3577,.F.);
#3577 = EDGE_LOOP('',(#3578,#3579,#3585,#3586));
#3578 = ORIENTED_EDGE('',*,*,#2137,.F.);
#3579 = ORIENTED_EDGE('',*,*,#3580,.T.);
#3580 = EDGE_CURVE('',#2138,#1886,#3581,.T.);
#3581 = LINE('',#3582,#3583);
#3582 = CARTESIAN_POINT('',(-50.25797209318,-49.9999789432,
    46.071758484277));
#3583 = VECTOR('',#3584,1.);
#3584 = DIRECTION('',(0.,1.,-2.2E-16));
#3585 = ORIENTED_EDGE('',*,*,#1893,.T.);
#3586 = ORIENTED_EDGE('',*,*,#3558,.F.);
#3587 = CYLINDRICAL_SURFACE('',#3588,1.);
#3588 = AXIS2_PLACEMENT_3D('',#3589,#3590,#3591);
#3589 = CARTESIAN_POINT('',(-51.,-49.9999789432,45.401389492229));
#3590 = DIRECTION('',(0.,-1.,2.2E-16));
#3591 = DIRECTION('',(1.,0.,0.));
#3592 = ADVANCED_FACE('',(#3593),#3604,.F.);
#3593 = FACE_BOUND('',#3594,.F.);
#3594 = EDGE_LOOP('',(#3595,#3596,#3597,#3603));
#3595 = ORIENTED_EDGE('',*,*,#3580,.F.);
#3596 = ORIENTED_EDGE('',*,*,#2146,.T.);
#3597 = ORIENTED_EDGE('',*,*,#3598,.T.);
#3598 = EDGE_CURVE('',#2147,#1877,#3599,.T.);
#3599 = LINE('',#3600,#3601);
#3600 = CARTESIAN_POINT('',(-22.42987060225,-49.9999789432,
    15.268979499819));
#3601 = VECTOR('',#3602,1.);
#3602 = DIRECTION('',(0.,1.,-2.2E-16));
#3603 = ORIENTED_EDGE('',*,*,#1885,.F.);
#3604 = PLANE('',#3605);
#3605 = AXIS2_PLACEMENT_3D('',#3606,#3607,#3608);
#3606 = CARTESIAN_POINT('',(-22.42987060225,-49.9999789432,
    15.268979499819));
#3607 = DIRECTION('',(0.74202790682,1.5E-16,0.670368992048));
#3608 = DIRECTION('',(-0.670368992048,1.6E-16,0.74202790682));
#3609 = ADVANCED_FACE('',(#3610),#3621,.F.);
#3610 = FACE_BOUND('',#3611,.F.);
#3611 = EDGE_LOOP('',(#3612,#3613,#3619,#3620));
#3612 = ORIENTED_EDGE('',*,*,#2154,.F.);
#3613 = ORIENTED_EDGE('',*,*,#3614,.T.);
#3614 = EDGE_CURVE('',#2113,#1869,#3615,.T.);
#3615 = LINE('',#3616,#3617);
#3616 = CARTESIAN_POINT('',(-23.17189850907,-49.9999789432,
    13.598610507771));
#3617 = VECTOR('',#3618,1.);
#3618 = DIRECTION('',(0.,1.,-2.2E-16));
#3619 = ORIENTED_EDGE('',*,*,#1876,.T.);
#3620 = ORIENTED_EDGE('',*,*,#3598,.F.);
#3621 = CYLINDRICAL_SURFACE('',#3622,1.);
#3622 = AXIS2_PLACEMENT_3D('',#3623,#3624,#3625);
#3623 = CARTESIAN_POINT('',(-23.17189850907,-49.9999789432,
    14.598610507771));
#3624 = DIRECTION('',(0.,-1.,2.2E-16));
#3625 = DIRECTION('',(1.,0.,0.));
#3626 = ADVANCED_FACE('',(#3627),#3638,.F.);
#3627 = FACE_BOUND('',#3628,.F.);
#3628 = EDGE_LOOP('',(#3629,#3630,#3636,#3637));
#3629 = ORIENTED_EDGE('',*,*,#2110,.F.);
#3630 = ORIENTED_EDGE('',*,*,#3631,.T.);
#3631 = EDGE_CURVE('',#2111,#1860,#3632,.T.);
#3632 = LINE('',#3633,#3634);
#3633 = CARTESIAN_POINT('',(-51.,-49.9999789432,13.598610507771));
#3634 = VECTOR('',#3635,1.);
#3635 = DIRECTION('',(0.,1.,-2.2E-16));
#3636 = ORIENTED_EDGE('',*,*,#1868,.F.);
#3637 = ORIENTED_EDGE('',*,*,#3614,.F.);
#3638 = PLANE('',#3639);
#3639 = AXIS2_PLACEMENT_3D('',#3640,#3641,#3642);
#3640 = CARTESIAN_POINT('',(-51.,-49.9999789432,13.598610507771));
#3641 = DIRECTION('',(0.,-2.2E-16,-1.));
#3642 = DIRECTION('',(1.,0.,0.));
#3643 = ADVANCED_FACE('',(#3644),#3650,.F.);
#3644 = FACE_BOUND('',#3645,.F.);
#3645 = EDGE_LOOP('',(#3646,#3647,#3648,#3649));
#3646 = ORIENTED_EDGE('',*,*,#2120,.F.);
#3647 = ORIENTED_EDGE('',*,*,#3565,.T.);
#3648 = ORIENTED_EDGE('',*,*,#1859,.T.);
#3649 = ORIENTED_EDGE('',*,*,#3631,.F.);
#3650 = CYLINDRICAL_SURFACE('',#3651,1.);
#3651 = AXIS2_PLACEMENT_3D('',#3652,#3653,#3654);
#3652 = CARTESIAN_POINT('',(-51.,-49.9999789432,14.598610507771));
#3653 = DIRECTION('',(0.,-1.,2.2E-16));
#3654 = DIRECTION('',(1.,0.,0.));
#3655 = ADVANCED_FACE('',(#3656),#3672,.F.);
#3656 = FACE_BOUND('',#3657,.F.);
#3657 = EDGE_LOOP('',(#3658,#3659,#3665,#3666));
#3658 = ORIENTED_EDGE('',*,*,#2057,.T.);
#3659 = ORIENTED_EDGE('',*,*,#3660,.T.);
#3660 = EDGE_CURVE('',#2060,#1905,#3661,.T.);
#3661 = LINE('',#3662,#3663);
#3662 = CARTESIAN_POINT('',(-37.01435933158,-49.9999789432,
    46.329631007952));
#3663 = VECTOR('',#3664,1.);
#3664 = DIRECTION('',(0.,1.,-2.2E-16));
#3665 = ORIENTED_EDGE('',*,*,#1902,.F.);
#3666 = ORIENTED_EDGE('',*,*,#3667,.F.);
#3667 = EDGE_CURVE('',#2058,#1903,#3668,.T.);
#3668 = LINE('',#3669,#3670);
#3669 = CARTESIAN_POINT('',(-7.742027906822,-49.9999789432,
    13.928241515724));
#3670 = VECTOR('',#3671,1.);
#3671 = DIRECTION('',(0.,1.,-2.2E-16));
#3672 = PLANE('',#3673);
#3673 = AXIS2_PLACEMENT_3D('',#3674,#3675,#3676);
#3674 = CARTESIAN_POINT('',(-37.01435933158,-49.9999789432,
    46.329631007952));
#3675 = DIRECTION('',(-0.74202790682,-1.5E-16,-0.670368992048));
#3676 = DIRECTION('',(0.670368992048,-1.6E-16,-0.74202790682));
#3677 = ADVANCED_FACE('',(#3678),#3689,.F.);
#3678 = FACE_BOUND('',#3679,.F.);
#3679 = EDGE_LOOP('',(#3680,#3681,#3687,#3688));
#3680 = ORIENTED_EDGE('',*,*,#2067,.F.);
#3681 = ORIENTED_EDGE('',*,*,#3682,.T.);
#3682 = EDGE_CURVE('',#2068,#1939,#3683,.T.);
#3683 = LINE('',#3684,#3685);
#3684 = CARTESIAN_POINT('',(-36.27233142476,-49.9999789432,48.));
#3685 = VECTOR('',#3686,1.);
#3686 = DIRECTION('',(0.,1.,-2.2E-16));
#3687 = ORIENTED_EDGE('',*,*,#1946,.T.);
#3688 = ORIENTED_EDGE('',*,*,#3660,.F.);
#3689 = CYLINDRICAL_SURFACE('',#3690,1.);
#3690 = AXIS2_PLACEMENT_3D('',#3691,#3692,#3693);
#3691 = CARTESIAN_POINT('',(-36.27233142476,-49.9999789432,47.));
#3692 = DIRECTION('',(0.,-1.,2.2E-16));
#3693 = DIRECTION('',(1.,0.,0.));
#3694 = ADVANCED_FACE('',(#3695),#3706,.F.);
#3695 = FACE_BOUND('',#3696,.F.);
#3696 = EDGE_LOOP('',(#3697,#3698,#3704,#3705));
#3697 = ORIENTED_EDGE('',*,*,#2076,.T.);
#3698 = ORIENTED_EDGE('',*,*,#3699,.T.);
#3699 = EDGE_CURVE('',#2077,#1930,#3700,.T.);
#3700 = LINE('',#3701,#3702);
#3701 = CARTESIAN_POINT('',(-7.,-49.9999789432,48.));
#3702 = VECTOR('',#3703,1.);
#3703 = DIRECTION('',(0.,1.,-2.2E-16));
#3704 = ORIENTED_EDGE('',*,*,#1938,.F.);
#3705 = ORIENTED_EDGE('',*,*,#3682,.F.);
#3706 = PLANE('',#3707);
#3707 = AXIS2_PLACEMENT_3D('',#3708,#3709,#3710);
#3708 = CARTESIAN_POINT('',(-7.,-49.9999789432,48.));
#3709 = DIRECTION('',(0.,2.2E-16,1.));
#3710 = DIRECTION('',(-1.,0.,0.));
#3711 = ADVANCED_FACE('',(#3712),#3723,.F.);
#3712 = FACE_BOUND('',#3713,.F.);
#3713 = EDGE_LOOP('',(#3714,#3715,#3721,#3722));
#3714 = ORIENTED_EDGE('',*,*,#2084,.F.);
#3715 = ORIENTED_EDGE('',*,*,#3716,.T.);
#3716 = EDGE_CURVE('',#2085,#1922,#3717,.T.);
#3717 = LINE('',#3718,#3719);
#3718 = CARTESIAN_POINT('',(-6.,-49.9999789432,47.));
#3719 = VECTOR('',#3720,1.);
#3720 = DIRECTION('',(0.,1.,-2.2E-16));
#3721 = ORIENTED_EDGE('',*,*,#1929,.T.);
#3722 = ORIENTED_EDGE('',*,*,#3699,.F.);
#3723 = CYLINDRICAL_SURFACE('',#3724,1.);
#3724 = AXIS2_PLACEMENT_3D('',#3725,#3726,#3727);
#3725 = CARTESIAN_POINT('',(-7.,-49.9999789432,47.));
#3726 = DIRECTION('',(0.,-1.,2.2E-16));
#3727 = DIRECTION('',(1.,0.,0.));
#3728 = ADVANCED_FACE('',(#3729),#3740,.F.);
#3729 = FACE_BOUND('',#3730,.F.);
#3730 = EDGE_LOOP('',(#3731,#3732,#3738,#3739));
#3731 = ORIENTED_EDGE('',*,*,#2093,.T.);
#3732 = ORIENTED_EDGE('',*,*,#3733,.T.);
#3733 = EDGE_CURVE('',#2094,#1913,#3734,.T.);
#3734 = LINE('',#3735,#3736);
#3735 = CARTESIAN_POINT('',(-6.,-49.9999789432,14.598610507771));
#3736 = VECTOR('',#3737,1.);
#3737 = DIRECTION('',(0.,1.,-2.2E-16));
#3738 = ORIENTED_EDGE('',*,*,#1921,.F.);
#3739 = ORIENTED_EDGE('',*,*,#3716,.F.);
#3740 = PLANE('',#3741);
#3741 = AXIS2_PLACEMENT_3D('',#3742,#3743,#3744);
#3742 = CARTESIAN_POINT('',(-6.,-49.9999789432,14.598610507771));
#3743 = DIRECTION('',(1.,0.,-3.E-17));
#3744 = DIRECTION('',(3.E-17,2.2E-16,1.));
#3745 = ADVANCED_FACE('',(#3746),#3752,.F.);
#3746 = FACE_BOUND('',#3747,.F.);
#3747 = EDGE_LOOP('',(#3748,#3749,#3750,#3751));
#3748 = ORIENTED_EDGE('',*,*,#2101,.F.);
#3749 = ORIENTED_EDGE('',*,*,#3667,.T.);
#3750 = ORIENTED_EDGE('',*,*,#1912,.T.);
#3751 = ORIENTED_EDGE('',*,*,#3733,.F.);
#3752 = CYLINDRICAL_SURFACE('',#3753,1.);
#3753 = AXIS2_PLACEMENT_3D('',#3754,#3755,#3756);
#3754 = CARTESIAN_POINT('',(-7.,-49.9999789432,14.598610507771));
#3755 = DIRECTION('',(0.,-1.,2.2E-16));
#3756 = DIRECTION('',(1.,0.,0.));
#3757 = ADVANCED_FACE('',(#3758,#3773,#3784,#3795,#3806),#3817,.F.);
#3758 = FACE_BOUND('',#3759,.F.);
#3759 = EDGE_LOOP('',(#3760,#3761,#3762,#3763,#3764,#3770,#3771,#3772));
#3760 = ORIENTED_EDGE('',*,*,#1969,.F.);
#3761 = ORIENTED_EDGE('',*,*,#2000,.F.);
#3762 = ORIENTED_EDGE('',*,*,#2041,.F.);
#3763 = ORIENTED_EDGE('',*,*,#2900,.F.);
#3764 = ORIENTED_EDGE('',*,*,#3765,.F.);
#3765 = EDGE_CURVE('',#2819,#2893,#3766,.T.);
#3766 = LINE('',#3767,#3768);
#3767 = CARTESIAN_POINT('',(-53.,21.499999999992,40.25));
#3768 = VECTOR('',#3769,1.);
#3769 = DIRECTION('',(0.,0.,-1.));
#3770 = ORIENTED_EDGE('',*,*,#2818,.F.);
#3771 = ORIENTED_EDGE('',*,*,#2025,.F.);
#3772 = ORIENTED_EDGE('',*,*,#2170,.F.);
#3773 = FACE_BOUND('',#3774,.F.);
#3774 = EDGE_LOOP('',(#3775));
#3775 = ORIENTED_EDGE('',*,*,#3776,.T.);
#3776 = EDGE_CURVE('',#3777,#3777,#3779,.T.);
#3777 = VERTEX_POINT('',#3778);
#3778 = CARTESIAN_POINT('',(-53.,36.5,7.6));
#3779 = CIRCLE('',#3780,1.6);
#3780 = AXIS2_PLACEMENT_3D('',#3781,#3782,#3783);
#3781 = CARTESIAN_POINT('',(-53.,36.5,6.));
#3782 = DIRECTION('',(-1.,0.,0.));
#3783 = DIRECTION('',(0.,0.,1.));
#3784 = FACE_BOUND('',#3785,.F.);
#3785 = EDGE_LOOP('',(#3786));
#3786 = ORIENTED_EDGE('',*,*,#3787,.T.);
#3787 = EDGE_CURVE('',#3788,#3788,#3790,.T.);
#3788 = VERTEX_POINT('',#3789);
#3789 = CARTESIAN_POINT('',(-53.,36.5,55.6));
#3790 = CIRCLE('',#3791,1.6);
#3791 = AXIS2_PLACEMENT_3D('',#3792,#3793,#3794);
#3792 = CARTESIAN_POINT('',(-53.,36.5,54.));
#3793 = DIRECTION('',(-1.,0.,0.));
#3794 = DIRECTION('',(0.,0.,1.));
#3795 = FACE_BOUND('',#3796,.F.);
#3796 = EDGE_LOOP('',(#3797));
#3797 = ORIENTED_EDGE('',*,*,#3798,.T.);
#3798 = EDGE_CURVE('',#3799,#3799,#3801,.T.);
#3799 = VERTEX_POINT('',#3800);
#3800 = CARTESIAN_POINT('',(-53.,27.,7.6));
#3801 = CIRCLE('',#3802,1.6);
#3802 = AXIS2_PLACEMENT_3D('',#3803,#3804,#3805);
#3803 = CARTESIAN_POINT('',(-53.,27.,6.));
#3804 = DIRECTION('',(-1.,0.,0.));
#3805 = DIRECTION('',(0.,0.,1.));
#3806 = FACE_BOUND('',#3807,.F.);
#3807 = EDGE_LOOP('',(#3808));
#3808 = ORIENTED_EDGE('',*,*,#3809,.T.);
#3809 = EDGE_CURVE('',#3810,#3810,#3812,.T.);
#3810 = VERTEX_POINT('',#3811);
#3811 = CARTESIAN_POINT('',(-53.,27.,55.6));
#3812 = CIRCLE('',#3813,1.6);
#3813 = AXIS2_PLACEMENT_3D('',#3814,#3815,#3816);
#3814 = CARTESIAN_POINT('',(-53.,27.,54.));
#3815 = DIRECTION('',(-1.,0.,0.));
#3816 = DIRECTION('',(0.,0.,1.));
#3817 = PLANE('',#3818);
#3818 = AXIS2_PLACEMENT_3D('',#3819,#3820,#3821);
#3819 = CARTESIAN_POINT('',(-53.,0.,30.5));
#3820 = DIRECTION('',(1.,0.,0.));
#3821 = DIRECTION('',(0.,0.,1.));
#3822 = ADVANCED_FACE('',(#3823,#3838,#3849,#3860,#3871),#3882,.F.);
#3823 = FACE_BOUND('',#3824,.F.);
#3824 = EDGE_LOOP('',(#3825,#3826,#3827,#3828,#3829,#3835,#3836,#3837));
#3825 = ORIENTED_EDGE('',*,*,#2194,.T.);
#3826 = ORIENTED_EDGE('',*,*,#2218,.T.);
#3827 = ORIENTED_EDGE('',*,*,#2243,.T.);
#3828 = ORIENTED_EDGE('',*,*,#2865,.F.);
#3829 = ORIENTED_EDGE('',*,*,#3830,.F.);
#3830 = EDGE_CURVE('',#2925,#2858,#3831,.T.);
#3831 = LINE('',#3832,#3833);
#3832 = CARTESIAN_POINT('',(-53.,-21.49999999999,19.75));
#3833 = VECTOR('',#3834,1.);
#3834 = DIRECTION('',(0.,0.,1.));
#3835 = ORIENTED_EDGE('',*,*,#2924,.F.);
#3836 = ORIENTED_EDGE('',*,*,#2266,.T.);
#3837 = ORIENTED_EDGE('',*,*,#2395,.T.);
#3838 = FACE_BOUND('',#3839,.F.);
#3839 = EDGE_LOOP('',(#3840));
#3840 = ORIENTED_EDGE('',*,*,#3841,.T.);
#3841 = EDGE_CURVE('',#3842,#3842,#3844,.T.);
#3842 = VERTEX_POINT('',#3843);
#3843 = CARTESIAN_POINT('',(-53.,-27.,7.6));
#3844 = CIRCLE('',#3845,1.6);
#3845 = AXIS2_PLACEMENT_3D('',#3846,#3847,#3848);
#3846 = CARTESIAN_POINT('',(-53.,-27.,6.));
#3847 = DIRECTION('',(-1.,0.,0.));
#3848 = DIRECTION('',(0.,0.,1.));
#3849 = FACE_BOUND('',#3850,.F.);
#3850 = EDGE_LOOP('',(#3851));
#3851 = ORIENTED_EDGE('',*,*,#3852,.T.);
#3852 = EDGE_CURVE('',#3853,#3853,#3855,.T.);
#3853 = VERTEX_POINT('',#3854);
#3854 = CARTESIAN_POINT('',(-53.,-27.,55.6));
#3855 = CIRCLE('',#3856,1.6);
#3856 = AXIS2_PLACEMENT_3D('',#3857,#3858,#3859);
#3857 = CARTESIAN_POINT('',(-53.,-27.,54.));
#3858 = DIRECTION('',(-1.,0.,0.));
#3859 = DIRECTION('',(0.,0.,1.));
#3860 = FACE_BOUND('',#3861,.F.);
#3861 = EDGE_LOOP('',(#3862));
#3862 = ORIENTED_EDGE('',*,*,#3863,.T.);
#3863 = EDGE_CURVE('',#3864,#3864,#3866,.T.);
#3864 = VERTEX_POINT('',#3865);
#3865 = CARTESIAN_POINT('',(-53.,-36.5,7.6));
#3866 = CIRCLE('',#3867,1.6);
#3867 = AXIS2_PLACEMENT_3D('',#3868,#3869,#3870);
#3868 = CARTESIAN_POINT('',(-53.,-36.5,6.));
#3869 = DIRECTION('',(-1.,0.,0.));
#3870 = DIRECTION('',(0.,0.,1.));
#3871 = FACE_BOUND('',#3872,.F.);
#3872 = EDGE_LOOP('',(#3873));
#3873 = ORIENTED_EDGE('',*,*,#3874,.T.);
#3874 = EDGE_CURVE('',#3875,#3875,#3877,.T.);
#3875 = VERTEX_POINT('',#3876);
#3876 = CARTESIAN_POINT('',(-53.,-36.5,55.6));
#3877 = CIRCLE('',#3878,1.6);
#3878 = AXIS2_PLACEMENT_3D('',#3879,#3880,#3881);
#3879 = CARTESIAN_POINT('',(-53.,-36.5,54.));
#3880 = DIRECTION('',(-1.,0.,0.));
#3881 = DIRECTION('',(0.,0.,1.));
#3882 = PLANE('',#3883);
#3883 = AXIS2_PLACEMENT_3D('',#3884,#3885,#3886);
#3884 = CARTESIAN_POINT('',(-53.,0.,30.5));
#3885 = DIRECTION('',(1.,0.,0.));
#3886 = DIRECTION('',(0.,0.,1.));
#3887 = ADVANCED_FACE('',(#3888),#3894,.T.);
#3888 = FACE_BOUND('',#3889,.F.);
#3889 = EDGE_LOOP('',(#3890,#3891,#3892,#3893));
#3890 = ORIENTED_EDGE('',*,*,#2419,.T.);
#3891 = ORIENTED_EDGE('',*,*,#2443,.T.);
#3892 = ORIENTED_EDGE('',*,*,#2473,.T.);
#3893 = ORIENTED_EDGE('',*,*,#2497,.T.);
#3894 = PLANE('',#3895);
#3895 = AXIS2_PLACEMENT_3D('',#3896,#3897,#3898);
#3896 = CARTESIAN_POINT('',(-20.,-4.509134E-11,30.000000000012));
#3897 = DIRECTION('',(1.,0.,0.));
#3898 = DIRECTION('',(0.,0.,1.));
#3899 = ADVANCED_FACE('',(#3900),#3911,.F.);
#3900 = FACE_BOUND('',#3901,.T.);
#3901 = EDGE_LOOP('',(#3902,#3903,#3909,#3910));
#3902 = ORIENTED_EDGE('',*,*,#2507,.F.);
#3903 = ORIENTED_EDGE('',*,*,#3904,.T.);
#3904 = EDGE_CURVE('',#2508,#2717,#3905,.T.);
#3905 = LINE('',#3906,#3907);
#3906 = CARTESIAN_POINT('',(-11.35,22.,60.));
#3907 = VECTOR('',#3908,1.);
#3908 = DIRECTION('',(-6.E-17,0.,-1.));
#3909 = ORIENTED_EDGE('',*,*,#2716,.T.);
#3910 = ORIENTED_EDGE('',*,*,#3904,.F.);
#3911 = CYLINDRICAL_SURFACE('',#3912,1.65);
#3912 = AXIS2_PLACEMENT_3D('',#3913,#3914,#3915);
#3913 = CARTESIAN_POINT('',(-13.,22.,60.));
#3914 = DIRECTION('',(-0.,-0.,-1.));
#3915 = DIRECTION('',(1.,0.,0.));
#3916 = ADVANCED_FACE('',(#3917),#3928,.F.);
#3917 = FACE_BOUND('',#3918,.T.);
#3918 = EDGE_LOOP('',(#3919,#3920,#3926,#3927));
#3919 = ORIENTED_EDGE('',*,*,#2518,.F.);
#3920 = ORIENTED_EDGE('',*,*,#3921,.T.);
#3921 = EDGE_CURVE('',#2519,#2739,#3922,.T.);
#3922 = LINE('',#3923,#3924);
#3923 = CARTESIAN_POINT('',(-3.35,22.,60.));
#3924 = VECTOR('',#3925,1.);
#3925 = DIRECTION('',(-6.E-17,0.,-1.));
#3926 = ORIENTED_EDGE('',*,*,#2738,.T.);
#3927 = ORIENTED_EDGE('',*,*,#3921,.F.);
#3928 = CYLINDRICAL_SURFACE('',#3929,1.65);
#3929 = AXIS2_PLACEMENT_3D('',#3930,#3931,#3932);
#3930 = CARTESIAN_POINT('',(-5.,22.,60.));
#3931 = DIRECTION('',(-0.,-0.,-1.));
#3932 = DIRECTION('',(1.,0.,0.));
#3933 = ADVANCED_FACE('',(#3934),#3940,.T.);
#3934 = FACE_BOUND('',#3935,.T.);
#3935 = EDGE_LOOP('',(#3936,#3937,#3938,#3939));
#3936 = ORIENTED_EDGE('',*,*,#2643,.T.);
#3937 = ORIENTED_EDGE('',*,*,#2620,.T.);
#3938 = ORIENTED_EDGE('',*,*,#2596,.T.);
#3939 = ORIENTED_EDGE('',*,*,#2543,.T.);
#3940 = PLANE('',#3941);
#3941 = AXIS2_PLACEMENT_3D('',#3942,#3943,#3944);
#3942 = CARTESIAN_POINT('',(-20.,-4.509134E-11,30.000000000012));
#3943 = DIRECTION('',(1.,0.,0.));
#3944 = DIRECTION('',(0.,0.,1.));
#3945 = ADVANCED_FACE('',(#3946),#3957,.F.);
#3946 = FACE_BOUND('',#3947,.T.);
#3947 = EDGE_LOOP('',(#3948,#3949,#3955,#3956));
#3948 = ORIENTED_EDGE('',*,*,#3066,.F.);
#3949 = ORIENTED_EDGE('',*,*,#3950,.T.);
#3950 = EDGE_CURVE('',#3067,#2561,#3951,.T.);
#3951 = LINE('',#3952,#3953);
#3952 = CARTESIAN_POINT('',(-11.35,22.,60.));
#3953 = VECTOR('',#3954,1.);
#3954 = DIRECTION('',(-6.E-17,0.,-1.));
#3955 = ORIENTED_EDGE('',*,*,#2560,.T.);
#3956 = ORIENTED_EDGE('',*,*,#3950,.F.);
#3957 = CYLINDRICAL_SURFACE('',#3958,1.65);
#3958 = AXIS2_PLACEMENT_3D('',#3959,#3960,#3961);
#3959 = CARTESIAN_POINT('',(-13.,22.,60.));
#3960 = DIRECTION('',(-0.,-0.,-1.));
#3961 = DIRECTION('',(1.,0.,0.));
#3962 = ADVANCED_FACE('',(#3963),#3974,.F.);
#3963 = FACE_BOUND('',#3964,.T.);
#3964 = EDGE_LOOP('',(#3965,#3966,#3972,#3973));
#3965 = ORIENTED_EDGE('',*,*,#3088,.F.);
#3966 = ORIENTED_EDGE('',*,*,#3967,.T.);
#3967 = EDGE_CURVE('',#3089,#2572,#3968,.T.);
#3968 = LINE('',#3969,#3970);
#3969 = CARTESIAN_POINT('',(-3.35,22.,60.));
#3970 = VECTOR('',#3971,1.);
#3971 = DIRECTION('',(-6.E-17,0.,-1.));
#3972 = ORIENTED_EDGE('',*,*,#2571,.T.);
#3973 = ORIENTED_EDGE('',*,*,#3967,.F.);
#3974 = CYLINDRICAL_SURFACE('',#3975,1.65);
#3975 = AXIS2_PLACEMENT_3D('',#3976,#3977,#3978);
#3976 = CARTESIAN_POINT('',(-5.,22.,60.));
#3977 = DIRECTION('',(-0.,-0.,-1.));
#3978 = DIRECTION('',(1.,0.,0.));
#3979 = ADVANCED_FACE('',(#3980),#3991,.T.);
#3980 = FACE_BOUND('',#3981,.T.);
#3981 = EDGE_LOOP('',(#3982,#3983,#3984,#3990));
#3982 = ORIENTED_EDGE('',*,*,#2775,.T.);
#3983 = ORIENTED_EDGE('',*,*,#2668,.T.);
#3984 = ORIENTED_EDGE('',*,*,#3985,.T.);
#3985 = EDGE_CURVE('',#2669,#2827,#3986,.T.);
#3986 = LINE('',#3987,#3988);
#3987 = CARTESIAN_POINT('',(-44.,21.499999999992,16.));
#3988 = VECTOR('',#3989,1.);
#3989 = DIRECTION('',(0.,0.,-1.));
#3990 = ORIENTED_EDGE('',*,*,#2834,.F.);
#3991 = PLANE('',#3992);
#3992 = AXIS2_PLACEMENT_3D('',#3993,#3994,#3995);
#3993 = CARTESIAN_POINT('',(-44.,3.E-15,30.));
#3994 = DIRECTION('',(1.,0.,0.));
#3995 = DIRECTION('',(0.,0.,1.));
#3996 = ADVANCED_FACE('',(#3997),#4008,.T.);
#3997 = FACE_BOUND('',#3998,.T.);
#3998 = EDGE_LOOP('',(#3999,#4005,#4006,#4007));
#3999 = ORIENTED_EDGE('',*,*,#4000,.T.);
#4000 = EDGE_CURVE('',#2850,#2693,#4001,.T.);
#4001 = LINE('',#4002,#4003);
#4002 = CARTESIAN_POINT('',(-44.,-21.49999999999,44.));
#4003 = VECTOR('',#4004,1.);
#4004 = DIRECTION('',(0.,0.,1.));
#4005 = ORIENTED_EDGE('',*,*,#2700,.T.);
#4006 = ORIENTED_EDGE('',*,*,#2793,.T.);
#4007 = ORIENTED_EDGE('',*,*,#2849,.F.);
#4008 = PLANE('',#4009);
#4009 = AXIS2_PLACEMENT_3D('',#4010,#4011,#4012);
#4010 = CARTESIAN_POINT('',(-44.,3.E-15,30.));
#4011 = DIRECTION('',(1.,0.,0.));
#4012 = DIRECTION('',(0.,0.,1.));
#4013 = ADVANCED_FACE('',(#4014),#4034,.T.);
#4014 = FACE_BOUND('',#4015,.T.);
#4015 = EDGE_LOOP('',(#4016,#4017,#4023,#4024,#4025,#4026,#4027,#4028));
#4016 = ORIENTED_EDGE('',*,*,#3038,.T.);
#4017 = ORIENTED_EDGE('',*,*,#4018,.F.);
#4018 = EDGE_CURVE('',#2883,#3039,#4019,.T.);
#4019 = LINE('',#4020,#4021);
#4020 = CARTESIAN_POINT('',(-44.,21.499999999992,16.));
#4021 = VECTOR('',#4022,1.);
#4022 = DIRECTION('',(0.,0.,-1.));
#4023 = ORIENTED_EDGE('',*,*,#2892,.T.);
#4024 = ORIENTED_EDGE('',*,*,#3765,.F.);
#4025 = ORIENTED_EDGE('',*,*,#2826,.F.);
#4026 = ORIENTED_EDGE('',*,*,#3985,.F.);
#4027 = ORIENTED_EDGE('',*,*,#2676,.T.);
#4028 = ORIENTED_EDGE('',*,*,#4029,.F.);
#4029 = EDGE_CURVE('',#3031,#2677,#4030,.T.);
#4030 = LINE('',#4031,#4032);
#4031 = CARTESIAN_POINT('',(-40.,21.499999999992,2.));
#4032 = VECTOR('',#4033,1.);
#4033 = DIRECTION('',(0.,0.,1.));
#4034 = PLANE('',#4035);
#4035 = AXIS2_PLACEMENT_3D('',#4036,#4037,#4038);
#4036 = CARTESIAN_POINT('',(-46.33928571428,21.499999999992,
    29.919642857143));
#4037 = DIRECTION('',(0.,1.,0.));
#4038 = DIRECTION('',(0.,0.,1.));
#4039 = ADVANCED_FACE('',(#4040),#4060,.T.);
#4040 = FACE_BOUND('',#4041,.T.);
#4041 = EDGE_LOOP('',(#4042,#4043,#4044,#4045,#4046,#4047,#4053,#4054));
#4042 = ORIENTED_EDGE('',*,*,#2692,.T.);
#4043 = ORIENTED_EDGE('',*,*,#4000,.F.);
#4044 = ORIENTED_EDGE('',*,*,#2857,.T.);
#4045 = ORIENTED_EDGE('',*,*,#3830,.F.);
#4046 = ORIENTED_EDGE('',*,*,#2932,.F.);
#4047 = ORIENTED_EDGE('',*,*,#4048,.F.);
#4048 = EDGE_CURVE('',#3015,#2933,#4049,.T.);
#4049 = LINE('',#4050,#4051);
#4050 = CARTESIAN_POINT('',(-44.,-21.49999999999,44.));
#4051 = VECTOR('',#4052,1.);
#4052 = DIRECTION('',(0.,0.,1.));
#4053 = ORIENTED_EDGE('',*,*,#3022,.T.);
#4054 = ORIENTED_EDGE('',*,*,#4055,.F.);
#4055 = EDGE_CURVE('',#2685,#3023,#4056,.T.);
#4056 = LINE('',#4057,#4058);
#4057 = CARTESIAN_POINT('',(-40.,-21.49999999999,58.));
#4058 = VECTOR('',#4059,1.);
#4059 = DIRECTION('',(0.,0.,-1.));
#4060 = PLANE('',#4061);
#4061 = AXIS2_PLACEMENT_3D('',#4062,#4063,#4064);
#4062 = CARTESIAN_POINT('',(-46.33928571428,-21.49999999999,
    29.919642857143));
#4063 = DIRECTION('',(-2.5E-16,-1.,-0.));
#4064 = DIRECTION('',(-1.,2.5E-16,0.));
#4065 = ADVANCED_FACE('',(#4066),#4072,.T.);
#4066 = FACE_BOUND('',#4067,.T.);
#4067 = EDGE_LOOP('',(#4068,#4069,#4070,#4071));
#4068 = ORIENTED_EDGE('',*,*,#2684,.F.);
#4069 = ORIENTED_EDGE('',*,*,#4055,.T.);
#4070 = ORIENTED_EDGE('',*,*,#3030,.F.);
#4071 = ORIENTED_EDGE('',*,*,#4029,.T.);
#4072 = PLANE('',#4073);
#4073 = AXIS2_PLACEMENT_3D('',#4074,#4075,#4076);
#4074 = CARTESIAN_POINT('',(-40.,-2.65958E-12,30.));
#4075 = DIRECTION('',(1.,0.,0.));
#4076 = DIRECTION('',(0.,0.,1.));
#4077 = ADVANCED_FACE('',(#4078),#4089,.F.);
#4078 = FACE_BOUND('',#4079,.T.);
#4079 = EDGE_LOOP('',(#4080,#4081,#4087,#4088));
#4080 = ORIENTED_EDGE('',*,*,#3184,.F.);
#4081 = ORIENTED_EDGE('',*,*,#4082,.T.);
#4082 = EDGE_CURVE('',#3185,#2728,#4083,.T.);
#4083 = LINE('',#4084,#4085);
#4084 = CARTESIAN_POINT('',(-11.35,-22.,60.));
#4085 = VECTOR('',#4086,1.);
#4086 = DIRECTION('',(-6.E-17,0.,-1.));
#4087 = ORIENTED_EDGE('',*,*,#2727,.T.);
#4088 = ORIENTED_EDGE('',*,*,#4082,.F.);
#4089 = CYLINDRICAL_SURFACE('',#4090,1.65);
#4090 = AXIS2_PLACEMENT_3D('',#4091,#4092,#4093);
#4091 = CARTESIAN_POINT('',(-13.,-22.,60.));
#4092 = DIRECTION('',(-0.,-0.,-1.));
#4093 = DIRECTION('',(1.,0.,0.));
#4094 = ADVANCED_FACE('',(#4095),#4106,.F.);
#4095 = FACE_BOUND('',#4096,.T.);
#4096 = EDGE_LOOP('',(#4097,#4098,#4104,#4105));
#4097 = ORIENTED_EDGE('',*,*,#3195,.F.);
#4098 = ORIENTED_EDGE('',*,*,#4099,.T.);
#4099 = EDGE_CURVE('',#3196,#2750,#4100,.T.);
#4100 = LINE('',#4101,#4102);
#4101 = CARTESIAN_POINT('',(-3.35,-22.,60.));
#4102 = VECTOR('',#4103,1.);
#4103 = DIRECTION('',(-6.E-17,0.,-1.));
#4104 = ORIENTED_EDGE('',*,*,#2749,.T.);
#4105 = ORIENTED_EDGE('',*,*,#4099,.F.);
#4106 = CYLINDRICAL_SURFACE('',#4107,1.65);
#4107 = AXIS2_PLACEMENT_3D('',#4108,#4109,#4110);
#4108 = CARTESIAN_POINT('',(-5.,-22.,60.));
#4109 = DIRECTION('',(-0.,-0.,-1.));
#4110 = DIRECTION('',(1.,0.,0.));
#4111 = ADVANCED_FACE('',(#4112),#4118,.T.);
#4112 = FACE_BOUND('',#4113,.T.);
#4113 = EDGE_LOOP('',(#4114,#4115,#4116,#4117));
#4114 = ORIENTED_EDGE('',*,*,#2882,.F.);
#4115 = ORIENTED_EDGE('',*,*,#4018,.T.);
#4116 = ORIENTED_EDGE('',*,*,#3046,.T.);
#4117 = ORIENTED_EDGE('',*,*,#2971,.T.);
#4118 = PLANE('',#4119);
#4119 = AXIS2_PLACEMENT_3D('',#4120,#4121,#4122);
#4120 = CARTESIAN_POINT('',(-44.,3.E-15,30.));
#4121 = DIRECTION('',(1.,0.,0.));
#4122 = DIRECTION('',(0.,0.,1.));
#4123 = ADVANCED_FACE('',(#4124),#4130,.T.);
#4124 = FACE_BOUND('',#4125,.T.);
#4125 = EDGE_LOOP('',(#4126,#4127,#4128,#4129));
#4126 = ORIENTED_EDGE('',*,*,#4048,.T.);
#4127 = ORIENTED_EDGE('',*,*,#2940,.F.);
#4128 = ORIENTED_EDGE('',*,*,#2989,.T.);
#4129 = ORIENTED_EDGE('',*,*,#3014,.T.);
#4130 = PLANE('',#4131);
#4131 = AXIS2_PLACEMENT_3D('',#4132,#4133,#4134);
#4132 = CARTESIAN_POINT('',(-44.,3.E-15,30.));
#4133 = DIRECTION('',(1.,0.,0.));
#4134 = DIRECTION('',(0.,0.,1.));
#4135 = ADVANCED_FACE('',(#4136),#4147,.F.);
#4136 = FACE_BOUND('',#4137,.T.);
#4137 = EDGE_LOOP('',(#4138,#4139,#4145,#4146));
#4138 = ORIENTED_EDGE('',*,*,#3055,.F.);
#4139 = ORIENTED_EDGE('',*,*,#4140,.T.);
#4140 = EDGE_CURVE('',#3056,#3255,#4141,.T.);
#4141 = LINE('',#4142,#4143);
#4142 = CARTESIAN_POINT('',(-11.35,-22.,60.));
#4143 = VECTOR('',#4144,1.);
#4144 = DIRECTION('',(-6.E-17,0.,-1.));
#4145 = ORIENTED_EDGE('',*,*,#3254,.T.);
#4146 = ORIENTED_EDGE('',*,*,#4140,.F.);
#4147 = CYLINDRICAL_SURFACE('',#4148,1.65);
#4148 = AXIS2_PLACEMENT_3D('',#4149,#4150,#4151);
#4149 = CARTESIAN_POINT('',(-13.,-22.,60.));
#4150 = DIRECTION('',(-0.,-0.,-1.));
#4151 = DIRECTION('',(1.,0.,0.));
#4152 = ADVANCED_FACE('',(#4153),#4164,.F.);
#4153 = FACE_BOUND('',#4154,.T.);
#4154 = EDGE_LOOP('',(#4155,#4156,#4162,#4163));
#4155 = ORIENTED_EDGE('',*,*,#3077,.F.);
#4156 = ORIENTED_EDGE('',*,*,#4157,.T.);
#4157 = EDGE_CURVE('',#3078,#3266,#4158,.T.);
#4158 = LINE('',#4159,#4160);
#4159 = CARTESIAN_POINT('',(-3.35,-22.,60.));
#4160 = VECTOR('',#4161,1.);
#4161 = DIRECTION('',(-6.E-17,0.,-1.));
#4162 = ORIENTED_EDGE('',*,*,#3265,.T.);
#4163 = ORIENTED_EDGE('',*,*,#4157,.F.);
#4164 = CYLINDRICAL_SURFACE('',#4165,1.65);
#4165 = AXIS2_PLACEMENT_3D('',#4166,#4167,#4168);
#4166 = CARTESIAN_POINT('',(-5.,-22.,60.));
#4167 = DIRECTION('',(-0.,-0.,-1.));
#4168 = DIRECTION('',(1.,0.,0.));
#4169 = ADVANCED_FACE('',(#4170),#4176,.T.);
#4170 = FACE_BOUND('',#4171,.T.);
#4171 = EDGE_LOOP('',(#4172,#4173,#4174,#4175));
#4172 = ORIENTED_EDGE('',*,*,#3213,.T.);
#4173 = ORIENTED_EDGE('',*,*,#3174,.T.);
#4174 = ORIENTED_EDGE('',*,*,#3150,.T.);
#4175 = ORIENTED_EDGE('',*,*,#3113,.T.);
#4176 = PLANE('',#4177);
#4177 = AXIS2_PLACEMENT_3D('',#4178,#4179,#4180);
#4178 = CARTESIAN_POINT('',(-20.,-4.509134E-11,30.000000000012));
#4179 = DIRECTION('',(1.,0.,0.));
#4180 = DIRECTION('',(0.,0.,1.));
#4181 = ADVANCED_FACE('',(#4182),#4188,.T.);
#4182 = FACE_BOUND('',#4183,.T.);
#4183 = EDGE_LOOP('',(#4184,#4185,#4186,#4187));
#4184 = ORIENTED_EDGE('',*,*,#3337,.T.);
#4185 = ORIENTED_EDGE('',*,*,#3314,.T.);
#4186 = ORIENTED_EDGE('',*,*,#3290,.T.);
#4187 = ORIENTED_EDGE('',*,*,#3237,.T.);
#4188 = PLANE('',#4189);
#4189 = AXIS2_PLACEMENT_3D('',#4190,#4191,#4192);
#4190 = CARTESIAN_POINT('',(-20.,-4.509134E-11,30.000000000012));
#4191 = DIRECTION('',(1.,0.,0.));
#4192 = DIRECTION('',(0.,0.,1.));
#4193 = ADVANCED_FACE('',(#4194),#4213,.F.);
#4194 = FACE_BOUND('',#4195,.T.);
#4195 = EDGE_LOOP('',(#4196,#4204,#4205,#4206));
#4196 = ORIENTED_EDGE('',*,*,#4197,.F.);
#4197 = EDGE_CURVE('',#3777,#4198,#4200,.T.);
#4198 = VERTEX_POINT('',#4199);
#4199 = CARTESIAN_POINT('',(-43.,36.5,7.6));
#4200 = LINE('',#4201,#4202);
#4201 = CARTESIAN_POINT('',(-53.,36.5,7.6));
#4202 = VECTOR('',#4203,1.);
#4203 = DIRECTION('',(1.,0.,-7.E-17));
#4204 = ORIENTED_EDGE('',*,*,#3776,.T.);
#4205 = ORIENTED_EDGE('',*,*,#4197,.T.);
#4206 = ORIENTED_EDGE('',*,*,#4207,.F.);
#4207 = EDGE_CURVE('',#4198,#4198,#4208,.T.);
#4208 = CIRCLE('',#4209,1.6);
#4209 = AXIS2_PLACEMENT_3D('',#4210,#4211,#4212);
#4210 = CARTESIAN_POINT('',(-43.,36.5,6.));
#4211 = DIRECTION('',(-1.,0.,0.));
#4212 = DIRECTION('',(0.,0.,1.));
#4213 = CYLINDRICAL_SURFACE('',#4214,1.6);
#4214 = AXIS2_PLACEMENT_3D('',#4215,#4216,#4217);
#4215 = CARTESIAN_POINT('',(-53.,36.5,6.));
#4216 = DIRECTION('',(1.,0.,0.));
#4217 = DIRECTION('',(0.,0.,1.));
#4218 = ADVANCED_FACE('',(#4219),#4238,.F.);
#4219 = FACE_BOUND('',#4220,.T.);
#4220 = EDGE_LOOP('',(#4221,#4229,#4230,#4231));
#4221 = ORIENTED_EDGE('',*,*,#4222,.F.);
#4222 = EDGE_CURVE('',#3788,#4223,#4225,.T.);
#4223 = VERTEX_POINT('',#4224);
#4224 = CARTESIAN_POINT('',(-43.,36.5,55.6));
#4225 = LINE('',#4226,#4227);
#4226 = CARTESIAN_POINT('',(-53.,36.5,55.6));
#4227 = VECTOR('',#4228,1.);
#4228 = DIRECTION('',(1.,0.,-7.E-17));
#4229 = ORIENTED_EDGE('',*,*,#3787,.T.);
#4230 = ORIENTED_EDGE('',*,*,#4222,.T.);
#4231 = ORIENTED_EDGE('',*,*,#4232,.F.);
#4232 = EDGE_CURVE('',#4223,#4223,#4233,.T.);
#4233 = CIRCLE('',#4234,1.6);
#4234 = AXIS2_PLACEMENT_3D('',#4235,#4236,#4237);
#4235 = CARTESIAN_POINT('',(-43.,36.5,54.));
#4236 = DIRECTION('',(-1.,0.,0.));
#4237 = DIRECTION('',(0.,0.,1.));
#4238 = CYLINDRICAL_SURFACE('',#4239,1.6);
#4239 = AXIS2_PLACEMENT_3D('',#4240,#4241,#4242);
#4240 = CARTESIAN_POINT('',(-53.,36.5,54.));
#4241 = DIRECTION('',(1.,0.,0.));
#4242 = DIRECTION('',(0.,0.,1.));
#4243 = ADVANCED_FACE('',(#4244),#4263,.F.);
#4244 = FACE_BOUND('',#4245,.T.);
#4245 = EDGE_LOOP('',(#4246,#4254,#4255,#4256));
#4246 = ORIENTED_EDGE('',*,*,#4247,.F.);
#4247 = EDGE_CURVE('',#3799,#4248,#4250,.T.);
#4248 = VERTEX_POINT('',#4249);
#4249 = CARTESIAN_POINT('',(-43.,27.,7.6));
#4250 = LINE('',#4251,#4252);
#4251 = CARTESIAN_POINT('',(-53.,27.,7.6));
#4252 = VECTOR('',#4253,1.);
#4253 = DIRECTION('',(1.,0.,-7.E-17));
#4254 = ORIENTED_EDGE('',*,*,#3798,.T.);
#4255 = ORIENTED_EDGE('',*,*,#4247,.T.);
#4256 = ORIENTED_EDGE('',*,*,#4257,.F.);
#4257 = EDGE_CURVE('',#4248,#4248,#4258,.T.);
#4258 = CIRCLE('',#4259,1.6);
#4259 = AXIS2_PLACEMENT_3D('',#4260,#4261,#4262);
#4260 = CARTESIAN_POINT('',(-43.,27.,6.));
#4261 = DIRECTION('',(-1.,0.,0.));
#4262 = DIRECTION('',(0.,0.,1.));
#4263 = CYLINDRICAL_SURFACE('',#4264,1.6);
#4264 = AXIS2_PLACEMENT_3D('',#4265,#4266,#4267);
#4265 = CARTESIAN_POINT('',(-53.,27.,6.));
#4266 = DIRECTION('',(1.,0.,0.));
#4267 = DIRECTION('',(0.,0.,1.));
#4268 = ADVANCED_FACE('',(#4269),#4288,.F.);
#4269 = FACE_BOUND('',#4270,.T.);
#4270 = EDGE_LOOP('',(#4271,#4279,#4280,#4281));
#4271 = ORIENTED_EDGE('',*,*,#4272,.F.);
#4272 = EDGE_CURVE('',#3810,#4273,#4275,.T.);
#4273 = VERTEX_POINT('',#4274);
#4274 = CARTESIAN_POINT('',(-43.,27.,55.6));
#4275 = LINE('',#4276,#4277);
#4276 = CARTESIAN_POINT('',(-53.,27.,55.6));
#4277 = VECTOR('',#4278,1.);
#4278 = DIRECTION('',(1.,0.,-7.E-17));
#4279 = ORIENTED_EDGE('',*,*,#3809,.T.);
#4280 = ORIENTED_EDGE('',*,*,#4272,.T.);
#4281 = ORIENTED_EDGE('',*,*,#4282,.F.);
#4282 = EDGE_CURVE('',#4273,#4273,#4283,.T.);
#4283 = CIRCLE('',#4284,1.6);
#4284 = AXIS2_PLACEMENT_3D('',#4285,#4286,#4287);
#4285 = CARTESIAN_POINT('',(-43.,27.,54.));
#4286 = DIRECTION('',(-1.,0.,0.));
#4287 = DIRECTION('',(0.,0.,1.));
#4288 = CYLINDRICAL_SURFACE('',#4289,1.6);
#4289 = AXIS2_PLACEMENT_3D('',#4290,#4291,#4292);
#4290 = CARTESIAN_POINT('',(-53.,27.,54.));
#4291 = DIRECTION('',(1.,0.,0.));
#4292 = DIRECTION('',(0.,0.,1.));
#4293 = ADVANCED_FACE('',(#4294),#4313,.F.);
#4294 = FACE_BOUND('',#4295,.T.);
#4295 = EDGE_LOOP('',(#4296,#4304,#4305,#4306));
#4296 = ORIENTED_EDGE('',*,*,#4297,.F.);
#4297 = EDGE_CURVE('',#3842,#4298,#4300,.T.);
#4298 = VERTEX_POINT('',#4299);
#4299 = CARTESIAN_POINT('',(-43.,-27.,7.6));
#4300 = LINE('',#4301,#4302);
#4301 = CARTESIAN_POINT('',(-53.,-27.,7.6));
#4302 = VECTOR('',#4303,1.);
#4303 = DIRECTION('',(1.,0.,-7.E-17));
#4304 = ORIENTED_EDGE('',*,*,#3841,.T.);
#4305 = ORIENTED_EDGE('',*,*,#4297,.T.);
#4306 = ORIENTED_EDGE('',*,*,#4307,.F.);
#4307 = EDGE_CURVE('',#4298,#4298,#4308,.T.);
#4308 = CIRCLE('',#4309,1.6);
#4309 = AXIS2_PLACEMENT_3D('',#4310,#4311,#4312);
#4310 = CARTESIAN_POINT('',(-43.,-27.,6.));
#4311 = DIRECTION('',(-1.,0.,0.));
#4312 = DIRECTION('',(0.,0.,1.));
#4313 = CYLINDRICAL_SURFACE('',#4314,1.6);
#4314 = AXIS2_PLACEMENT_3D('',#4315,#4316,#4317);
#4315 = CARTESIAN_POINT('',(-53.,-27.,6.));
#4316 = DIRECTION('',(1.,0.,0.));
#4317 = DIRECTION('',(0.,0.,1.));
#4318 = ADVANCED_FACE('',(#4319),#4338,.F.);
#4319 = FACE_BOUND('',#4320,.T.);
#4320 = EDGE_LOOP('',(#4321,#4329,#4330,#4331));
#4321 = ORIENTED_EDGE('',*,*,#4322,.F.);
#4322 = EDGE_CURVE('',#3853,#4323,#4325,.T.);
#4323 = VERTEX_POINT('',#4324);
#4324 = CARTESIAN_POINT('',(-43.,-27.,55.6));
#4325 = LINE('',#4326,#4327);
#4326 = CARTESIAN_POINT('',(-53.,-27.,55.6));
#4327 = VECTOR('',#4328,1.);
#4328 = DIRECTION('',(1.,0.,-7.E-17));
#4329 = ORIENTED_EDGE('',*,*,#3852,.T.);
#4330 = ORIENTED_EDGE('',*,*,#4322,.T.);
#4331 = ORIENTED_EDGE('',*,*,#4332,.F.);
#4332 = EDGE_CURVE('',#4323,#4323,#4333,.T.);
#4333 = CIRCLE('',#4334,1.6);
#4334 = AXIS2_PLACEMENT_3D('',#4335,#4336,#4337);
#4335 = CARTESIAN_POINT('',(-43.,-27.,54.));
#4336 = DIRECTION('',(-1.,0.,0.));
#4337 = DIRECTION('',(0.,0.,1.));
#4338 = CYLINDRICAL_SURFACE('',#4339,1.6);
#4339 = AXIS2_PLACEMENT_3D('',#4340,#4341,#4342);
#4340 = CARTESIAN_POINT('',(-53.,-27.,54.));
#4341 = DIRECTION('',(1.,0.,0.));
#4342 = DIRECTION('',(0.,0.,1.));
#4343 = ADVANCED_FACE('',(#4344),#4363,.F.);
#4344 = FACE_BOUND('',#4345,.T.);
#4345 = EDGE_LOOP('',(#4346,#4354,#4355,#4356));
#4346 = ORIENTED_EDGE('',*,*,#4347,.F.);
#4347 = EDGE_CURVE('',#3864,#4348,#4350,.T.);
#4348 = VERTEX_POINT('',#4349);
#4349 = CARTESIAN_POINT('',(-43.,-36.5,7.6));
#4350 = LINE('',#4351,#4352);
#4351 = CARTESIAN_POINT('',(-53.,-36.5,7.6));
#4352 = VECTOR('',#4353,1.);
#4353 = DIRECTION('',(1.,0.,-7.E-17));
#4354 = ORIENTED_EDGE('',*,*,#3863,.T.);
#4355 = ORIENTED_EDGE('',*,*,#4347,.T.);
#4356 = ORIENTED_EDGE('',*,*,#4357,.F.);
#4357 = EDGE_CURVE('',#4348,#4348,#4358,.T.);
#4358 = CIRCLE('',#4359,1.6);
#4359 = AXIS2_PLACEMENT_3D('',#4360,#4361,#4362);
#4360 = CARTESIAN_POINT('',(-43.,-36.5,6.));
#4361 = DIRECTION('',(-1.,0.,0.));
#4362 = DIRECTION('',(0.,0.,1.));
#4363 = CYLINDRICAL_SURFACE('',#4364,1.6);
#4364 = AXIS2_PLACEMENT_3D('',#4365,#4366,#4367);
#4365 = CARTESIAN_POINT('',(-53.,-36.5,6.));
#4366 = DIRECTION('',(1.,0.,0.));
#4367 = DIRECTION('',(0.,0.,1.));
#4368 = ADVANCED_FACE('',(#4369),#4388,.F.);
#4369 = FACE_BOUND('',#4370,.T.);
#4370 = EDGE_LOOP('',(#4371,#4379,#4380,#4381));
#4371 = ORIENTED_EDGE('',*,*,#4372,.F.);
#4372 = EDGE_CURVE('',#3875,#4373,#4375,.T.);
#4373 = VERTEX_POINT('',#4374);
#4374 = CARTESIAN_POINT('',(-43.,-36.5,55.6));
#4375 = LINE('',#4376,#4377);
#4376 = CARTESIAN_POINT('',(-53.,-36.5,55.6));
#4377 = VECTOR('',#4378,1.);
#4378 = DIRECTION('',(1.,0.,-7.E-17));
#4379 = ORIENTED_EDGE('',*,*,#3874,.T.);
#4380 = ORIENTED_EDGE('',*,*,#4372,.T.);
#4381 = ORIENTED_EDGE('',*,*,#4382,.F.);
#4382 = EDGE_CURVE('',#4373,#4373,#4383,.T.);
#4383 = CIRCLE('',#4384,1.6);
#4384 = AXIS2_PLACEMENT_3D('',#4385,#4386,#4387);
#4385 = CARTESIAN_POINT('',(-43.,-36.5,54.));
#4386 = DIRECTION('',(-1.,0.,0.));
#4387 = DIRECTION('',(0.,0.,1.));
#4388 = CYLINDRICAL_SURFACE('',#4389,1.6);
#4389 = AXIS2_PLACEMENT_3D('',#4390,#4391,#4392);
#4390 = CARTESIAN_POINT('',(-53.,-36.5,54.));
#4391 = DIRECTION('',(1.,0.,0.));
#4392 = DIRECTION('',(0.,0.,1.));
#4393 = ADVANCED_FACE('',(#4394),#4406,.F.);
#4394 = FACE_BOUND('',#4395,.T.);
#4395 = EDGE_LOOP('',(#4396,#4397,#4405));
#4396 = ORIENTED_EDGE('',*,*,#4207,.T.);
#4397 = ORIENTED_EDGE('',*,*,#4398,.T.);
#4398 = EDGE_CURVE('',#4198,#4399,#4401,.T.);
#4399 = VERTEX_POINT('',#4400);
#4400 = CARTESIAN_POINT('',(-42.03862300955,36.5,6.));
#4401 = LINE('',#4402,#4403);
#4402 = CARTESIAN_POINT('',(-43.,36.5,7.6));
#4403 = VECTOR('',#4404,1.);
#4404 = DIRECTION('',(0.51503807491,0.,-0.857167300702));
#4405 = ORIENTED_EDGE('',*,*,#4398,.F.);
#4406 = CONICAL_SURFACE('',#4407,1.6,1.029744258677);
#4407 = AXIS2_PLACEMENT_3D('',#4408,#4409,#4410);
#4408 = CARTESIAN_POINT('',(-43.,36.5,6.));
#4409 = DIRECTION('',(-1.,-0.,-0.));
#4410 = DIRECTION('',(0.,0.,1.));
#4411 = ADVANCED_FACE('',(#4412),#4424,.F.);
#4412 = FACE_BOUND('',#4413,.T.);
#4413 = EDGE_LOOP('',(#4414,#4415,#4423));
#4414 = ORIENTED_EDGE('',*,*,#4232,.T.);
#4415 = ORIENTED_EDGE('',*,*,#4416,.T.);
#4416 = EDGE_CURVE('',#4223,#4417,#4419,.T.);
#4417 = VERTEX_POINT('',#4418);
#4418 = CARTESIAN_POINT('',(-42.03862300955,36.5,54.));
#4419 = LINE('',#4420,#4421);
#4420 = CARTESIAN_POINT('',(-43.,36.5,55.6));
#4421 = VECTOR('',#4422,1.);
#4422 = DIRECTION('',(0.51503807491,0.,-0.857167300702));
#4423 = ORIENTED_EDGE('',*,*,#4416,.F.);
#4424 = CONICAL_SURFACE('',#4425,1.6,1.029744258677);
#4425 = AXIS2_PLACEMENT_3D('',#4426,#4427,#4428);
#4426 = CARTESIAN_POINT('',(-43.,36.5,54.));
#4427 = DIRECTION('',(-1.,-0.,-0.));
#4428 = DIRECTION('',(0.,0.,1.));
#4429 = ADVANCED_FACE('',(#4430),#4442,.F.);
#4430 = FACE_BOUND('',#4431,.T.);
#4431 = EDGE_LOOP('',(#4432,#4433,#4441));
#4432 = ORIENTED_EDGE('',*,*,#4257,.T.);
#4433 = ORIENTED_EDGE('',*,*,#4434,.T.);
#4434 = EDGE_CURVE('',#4248,#4435,#4437,.T.);
#4435 = VERTEX_POINT('',#4436);
#4436 = CARTESIAN_POINT('',(-42.03862300955,27.,6.));
#4437 = LINE('',#4438,#4439);
#4438 = CARTESIAN_POINT('',(-43.,27.,7.6));
#4439 = VECTOR('',#4440,1.);
#4440 = DIRECTION('',(0.51503807491,0.,-0.857167300702));
#4441 = ORIENTED_EDGE('',*,*,#4434,.F.);
#4442 = CONICAL_SURFACE('',#4443,1.6,1.029744258677);
#4443 = AXIS2_PLACEMENT_3D('',#4444,#4445,#4446);
#4444 = CARTESIAN_POINT('',(-43.,27.,6.));
#4445 = DIRECTION('',(-1.,-0.,-0.));
#4446 = DIRECTION('',(0.,0.,1.));
#4447 = ADVANCED_FACE('',(#4448),#4460,.F.);
#4448 = FACE_BOUND('',#4449,.T.);
#4449 = EDGE_LOOP('',(#4450,#4451,#4459));
#4450 = ORIENTED_EDGE('',*,*,#4282,.T.);
#4451 = ORIENTED_EDGE('',*,*,#4452,.T.);
#4452 = EDGE_CURVE('',#4273,#4453,#4455,.T.);
#4453 = VERTEX_POINT('',#4454);
#4454 = CARTESIAN_POINT('',(-42.03862300955,27.,54.));
#4455 = LINE('',#4456,#4457);
#4456 = CARTESIAN_POINT('',(-43.,27.,55.6));
#4457 = VECTOR('',#4458,1.);
#4458 = DIRECTION('',(0.51503807491,0.,-0.857167300702));
#4459 = ORIENTED_EDGE('',*,*,#4452,.F.);
#4460 = CONICAL_SURFACE('',#4461,1.6,1.029744258677);
#4461 = AXIS2_PLACEMENT_3D('',#4462,#4463,#4464);
#4462 = CARTESIAN_POINT('',(-43.,27.,54.));
#4463 = DIRECTION('',(-1.,-0.,-0.));
#4464 = DIRECTION('',(0.,0.,1.));
#4465 = ADVANCED_FACE('',(#4466),#4478,.F.);
#4466 = FACE_BOUND('',#4467,.T.);
#4467 = EDGE_LOOP('',(#4468,#4469,#4477));
#4468 = ORIENTED_EDGE('',*,*,#4307,.T.);
#4469 = ORIENTED_EDGE('',*,*,#4470,.T.);
#4470 = EDGE_CURVE('',#4298,#4471,#4473,.T.);
#4471 = VERTEX_POINT('',#4472);
#4472 = CARTESIAN_POINT('',(-42.03862300955,-27.,6.));
#4473 = LINE('',#4474,#4475);
#4474 = CARTESIAN_POINT('',(-43.,-27.,7.6));
#4475 = VECTOR('',#4476,1.);
#4476 = DIRECTION('',(0.51503807491,0.,-0.857167300702));
#4477 = ORIENTED_EDGE('',*,*,#4470,.F.);
#4478 = CONICAL_SURFACE('',#4479,1.6,1.029744258677);
#4479 = AXIS2_PLACEMENT_3D('',#4480,#4481,#4482);
#4480 = CARTESIAN_POINT('',(-43.,-27.,6.));
#4481 = DIRECTION('',(-1.,-0.,-0.));
#4482 = DIRECTION('',(0.,0.,1.));
#4483 = ADVANCED_FACE('',(#4484),#4496,.F.);
#4484 = FACE_BOUND('',#4485,.T.);
#4485 = EDGE_LOOP('',(#4486,#4487,#4495));
#4486 = ORIENTED_EDGE('',*,*,#4332,.T.);
#4487 = ORIENTED_EDGE('',*,*,#4488,.T.);
#4488 = EDGE_CURVE('',#4323,#4489,#4491,.T.);
#4489 = VERTEX_POINT('',#4490);
#4490 = CARTESIAN_POINT('',(-42.03862300955,-27.,54.));
#4491 = LINE('',#4492,#4493);
#4492 = CARTESIAN_POINT('',(-43.,-27.,55.6));
#4493 = VECTOR('',#4494,1.);
#4494 = DIRECTION('',(0.51503807491,0.,-0.857167300702));
#4495 = ORIENTED_EDGE('',*,*,#4488,.F.);
#4496 = CONICAL_SURFACE('',#4497,1.6,1.029744258677);
#4497 = AXIS2_PLACEMENT_3D('',#4498,#4499,#4500);
#4498 = CARTESIAN_POINT('',(-43.,-27.,54.));
#4499 = DIRECTION('',(-1.,-0.,-0.));
#4500 = DIRECTION('',(0.,0.,1.));
#4501 = ADVANCED_FACE('',(#4502),#4514,.F.);
#4502 = FACE_BOUND('',#4503,.T.);
#4503 = EDGE_LOOP('',(#4504,#4505,#4513));
#4504 = ORIENTED_EDGE('',*,*,#4357,.T.);
#4505 = ORIENTED_EDGE('',*,*,#4506,.T.);
#4506 = EDGE_CURVE('',#4348,#4507,#4509,.T.);
#4507 = VERTEX_POINT('',#4508);
#4508 = CARTESIAN_POINT('',(-42.03862300955,-36.5,6.));
#4509 = LINE('',#4510,#4511);
#4510 = CARTESIAN_POINT('',(-43.,-36.5,7.6));
#4511 = VECTOR('',#4512,1.);
#4512 = DIRECTION('',(0.51503807491,0.,-0.857167300702));
#4513 = ORIENTED_EDGE('',*,*,#4506,.F.);
#4514 = CONICAL_SURFACE('',#4515,1.6,1.029744258677);
#4515 = AXIS2_PLACEMENT_3D('',#4516,#4517,#4518);
#4516 = CARTESIAN_POINT('',(-43.,-36.5,6.));
#4517 = DIRECTION('',(-1.,-0.,-0.));
#4518 = DIRECTION('',(0.,0.,1.));
#4519 = ADVANCED_FACE('',(#4520),#4532,.F.);
#4520 = FACE_BOUND('',#4521,.T.);
#4521 = EDGE_LOOP('',(#4522,#4523,#4531));
#4522 = ORIENTED_EDGE('',*,*,#4382,.T.);
#4523 = ORIENTED_EDGE('',*,*,#4524,.T.);
#4524 = EDGE_CURVE('',#4373,#4525,#4527,.T.);
#4525 = VERTEX_POINT('',#4526);
#4526 = CARTESIAN_POINT('',(-42.03862300955,-36.5,54.));
#4527 = LINE('',#4528,#4529);
#4528 = CARTESIAN_POINT('',(-43.,-36.5,55.6));
#4529 = VECTOR('',#4530,1.);
#4530 = DIRECTION('',(0.51503807491,0.,-0.857167300702));
#4531 = ORIENTED_EDGE('',*,*,#4524,.F.);
#4532 = CONICAL_SURFACE('',#4533,1.6,1.029744258677);
#4533 = AXIS2_PLACEMENT_3D('',#4534,#4535,#4536);
#4534 = CARTESIAN_POINT('',(-43.,-36.5,54.));
#4535 = DIRECTION('',(-1.,-0.,-0.));
#4536 = DIRECTION('',(0.,0.,1.));
#4537 = ( GEOMETRIC_REPRESENTATION_CONTEXT(3) 
GLOBAL_UNCERTAINTY_ASSIGNED_CONTEXT((#4541)) 
GLOBAL_UNIT_ASSIGNED_CONTEXT((#4538,#4539,#4540)) REPRESENTATION_CONTEXT
('Context #1','3D Context with UNIT and UNCERTAINTY') );
#4538 = ( LENGTH_UNIT() NAMED_UNIT(*) SI_UNIT(.MILLI.,.METRE.) );
#4539 = ( NAMED_UNIT(*) PLANE_ANGLE_UNIT() SI_UNIT($,.RADIAN.) );
#4540 = ( NAMED_UNIT(*) SI_UNIT($,.STERADIAN.) SOLID_ANGLE_UNIT() );
#4541 = UNCERTAINTY_MEASURE_WITH_UNIT(LENGTH_MEASURE(5.E-05),#4538,
  'distance_accuracy_value','confusion accuracy');
#4542 = PRODUCT_RELATED_PRODUCT_CATEGORY('part',$,(#7));
#4543 = MECHANICAL_DESIGN_GEOMETRIC_PRESENTATION_REPRESENTATION('',(
    #4544),#4537);
#4544 = STYLED_ITEM('color',(#4545),#15);
#4545 = PRESENTATION_STYLE_ASSIGNMENT((#4546,#4552));
#4546 = SURFACE_STYLE_USAGE(.BOTH.,#4547);
#4547 = SURFACE_SIDE_STYLE('',(#4548));
#4548 = SURFACE_STYLE_FILL_AREA(#4549);
#4549 = FILL_AREA_STYLE('',(#4550));
#4550 = FILL_AREA_STYLE_COLOUR('',#4551);
#4551 = DRAUGHTING_PRE_DEFINED_COLOUR('white');
#4552 = CURVE_STYLE('',#4553,POSITIVE_LENGTH_MEASURE(0.1),#4554);
#4553 = DRAUGHTING_PRE_DEFINED_CURVE_FONT('continuous');
#4554 = DRAUGHTING_PRE_DEFINED_COLOUR('black');
ENDSEC;
END-ISO-10303-21;
