ISO-10303-21;
HEADER;
FILE_DESCRIPTION(('FreeCAD Model'),'2;1');
FILE_NAME('Open CASCADE Shape Model','2026-06-01T14:08:28',(''),(''),
  'Open CASCADE STEP processor 7.8','FreeCAD','Unknown');
FILE_SCHEMA(('AUTOMOTIVE_DESIGN { 1 0 10303 214 1 1 1 1 }'));
ENDSEC;
DATA;
#1 = APPLICATION_PROTOCOL_DEFINITION('international standard',
  'automotive_design',2000,#2);
#2 = APPLICATION_CONTEXT(
  'core data for automotive mechanical design processes');
#3 = SHAPE_DEFINITION_REPRESENTATION(#4,#10);
#4 = PRODUCT_DEFINITION_SHAPE('','',#5);
#5 = PRODUCT_DEFINITION('design','',#6,#9);
#6 = PRODUCT_DEFINITION_FORMATION('','',#7);
#7 = PRODUCT('Body','Body','',(#8));
#8 = PRODUCT_CONTEXT('',#2,'mechanical');
#9 = PRODUCT_DEFINITION_CONTEXT('part definition',#2,'design');
#10 = ADVANCED_BREP_SHAPE_REPRESENTATION('',(#11,#15),#2655);
#11 = AXIS2_PLACEMENT_3D('',#12,#13,#14);
#12 = CARTESIAN_POINT('',(0.,0.,0.));
#13 = DIRECTION('',(0.,0.,1.));
#14 = DIRECTION('',(1.,0.,-0.));
#15 = MANIFOLD_SOLID_BREP('',#16);
#16 = CLOSED_SHELL('',(#17,#116,#147,#171,#202,#234,#265,#289,#320,#352,
    #383,#400,#425,#543,#560,#577,#601,#738,#780,#870,#887,#904,#1041,
    #1053,#1073,#1090,#1272,#1296,#1357,#1381,#1547,#1569,#1581,#1598,
    #1622,#1639,#1656,#1673,#1690,#1702,#1785,#1802,#1857,#1874,#1891,
    #1903,#1915,#1932,#1956,#1978,#1990,#2007,#2024,#2041,#2063,#2080,
    #2097,#2109,#2121,#2138,#2155,#2172,#2248,#2260,#2305,#2334,#2368,
    #2402,#2414,#2437,#2449,#2474,#2499,#2524,#2549,#2574,#2592,#2610,
    #2628,#2646));
#17 = ADVANCED_FACE('',(#18,#100),#111,.T.);
#18 = FACE_BOUND('',#19,.T.);
#19 = EDGE_LOOP('',(#20,#30,#38,#46,#54,#62,#70,#78,#86,#94));
#20 = ORIENTED_EDGE('',*,*,#21,.T.);
#21 = EDGE_CURVE('',#22,#24,#26,.T.);
#22 = VERTEX_POINT('',#23);
#23 = CARTESIAN_POINT('',(30.,-2.5,-12.));
#24 = VERTEX_POINT('',#25);
#25 = CARTESIAN_POINT('',(30.,-2.5,-9.5));
#26 = LINE('',#27,#28);
#27 = CARTESIAN_POINT('',(30.,-2.5,-12.));
#28 = VECTOR('',#29,1.);
#29 = DIRECTION('',(0.,0.,1.));
#30 = ORIENTED_EDGE('',*,*,#31,.T.);
#31 = EDGE_CURVE('',#24,#32,#34,.T.);
#32 = VERTEX_POINT('',#33);
#33 = CARTESIAN_POINT('',(30.,-10.98528137423,-3.5));
#34 = LINE('',#35,#36);
#35 = CARTESIAN_POINT('',(30.,-11.32005170279,-3.263281630536));
#36 = VECTOR('',#37,1.);
#37 = DIRECTION('',(0.,-0.816496580928,0.57735026919));
#38 = ORIENTED_EDGE('',*,*,#39,.F.);
#39 = EDGE_CURVE('',#40,#32,#42,.T.);
#40 = VERTEX_POINT('',#41);
#41 = CARTESIAN_POINT('',(30.,-12.5,-3.5));
#42 = LINE('',#43,#44);
#43 = CARTESIAN_POINT('',(30.,-8.5,-3.5));
#44 = VECTOR('',#45,1.);
#45 = DIRECTION('',(0.,1.,0.));
#46 = ORIENTED_EDGE('',*,*,#47,.F.);
#47 = EDGE_CURVE('',#48,#40,#50,.T.);
#48 = VERTEX_POINT('',#49);
#49 = CARTESIAN_POINT('',(30.,-12.5,3.5));
#50 = LINE('',#51,#52);
#51 = CARTESIAN_POINT('',(30.,-12.5,3.5));
#52 = VECTOR('',#53,1.);
#53 = DIRECTION('',(0.,2.2E-16,-1.));
#54 = ORIENTED_EDGE('',*,*,#55,.F.);
#55 = EDGE_CURVE('',#56,#48,#58,.T.);
#56 = VERTEX_POINT('',#57);
#57 = CARTESIAN_POINT('',(30.,-10.98528137423,3.5));
#58 = LINE('',#59,#60);
#59 = CARTESIAN_POINT('',(30.,-8.5,3.5));
#60 = VECTOR('',#61,1.);
#61 = DIRECTION('',(0.,-1.,0.));
#62 = ORIENTED_EDGE('',*,*,#63,.F.);
#63 = EDGE_CURVE('',#64,#56,#66,.T.);
#64 = VERTEX_POINT('',#65);
#65 = CARTESIAN_POINT('',(30.,-2.5,9.5));
#66 = LINE('',#67,#68);
#67 = CARTESIAN_POINT('',(30.,-11.32005170279,3.263281630536));
#68 = VECTOR('',#69,1.);
#69 = DIRECTION('',(0.,-0.816496580928,-0.57735026919));
#70 = ORIENTED_EDGE('',*,*,#71,.T.);
#71 = EDGE_CURVE('',#64,#72,#74,.T.);
#72 = VERTEX_POINT('',#73);
#73 = CARTESIAN_POINT('',(30.,-2.5,12.));
#74 = LINE('',#75,#76);
#75 = CARTESIAN_POINT('',(30.,-2.5,3.5));
#76 = VECTOR('',#77,1.);
#77 = DIRECTION('',(0.,0.,1.));
#78 = ORIENTED_EDGE('',*,*,#79,.T.);
#79 = EDGE_CURVE('',#72,#80,#82,.T.);
#80 = VERTEX_POINT('',#81);
#81 = CARTESIAN_POINT('',(30.,-37.,12.));
#82 = LINE('',#83,#84);
#83 = CARTESIAN_POINT('',(30.,6.01E-15,12.));
#84 = VECTOR('',#85,1.);
#85 = DIRECTION('',(0.,-1.,4.4E-16));
#86 = ORIENTED_EDGE('',*,*,#87,.F.);
#87 = EDGE_CURVE('',#88,#80,#90,.T.);
#88 = VERTEX_POINT('',#89);
#89 = CARTESIAN_POINT('',(30.,-37.,-12.));
#90 = LINE('',#91,#92);
#91 = CARTESIAN_POINT('',(30.,-37.,-12.));
#92 = VECTOR('',#93,1.);
#93 = DIRECTION('',(0.,4.4E-16,1.));
#94 = ORIENTED_EDGE('',*,*,#95,.F.);
#95 = EDGE_CURVE('',#22,#88,#96,.T.);
#96 = LINE('',#97,#98);
#97 = CARTESIAN_POINT('',(30.,-6.01E-15,-12.));
#98 = VECTOR('',#99,1.);
#99 = DIRECTION('',(0.,-1.,4.4E-16));
#100 = FACE_BOUND('',#101,.T.);
#101 = EDGE_LOOP('',(#102));
#102 = ORIENTED_EDGE('',*,*,#103,.F.);
#103 = EDGE_CURVE('',#104,#104,#106,.T.);
#104 = VERTEX_POINT('',#105);
#105 = CARTESIAN_POINT('',(30.,-24.,10.));
#106 = CIRCLE('',#107,10.);
#107 = AXIS2_PLACEMENT_3D('',#108,#109,#110);
#108 = CARTESIAN_POINT('',(30.,-24.,-5.33E-15));
#109 = DIRECTION('',(1.,2.2E-16,-2.2E-16));
#110 = DIRECTION('',(2.2E-16,-2.2E-16,1.));
#111 = PLANE('',#112);
#112 = AXIS2_PLACEMENT_3D('',#113,#114,#115);
#113 = CARTESIAN_POINT('',(30.,-19.,2.05E-15));
#114 = DIRECTION('',(1.,0.,0.));
#115 = DIRECTION('',(0.,-1.,-2.2E-16));
#116 = ADVANCED_FACE('',(#117),#142,.T.);
#117 = FACE_BOUND('',#118,.T.);
#118 = EDGE_LOOP('',(#119,#129,#135,#136));
#119 = ORIENTED_EDGE('',*,*,#120,.T.);
#120 = EDGE_CURVE('',#121,#123,#125,.T.);
#121 = VERTEX_POINT('',#122);
#122 = CARTESIAN_POINT('',(29.,-1.5,-11.58578643762));
#123 = VERTEX_POINT('',#124);
#124 = CARTESIAN_POINT('',(29.,-1.5,-9.5));
#125 = LINE('',#126,#127);
#126 = CARTESIAN_POINT('',(29.,-1.5,-12.));
#127 = VECTOR('',#128,1.);
#128 = DIRECTION('',(0.,0.,1.));
#129 = ORIENTED_EDGE('',*,*,#130,.T.);
#130 = EDGE_CURVE('',#123,#24,#131,.T.);
#131 = LINE('',#132,#133);
#132 = CARTESIAN_POINT('',(29.,-1.5,-9.5));
#133 = VECTOR('',#134,1.);
#134 = DIRECTION('',(0.707106781187,-0.707106781187,-1.2E-16));
#135 = ORIENTED_EDGE('',*,*,#21,.F.);
#136 = ORIENTED_EDGE('',*,*,#137,.F.);
#137 = EDGE_CURVE('',#121,#22,#138,.T.);
#138 = LINE('',#139,#140);
#139 = CARTESIAN_POINT('',(29.53950428678,-2.03950428678,-11.80925643016
    ));
#140 = VECTOR('',#141,1.);
#141 = DIRECTION('',(0.678598344546,-0.678598344546,-0.281084637715));
#142 = PLANE('',#143);
#143 = AXIS2_PLACEMENT_3D('',#144,#145,#146);
#144 = CARTESIAN_POINT('',(29.5,-2.,-12.));
#145 = DIRECTION('',(0.707106781187,0.707106781187,2.E-17));
#146 = DIRECTION('',(-1.414213562373E-17,-1.414213562373E-17,1.));
#147 = ADVANCED_FACE('',(#148),#166,.T.);
#148 = FACE_BOUND('',#149,.F.);
#149 = EDGE_LOOP('',(#150,#158,#159,#160));
#150 = ORIENTED_EDGE('',*,*,#151,.F.);
#151 = EDGE_CURVE('',#123,#152,#154,.T.);
#152 = VERTEX_POINT('',#153);
#153 = CARTESIAN_POINT('',(26.514718625761,-7.5,-3.5));
#154 = LINE('',#155,#156);
#155 = CARTESIAN_POINT('',(27.855538581017,-4.262974279322,
    -6.737025720678));
#156 = VECTOR('',#157,1.);
#157 = DIRECTION('',(-0.281084637715,-0.678598344546,0.678598344546));
#158 = ORIENTED_EDGE('',*,*,#130,.T.);
#159 = ORIENTED_EDGE('',*,*,#31,.T.);
#160 = ORIENTED_EDGE('',*,*,#161,.F.);
#161 = EDGE_CURVE('',#152,#32,#162,.T.);
#162 = LINE('',#163,#164);
#163 = CARTESIAN_POINT('',(24.757359312881,-5.742640687119,-3.5));
#164 = VECTOR('',#165,1.);
#165 = DIRECTION('',(0.707106781187,-0.707106781187,-1.2E-16));
#166 = PLANE('',#167);
#167 = AXIS2_PLACEMENT_3D('',#168,#169,#170);
#168 = CARTESIAN_POINT('',(26.87867965644,-3.62132034356,-6.5));
#169 = DIRECTION('',(0.5,0.5,0.707106781187));
#170 = DIRECTION('',(-0.707106781187,0.707106781187,1.665334536938E-16)
  );
#171 = ADVANCED_FACE('',(#172),#197,.T.);
#172 = FACE_BOUND('',#173,.F.);
#173 = EDGE_LOOP('',(#174,#175,#183,#191));
#174 = ORIENTED_EDGE('',*,*,#95,.F.);
#175 = ORIENTED_EDGE('',*,*,#176,.T.);
#176 = EDGE_CURVE('',#22,#177,#179,.T.);
#177 = VERTEX_POINT('',#178);
#178 = CARTESIAN_POINT('',(27.,-2.5,-15.));
#179 = LINE('',#180,#181);
#180 = CARTESIAN_POINT('',(30.,-2.5,-12.));
#181 = VECTOR('',#182,1.);
#182 = DIRECTION('',(-0.707106781187,0.,-0.707106781187));
#183 = ORIENTED_EDGE('',*,*,#184,.T.);
#184 = EDGE_CURVE('',#177,#185,#187,.T.);
#185 = VERTEX_POINT('',#186);
#186 = CARTESIAN_POINT('',(27.,-37.,-15.));
#187 = LINE('',#188,#189);
#188 = CARTESIAN_POINT('',(27.,-7.33E-15,-15.));
#189 = VECTOR('',#190,1.);
#190 = DIRECTION('',(0.,-1.,4.4E-16));
#191 = ORIENTED_EDGE('',*,*,#192,.T.);
#192 = EDGE_CURVE('',#185,#88,#193,.T.);
#193 = LINE('',#194,#195);
#194 = CARTESIAN_POINT('',(27.,-37.,-15.));
#195 = VECTOR('',#196,1.);
#196 = DIRECTION('',(0.707106781187,3.3E-16,0.707106781187));
#197 = PLANE('',#198);
#198 = AXIS2_PLACEMENT_3D('',#199,#200,#201);
#199 = CARTESIAN_POINT('',(28.5,-6.67E-15,-13.5));
#200 = DIRECTION('',(0.707106781187,-2.3E-16,-0.707106781187));
#201 = DIRECTION('',(-5.736544032709E-17,1.,-3.826345596729E-16));
#202 = ADVANCED_FACE('',(#203),#229,.T.);
#203 = FACE_BOUND('',#204,.T.);
#204 = EDGE_LOOP('',(#205,#206,#207,#215,#223));
#205 = ORIENTED_EDGE('',*,*,#39,.T.);
#206 = ORIENTED_EDGE('',*,*,#161,.F.);
#207 = ORIENTED_EDGE('',*,*,#208,.T.);
#208 = EDGE_CURVE('',#152,#209,#211,.T.);
#209 = VERTEX_POINT('',#210);
#210 = CARTESIAN_POINT('',(23.5,-7.5,-3.5));
#211 = LINE('',#212,#213);
#212 = CARTESIAN_POINT('',(29.,-7.5,-3.5));
#213 = VECTOR('',#214,1.);
#214 = DIRECTION('',(-1.,0.,2.2E-16));
#215 = ORIENTED_EDGE('',*,*,#216,.F.);
#216 = EDGE_CURVE('',#217,#209,#219,.T.);
#217 = VERTEX_POINT('',#218);
#218 = CARTESIAN_POINT('',(23.5,-12.5,-3.5));
#219 = LINE('',#220,#221);
#220 = CARTESIAN_POINT('',(23.5,-6.25,-3.5));
#221 = VECTOR('',#222,1.);
#222 = DIRECTION('',(0.,1.,-2.2E-16));
#223 = ORIENTED_EDGE('',*,*,#224,.F.);
#224 = EDGE_CURVE('',#40,#217,#225,.T.);
#225 = LINE('',#226,#227);
#226 = CARTESIAN_POINT('',(30.,-12.5,-3.5));
#227 = VECTOR('',#228,1.);
#228 = DIRECTION('',(-1.,0.,2.2E-16));
#229 = PLANE('',#230);
#230 = AXIS2_PLACEMENT_3D('',#231,#232,#233);
#231 = CARTESIAN_POINT('',(26.75,-7.,-3.5));
#232 = DIRECTION('',(3.1E-16,1.4E-16,1.));
#233 = DIRECTION('',(0.,-1.,1.4E-16));
#234 = ADVANCED_FACE('',(#235),#260,.T.);
#235 = FACE_BOUND('',#236,.F.);
#236 = EDGE_LOOP('',(#237,#245,#253,#259));
#237 = ORIENTED_EDGE('',*,*,#238,.F.);
#238 = EDGE_CURVE('',#239,#88,#241,.T.);
#239 = VERTEX_POINT('',#240);
#240 = CARTESIAN_POINT('',(29.,-38.,-11.58578643762));
#241 = LINE('',#242,#243);
#242 = CARTESIAN_POINT('',(29.134876071695,-37.8651239283,
    -11.64165393576));
#243 = VECTOR('',#244,1.);
#244 = DIRECTION('',(0.678598344546,0.678598344546,-0.281084637715));
#245 = ORIENTED_EDGE('',*,*,#246,.T.);
#246 = EDGE_CURVE('',#239,#247,#249,.T.);
#247 = VERTEX_POINT('',#248);
#248 = CARTESIAN_POINT('',(29.,-38.,11.585786437627));
#249 = LINE('',#250,#251);
#250 = CARTESIAN_POINT('',(29.,-38.,-12.));
#251 = VECTOR('',#252,1.);
#252 = DIRECTION('',(0.,4.4E-16,1.));
#253 = ORIENTED_EDGE('',*,*,#254,.T.);
#254 = EDGE_CURVE('',#247,#80,#255,.T.);
#255 = LINE('',#256,#257);
#256 = CARTESIAN_POINT('',(26.845953233728,-40.15404676627,
    10.693551053051));
#257 = VECTOR('',#258,1.);
#258 = DIRECTION('',(0.678598344546,0.678598344546,0.281084637715));
#259 = ORIENTED_EDGE('',*,*,#87,.F.);
#260 = PLANE('',#261);
#261 = AXIS2_PLACEMENT_3D('',#262,#263,#264);
#262 = CARTESIAN_POINT('',(29.5,-37.5,-12.));
#263 = DIRECTION('',(0.707106781187,-0.707106781187,3.3E-16));
#264 = DIRECTION('',(1.334523779156E-17,-4.533452377916E-16,-1.));
#265 = ADVANCED_FACE('',(#266),#284,.F.);
#266 = FACE_BOUND('',#267,.F.);
#267 = EDGE_LOOP('',(#268,#269,#277,#283));
#268 = ORIENTED_EDGE('',*,*,#47,.F.);
#269 = ORIENTED_EDGE('',*,*,#270,.T.);
#270 = EDGE_CURVE('',#48,#271,#273,.T.);
#271 = VERTEX_POINT('',#272);
#272 = CARTESIAN_POINT('',(23.5,-12.5,3.5));
#273 = LINE('',#274,#275);
#274 = CARTESIAN_POINT('',(30.,-12.5,3.5));
#275 = VECTOR('',#276,1.);
#276 = DIRECTION('',(-1.,0.,2.2E-16));
#277 = ORIENTED_EDGE('',*,*,#278,.T.);
#278 = EDGE_CURVE('',#271,#217,#279,.T.);
#279 = LINE('',#280,#281);
#280 = CARTESIAN_POINT('',(23.5,-12.5,6.75));
#281 = VECTOR('',#282,1.);
#282 = DIRECTION('',(0.,0.,-1.));
#283 = ORIENTED_EDGE('',*,*,#224,.F.);
#284 = PLANE('',#285);
#285 = AXIS2_PLACEMENT_3D('',#286,#287,#288);
#286 = CARTESIAN_POINT('',(30.,-12.5,3.5));
#287 = DIRECTION('',(0.,-1.,0.));
#288 = DIRECTION('',(-2.2E-16,0.,-1.));
#289 = ADVANCED_FACE('',(#290),#315,.T.);
#290 = FACE_BOUND('',#291,.T.);
#291 = EDGE_LOOP('',(#292,#293,#301,#309));
#292 = ORIENTED_EDGE('',*,*,#79,.F.);
#293 = ORIENTED_EDGE('',*,*,#294,.T.);
#294 = EDGE_CURVE('',#72,#295,#297,.T.);
#295 = VERTEX_POINT('',#296);
#296 = CARTESIAN_POINT('',(27.,-2.5,15.));
#297 = LINE('',#298,#299);
#298 = CARTESIAN_POINT('',(30.,-2.5,12.));
#299 = VECTOR('',#300,1.);
#300 = DIRECTION('',(-0.707106781187,0.,0.707106781187));
#301 = ORIENTED_EDGE('',*,*,#302,.T.);
#302 = EDGE_CURVE('',#295,#303,#305,.T.);
#303 = VERTEX_POINT('',#304);
#304 = CARTESIAN_POINT('',(27.,-37.,15.));
#305 = LINE('',#306,#307);
#306 = CARTESIAN_POINT('',(27.,7.33E-15,15.));
#307 = VECTOR('',#308,1.);
#308 = DIRECTION('',(0.,-1.,4.4E-16));
#309 = ORIENTED_EDGE('',*,*,#310,.T.);
#310 = EDGE_CURVE('',#303,#80,#311,.T.);
#311 = LINE('',#312,#313);
#312 = CARTESIAN_POINT('',(27.,-37.,15.));
#313 = VECTOR('',#314,1.);
#314 = DIRECTION('',(0.707106781187,-3.3E-16,-0.707106781187));
#315 = PLANE('',#316);
#316 = AXIS2_PLACEMENT_3D('',#317,#318,#319);
#317 = CARTESIAN_POINT('',(28.5,6.67E-15,13.5));
#318 = DIRECTION('',(0.707106781187,2.3E-16,0.707106781187));
#319 = DIRECTION('',(-5.736544032709E-17,-1.,3.826345596729E-16));
#320 = ADVANCED_FACE('',(#321),#347,.T.);
#321 = FACE_BOUND('',#322,.T.);
#322 = EDGE_LOOP('',(#323,#324,#325,#333,#341));
#323 = ORIENTED_EDGE('',*,*,#55,.T.);
#324 = ORIENTED_EDGE('',*,*,#270,.T.);
#325 = ORIENTED_EDGE('',*,*,#326,.F.);
#326 = EDGE_CURVE('',#327,#271,#329,.T.);
#327 = VERTEX_POINT('',#328);
#328 = CARTESIAN_POINT('',(23.5,-7.5,3.5));
#329 = LINE('',#330,#331);
#330 = CARTESIAN_POINT('',(23.5,4.25,3.5));
#331 = VECTOR('',#332,1.);
#332 = DIRECTION('',(0.,-1.,0.));
#333 = ORIENTED_EDGE('',*,*,#334,.T.);
#334 = EDGE_CURVE('',#327,#335,#337,.T.);
#335 = VERTEX_POINT('',#336);
#336 = CARTESIAN_POINT('',(26.514718625761,-7.5,3.5));
#337 = LINE('',#338,#339);
#338 = CARTESIAN_POINT('',(23.5,-7.5,3.5));
#339 = VECTOR('',#340,1.);
#340 = DIRECTION('',(1.,0.,-2.2E-16));
#341 = ORIENTED_EDGE('',*,*,#342,.T.);
#342 = EDGE_CURVE('',#335,#56,#343,.T.);
#343 = LINE('',#344,#345);
#344 = CARTESIAN_POINT('',(24.757359312881,-5.742640687119,3.5));
#345 = VECTOR('',#346,1.);
#346 = DIRECTION('',(0.707106781187,-0.707106781187,-1.2E-16));
#347 = PLANE('',#348);
#348 = AXIS2_PLACEMENT_3D('',#349,#350,#351);
#349 = CARTESIAN_POINT('',(26.75,-7.,3.5));
#350 = DIRECTION('',(-3.3E-16,-1.5E-16,-1.));
#351 = DIRECTION('',(0.,1.,-1.5E-16));
#352 = ADVANCED_FACE('',(#353),#378,.T.);
#353 = FACE_BOUND('',#354,.T.);
#354 = EDGE_LOOP('',(#355,#365,#371,#372));
#355 = ORIENTED_EDGE('',*,*,#356,.T.);
#356 = EDGE_CURVE('',#357,#359,#361,.T.);
#357 = VERTEX_POINT('',#358);
#358 = CARTESIAN_POINT('',(29.,-1.5,9.5));
#359 = VERTEX_POINT('',#360);
#360 = CARTESIAN_POINT('',(29.,-1.5,11.585786437627));
#361 = LINE('',#362,#363);
#362 = CARTESIAN_POINT('',(29.,-1.5,3.5));
#363 = VECTOR('',#364,1.);
#364 = DIRECTION('',(0.,0.,1.));
#365 = ORIENTED_EDGE('',*,*,#366,.F.);
#366 = EDGE_CURVE('',#72,#359,#367,.T.);
#367 = LINE('',#368,#369);
#368 = CARTESIAN_POINT('',(28.728844115,-1.228844115,11.473469992543));
#369 = VECTOR('',#370,1.);
#370 = DIRECTION('',(-0.678598344546,0.678598344546,-0.281084637715));
#371 = ORIENTED_EDGE('',*,*,#71,.F.);
#372 = ORIENTED_EDGE('',*,*,#373,.F.);
#373 = EDGE_CURVE('',#357,#64,#374,.T.);
#374 = LINE('',#375,#376);
#375 = CARTESIAN_POINT('',(29.,-1.5,9.5));
#376 = VECTOR('',#377,1.);
#377 = DIRECTION('',(0.707106781187,-0.707106781187,-1.2E-16));
#378 = PLANE('',#379);
#379 = AXIS2_PLACEMENT_3D('',#380,#381,#382);
#380 = CARTESIAN_POINT('',(29.5,-2.,3.5));
#381 = DIRECTION('',(0.707106781187,0.707106781187,-1.E-17));
#382 = DIRECTION('',(7.071067811865E-18,7.071067811865E-18,1.));
#383 = ADVANCED_FACE('',(#384),#395,.T.);
#384 = FACE_BOUND('',#385,.T.);
#385 = EDGE_LOOP('',(#386,#392,#393,#394));
#386 = ORIENTED_EDGE('',*,*,#387,.F.);
#387 = EDGE_CURVE('',#357,#335,#388,.T.);
#388 = LINE('',#389,#390);
#389 = CARTESIAN_POINT('',(27.638265003729,-4.787519096356,
    6.212480903644));
#390 = VECTOR('',#391,1.);
#391 = DIRECTION('',(-0.281084637715,-0.678598344546,-0.678598344546));
#392 = ORIENTED_EDGE('',*,*,#373,.T.);
#393 = ORIENTED_EDGE('',*,*,#63,.T.);
#394 = ORIENTED_EDGE('',*,*,#342,.F.);
#395 = PLANE('',#396);
#396 = AXIS2_PLACEMENT_3D('',#397,#398,#399);
#397 = CARTESIAN_POINT('',(26.87867965644,-3.62132034356,6.5));
#398 = DIRECTION('',(0.5,0.5,-0.707106781187));
#399 = DIRECTION('',(0.707106781187,-0.707106781187,-5.551115123126E-17)
  );
#400 = ADVANCED_FACE('',(#401),#420,.F.);
#401 = FACE_BOUND('',#402,.F.);
#402 = EDGE_LOOP('',(#403,#411,#418,#419));
#403 = ORIENTED_EDGE('',*,*,#404,.T.);
#404 = EDGE_CURVE('',#104,#405,#407,.T.);
#405 = VERTEX_POINT('',#406);
#406 = CARTESIAN_POINT('',(28.,-24.,10.));
#407 = LINE('',#408,#409);
#408 = CARTESIAN_POINT('',(30.,-24.,10.));
#409 = VECTOR('',#410,1.);
#410 = DIRECTION('',(-1.,0.,2.2E-16));
#411 = ORIENTED_EDGE('',*,*,#412,.T.);
#412 = EDGE_CURVE('',#405,#405,#413,.T.);
#413 = CIRCLE('',#414,10.);
#414 = AXIS2_PLACEMENT_3D('',#415,#416,#417);
#415 = CARTESIAN_POINT('',(28.,-24.,-4.88E-15));
#416 = DIRECTION('',(1.,2.2E-16,-2.2E-16));
#417 = DIRECTION('',(2.2E-16,-2.2E-16,1.));
#418 = ORIENTED_EDGE('',*,*,#404,.F.);
#419 = ORIENTED_EDGE('',*,*,#103,.F.);
#420 = CYLINDRICAL_SURFACE('',#421,10.);
#421 = AXIS2_PLACEMENT_3D('',#422,#423,#424);
#422 = CARTESIAN_POINT('',(30.,-24.,0.));
#423 = DIRECTION('',(1.,0.,-2.2E-16));
#424 = DIRECTION('',(2.2E-16,0.,1.));
#425 = ADVANCED_FACE('',(#426),#538,.T.);
#426 = FACE_BOUND('',#427,.T.);
#427 = EDGE_LOOP('',(#428,#429,#437,#445,#453,#461,#469,#477,#483,#484,
    #492,#500,#508,#516,#524,#532));
#428 = ORIENTED_EDGE('',*,*,#120,.F.);
#429 = ORIENTED_EDGE('',*,*,#430,.T.);
#430 = EDGE_CURVE('',#121,#431,#433,.T.);
#431 = VERTEX_POINT('',#432);
#432 = CARTESIAN_POINT('',(26.585786437627,-1.5,-14.));
#433 = LINE('',#434,#435);
#434 = CARTESIAN_POINT('',(29.292893218813,-1.5,-11.29289321881));
#435 = VECTOR('',#436,1.);
#436 = DIRECTION('',(-0.707106781187,0.,-0.707106781187));
#437 = ORIENTED_EDGE('',*,*,#438,.F.);
#438 = EDGE_CURVE('',#439,#431,#441,.T.);
#439 = VERTEX_POINT('',#440);
#440 = CARTESIAN_POINT('',(-26.58578643762,-1.5,-14.));
#441 = LINE('',#442,#443);
#442 = CARTESIAN_POINT('',(-27.,-1.5,-14.));
#443 = VECTOR('',#444,1.);
#444 = DIRECTION('',(1.,0.,0.));
#445 = ORIENTED_EDGE('',*,*,#446,.T.);
#446 = EDGE_CURVE('',#439,#447,#449,.T.);
#447 = VERTEX_POINT('',#448);
#448 = CARTESIAN_POINT('',(-29.,-1.5,-11.58578643762));
#449 = LINE('',#450,#451);
#450 = CARTESIAN_POINT('',(-26.29289321881,-1.5,-14.29289321881));
#451 = VECTOR('',#452,1.);
#452 = DIRECTION('',(-0.707106781187,0.,0.707106781187));
#453 = ORIENTED_EDGE('',*,*,#454,.F.);
#454 = EDGE_CURVE('',#455,#447,#457,.T.);
#455 = VERTEX_POINT('',#456);
#456 = CARTESIAN_POINT('',(-29.,-1.5,11.585786437627));
#457 = LINE('',#458,#459);
#458 = CARTESIAN_POINT('',(-29.,-1.5,12.));
#459 = VECTOR('',#460,1.);
#460 = DIRECTION('',(0.,0.,-1.));
#461 = ORIENTED_EDGE('',*,*,#462,.T.);
#462 = EDGE_CURVE('',#455,#463,#465,.T.);
#463 = VERTEX_POINT('',#464);
#464 = CARTESIAN_POINT('',(-26.58578643762,-1.5,14.));
#465 = LINE('',#466,#467);
#466 = CARTESIAN_POINT('',(-29.29289321881,-1.5,11.292893218813));
#467 = VECTOR('',#468,1.);
#468 = DIRECTION('',(0.707106781187,0.,0.707106781187));
#469 = ORIENTED_EDGE('',*,*,#470,.F.);
#470 = EDGE_CURVE('',#471,#463,#473,.T.);
#471 = VERTEX_POINT('',#472);
#472 = CARTESIAN_POINT('',(26.585786437627,-1.5,14.));
#473 = LINE('',#474,#475);
#474 = CARTESIAN_POINT('',(27.,-1.5,14.));
#475 = VECTOR('',#476,1.);
#476 = DIRECTION('',(-1.,0.,0.));
#477 = ORIENTED_EDGE('',*,*,#478,.F.);
#478 = EDGE_CURVE('',#359,#471,#479,.T.);
#479 = LINE('',#480,#481);
#480 = CARTESIAN_POINT('',(29.292893218813,-1.5,11.292893218813));
#481 = VECTOR('',#482,1.);
#482 = DIRECTION('',(-0.707106781187,0.,0.707106781187));
#483 = ORIENTED_EDGE('',*,*,#356,.F.);
#484 = ORIENTED_EDGE('',*,*,#485,.F.);
#485 = EDGE_CURVE('',#486,#357,#488,.T.);
#486 = VERTEX_POINT('',#487);
#487 = CARTESIAN_POINT('',(23.5,-1.5,9.5));
#488 = LINE('',#489,#490);
#489 = CARTESIAN_POINT('',(23.5,-1.5,9.5));
#490 = VECTOR('',#491,1.);
#491 = DIRECTION('',(1.,0.,-2.2E-16));
#492 = ORIENTED_EDGE('',*,*,#493,.T.);
#493 = EDGE_CURVE('',#486,#494,#496,.T.);
#494 = VERTEX_POINT('',#495);
#495 = CARTESIAN_POINT('',(23.5,-1.5,10.));
#496 = LINE('',#497,#498);
#497 = CARTESIAN_POINT('',(23.5,-1.5,13.));
#498 = VECTOR('',#499,1.);
#499 = DIRECTION('',(0.,0.,1.));
#500 = ORIENTED_EDGE('',*,*,#501,.F.);
#501 = EDGE_CURVE('',#502,#494,#504,.T.);
#502 = VERTEX_POINT('',#503);
#503 = CARTESIAN_POINT('',(-20.5,-1.5,10.));
#504 = LINE('',#505,#506);
#505 = CARTESIAN_POINT('',(-15.07673267326,-1.5,10.));
#506 = VECTOR('',#507,1.);
#507 = DIRECTION('',(1.,0.,0.));
#508 = ORIENTED_EDGE('',*,*,#509,.F.);
#509 = EDGE_CURVE('',#510,#502,#512,.T.);
#510 = VERTEX_POINT('',#511);
#511 = CARTESIAN_POINT('',(-20.5,-1.5,-10.));
#512 = LINE('',#513,#514);
#513 = CARTESIAN_POINT('',(-20.5,-1.5,8.));
#514 = VECTOR('',#515,1.);
#515 = DIRECTION('',(0.,0.,1.));
#516 = ORIENTED_EDGE('',*,*,#517,.F.);
#517 = EDGE_CURVE('',#518,#510,#520,.T.);
#518 = VERTEX_POINT('',#519);
#519 = CARTESIAN_POINT('',(23.5,-1.5,-10.));
#520 = LINE('',#521,#522);
#521 = CARTESIAN_POINT('',(-15.07673267326,-1.5,-10.));
#522 = VECTOR('',#523,1.);
#523 = DIRECTION('',(-1.,0.,0.));
#524 = ORIENTED_EDGE('',*,*,#525,.T.);
#525 = EDGE_CURVE('',#518,#526,#528,.T.);
#526 = VERTEX_POINT('',#527);
#527 = CARTESIAN_POINT('',(23.5,-1.5,-9.5));
#528 = LINE('',#529,#530);
#529 = CARTESIAN_POINT('',(23.5,-1.5,13.));
#530 = VECTOR('',#531,1.);
#531 = DIRECTION('',(0.,0.,1.));
#532 = ORIENTED_EDGE('',*,*,#533,.F.);
#533 = EDGE_CURVE('',#123,#526,#534,.T.);
#534 = LINE('',#535,#536);
#535 = CARTESIAN_POINT('',(29.,-1.5,-9.5));
#536 = VECTOR('',#537,1.);
#537 = DIRECTION('',(-1.,0.,2.2E-16));
#538 = PLANE('',#539);
#539 = AXIS2_PLACEMENT_3D('',#540,#541,#542);
#540 = CARTESIAN_POINT('',(-31.,-1.5,16.));
#541 = DIRECTION('',(0.,1.,0.));
#542 = DIRECTION('',(0.,0.,-1.));
#543 = ADVANCED_FACE('',(#544),#555,.F.);
#544 = FACE_BOUND('',#545,.F.);
#545 = EDGE_LOOP('',(#546,#547,#548,#554));
#546 = ORIENTED_EDGE('',*,*,#137,.F.);
#547 = ORIENTED_EDGE('',*,*,#430,.T.);
#548 = ORIENTED_EDGE('',*,*,#549,.T.);
#549 = EDGE_CURVE('',#431,#177,#550,.T.);
#550 = LINE('',#551,#552);
#551 = CARTESIAN_POINT('',(24.508422449662,3.51520031373,-8.98479968627)
  );
#552 = VECTOR('',#553,1.);
#553 = DIRECTION('',(0.281084637715,-0.678598344546,-0.678598344546));
#554 = ORIENTED_EDGE('',*,*,#176,.F.);
#555 = PLANE('',#556);
#556 = AXIS2_PLACEMENT_3D('',#557,#558,#559);
#557 = CARTESIAN_POINT('',(29.646446609407,-2.,-11.6464466094));
#558 = DIRECTION('',(-0.5,-0.707106781187,0.5));
#559 = DIRECTION('',(-0.707106781187,-1.942890293094E-16,-0.707106781187
    ));
#560 = ADVANCED_FACE('',(#561),#572,.T.);
#561 = FACE_BOUND('',#562,.T.);
#562 = EDGE_LOOP('',(#563,#564,#565,#571));
#563 = ORIENTED_EDGE('',*,*,#151,.F.);
#564 = ORIENTED_EDGE('',*,*,#533,.T.);
#565 = ORIENTED_EDGE('',*,*,#566,.T.);
#566 = EDGE_CURVE('',#526,#209,#567,.T.);
#567 = LINE('',#568,#569);
#568 = CARTESIAN_POINT('',(23.5,-7.5,-3.5));
#569 = VECTOR('',#570,1.);
#570 = DIRECTION('',(0.,-0.707106781187,0.707106781187));
#571 = ORIENTED_EDGE('',*,*,#208,.F.);
#572 = PLANE('',#573);
#573 = AXIS2_PLACEMENT_3D('',#574,#575,#576);
#574 = CARTESIAN_POINT('',(29.,-4.5,-6.5));
#575 = DIRECTION('',(2.9E-16,0.707106781187,0.707106781187));
#576 = DIRECTION('',(-1.,9.00609665441E-17,3.200609665441E-16));
#577 = ADVANCED_FACE('',(#578),#596,.F.);
#578 = FACE_BOUND('',#579,.F.);
#579 = EDGE_LOOP('',(#580,#588,#594,#595));
#580 = ORIENTED_EDGE('',*,*,#581,.F.);
#581 = EDGE_CURVE('',#582,#185,#584,.T.);
#582 = VERTEX_POINT('',#583);
#583 = CARTESIAN_POINT('',(26.585786437627,-38.,-14.));
#584 = LINE('',#585,#586);
#585 = CARTESIAN_POINT('',(24.676024944069,-42.61057209864,
    -9.389427901355));
#586 = VECTOR('',#587,1.);
#587 = DIRECTION('',(0.281084637715,0.678598344546,-0.678598344546));
#588 = ORIENTED_EDGE('',*,*,#589,.T.);
#589 = EDGE_CURVE('',#582,#239,#590,.T.);
#590 = LINE('',#591,#592);
#591 = CARTESIAN_POINT('',(26.292893218813,-38.,-14.29289321881));
#592 = VECTOR('',#593,1.);
#593 = DIRECTION('',(0.707106781187,3.3E-16,0.707106781187));
#594 = ORIENTED_EDGE('',*,*,#238,.T.);
#595 = ORIENTED_EDGE('',*,*,#192,.F.);
#596 = PLANE('',#597);
#597 = AXIS2_PLACEMENT_3D('',#598,#599,#600);
#598 = CARTESIAN_POINT('',(26.646446609407,-37.5,-14.6464466094));
#599 = DIRECTION('',(-0.5,0.707106781187,0.5));
#600 = DIRECTION('',(0.707106781187,1.110223024625E-16,0.707106781187));
#601 = ADVANCED_FACE('',(#602,#627,#680),#733,.T.);
#602 = FACE_BOUND('',#603,.T.);
#603 = EDGE_LOOP('',(#604,#614,#620,#621));
#604 = ORIENTED_EDGE('',*,*,#605,.F.);
#605 = EDGE_CURVE('',#606,#608,#610,.T.);
#606 = VERTEX_POINT('',#607);
#607 = CARTESIAN_POINT('',(-27.,-2.5,-15.));
#608 = VERTEX_POINT('',#609);
#609 = CARTESIAN_POINT('',(-27.,-37.,-15.));
#610 = LINE('',#611,#612);
#611 = CARTESIAN_POINT('',(-27.,-7.33E-15,-15.));
#612 = VECTOR('',#613,1.);
#613 = DIRECTION('',(0.,-1.,4.4E-16));
#614 = ORIENTED_EDGE('',*,*,#615,.T.);
#615 = EDGE_CURVE('',#606,#177,#616,.T.);
#616 = LINE('',#617,#618);
#617 = CARTESIAN_POINT('',(-27.,-2.5,-15.));
#618 = VECTOR('',#619,1.);
#619 = DIRECTION('',(1.,0.,0.));
#620 = ORIENTED_EDGE('',*,*,#184,.T.);
#621 = ORIENTED_EDGE('',*,*,#622,.F.);
#622 = EDGE_CURVE('',#608,#185,#623,.T.);
#623 = LINE('',#624,#625);
#624 = CARTESIAN_POINT('',(-27.,-37.,-15.));
#625 = VECTOR('',#626,1.);
#626 = DIRECTION('',(1.,0.,0.));
#627 = FACE_BOUND('',#628,.T.);
#628 = EDGE_LOOP('',(#629,#640,#648,#657,#665,#674));
#629 = ORIENTED_EDGE('',*,*,#630,.T.);
#630 = EDGE_CURVE('',#631,#633,#635,.T.);
#631 = VERTEX_POINT('',#632);
#632 = CARTESIAN_POINT('',(-20.5,-28.74838594839,-15.));
#633 = VERTEX_POINT('',#634);
#634 = CARTESIAN_POINT('',(-19.25,-29.99838594839,-15.));
#635 = CIRCLE('',#636,1.25);
#636 = AXIS2_PLACEMENT_3D('',#637,#638,#639);
#637 = CARTESIAN_POINT('',(-19.25,-28.74838594839,-15.));
#638 = DIRECTION('',(0.,-2.2E-16,1.));
#639 = DIRECTION('',(1.,0.,0.));
#640 = ORIENTED_EDGE('',*,*,#641,.T.);
#641 = EDGE_CURVE('',#633,#642,#644,.T.);
#642 = VERTEX_POINT('',#643);
#643 = CARTESIAN_POINT('',(11.558431564892,-29.99838594839,-15.));
#644 = LINE('',#645,#646);
#645 = CARTESIAN_POINT('',(-19.25,-29.99838594839,-15.));
#646 = VECTOR('',#647,1.);
#647 = DIRECTION('',(1.,0.,0.));
#648 = ORIENTED_EDGE('',*,*,#649,.T.);
#649 = EDGE_CURVE('',#642,#650,#652,.T.);
#650 = VERTEX_POINT('',#651);
#651 = CARTESIAN_POINT('',(12.15279073417,-27.64873274038,-15.));
#652 = CIRCLE('',#653,1.25);
#653 = AXIS2_PLACEMENT_3D('',#654,#655,#656);
#654 = CARTESIAN_POINT('',(11.558431564892,-28.74838594839,-15.));
#655 = DIRECTION('',(0.,-2.2E-16,1.));
#656 = DIRECTION('',(1.,0.,0.));
#657 = ORIENTED_EDGE('',*,*,#658,.T.);
#658 = EDGE_CURVE('',#650,#659,#661,.T.);
#659 = VERTEX_POINT('',#660);
#660 = CARTESIAN_POINT('',(-18.65564083072,-10.9968704458,-15.));
#661 = LINE('',#662,#663);
#662 = CARTESIAN_POINT('',(12.15279073417,-27.64873274038,-15.));
#663 = VECTOR('',#664,1.);
#664 = DIRECTION('',(-0.879722566411,0.475487335422,1.1E-16));
#665 = ORIENTED_EDGE('',*,*,#666,.T.);
#666 = EDGE_CURVE('',#659,#667,#669,.T.);
#667 = VERTEX_POINT('',#668);
#668 = CARTESIAN_POINT('',(-20.5,-12.09652365381,-15.));
#669 = CIRCLE('',#670,1.25);
#670 = AXIS2_PLACEMENT_3D('',#671,#672,#673);
#671 = CARTESIAN_POINT('',(-19.25,-12.09652365381,-15.));
#672 = DIRECTION('',(0.,-2.2E-16,1.));
#673 = DIRECTION('',(1.,0.,0.));
#674 = ORIENTED_EDGE('',*,*,#675,.T.);
#675 = EDGE_CURVE('',#667,#631,#676,.T.);
#676 = LINE('',#677,#678);
#677 = CARTESIAN_POINT('',(-20.5,-12.09652365381,-15.));
#678 = VECTOR('',#679,1.);
#679 = DIRECTION('',(0.,-1.,-2.2E-16));
#680 = FACE_BOUND('',#681,.T.);
#681 = EDGE_LOOP('',(#682,#693,#701,#710,#718,#727));
#682 = ORIENTED_EDGE('',*,*,#683,.T.);
#683 = EDGE_CURVE('',#684,#686,#688,.T.);
#684 = VERTEX_POINT('',#685);
#685 = CARTESIAN_POINT('',(20.155640830723,-24.00312955419,-15.));
#686 = VERTEX_POINT('',#687);
#687 = CARTESIAN_POINT('',(22.,-22.90347634618,-15.));
#688 = CIRCLE('',#689,1.25);
#689 = AXIS2_PLACEMENT_3D('',#690,#691,#692);
#690 = CARTESIAN_POINT('',(20.75,-22.90347634618,-15.));
#691 = DIRECTION('',(0.,-2.2E-16,1.));
#692 = DIRECTION('',(1.,0.,0.));
#693 = ORIENTED_EDGE('',*,*,#694,.T.);
#694 = EDGE_CURVE('',#686,#695,#697,.T.);
#695 = VERTEX_POINT('',#696);
#696 = CARTESIAN_POINT('',(22.,-6.25,-15.));
#697 = LINE('',#698,#699);
#698 = CARTESIAN_POINT('',(22.,-22.90347634618,-15.));
#699 = VECTOR('',#700,1.);
#700 = DIRECTION('',(0.,1.,2.2E-16));
#701 = ORIENTED_EDGE('',*,*,#702,.T.);
#702 = EDGE_CURVE('',#695,#703,#705,.T.);
#703 = VERTEX_POINT('',#704);
#704 = CARTESIAN_POINT('',(20.75,-5.,-15.));
#705 = CIRCLE('',#706,1.25);
#706 = AXIS2_PLACEMENT_3D('',#707,#708,#709);
#707 = CARTESIAN_POINT('',(20.75,-6.25,-15.));
#708 = DIRECTION('',(0.,-2.2E-16,1.));
#709 = DIRECTION('',(1.,0.,0.));
#710 = ORIENTED_EDGE('',*,*,#711,.T.);
#711 = EDGE_CURVE('',#703,#712,#714,.T.);
#712 = VERTEX_POINT('',#713);
#713 = CARTESIAN_POINT('',(-10.06141780135,-5.,-15.));
#714 = LINE('',#715,#716);
#715 = CARTESIAN_POINT('',(20.75,-5.,-15.));
#716 = VECTOR('',#717,1.);
#717 = DIRECTION('',(-1.,0.,0.));
#718 = ORIENTED_EDGE('',*,*,#719,.T.);
#719 = EDGE_CURVE('',#712,#720,#722,.T.);
#720 = VERTEX_POINT('',#721);
#721 = CARTESIAN_POINT('',(-10.65577697063,-7.349653208014,-15.));
#722 = CIRCLE('',#723,1.25);
#723 = AXIS2_PLACEMENT_3D('',#724,#725,#726);
#724 = CARTESIAN_POINT('',(-10.06141780135,-6.25,-15.));
#725 = DIRECTION('',(0.,-2.2E-16,1.));
#726 = DIRECTION('',(1.,0.,0.));
#727 = ORIENTED_EDGE('',*,*,#728,.T.);
#728 = EDGE_CURVE('',#720,#684,#729,.T.);
#729 = LINE('',#730,#731);
#730 = CARTESIAN_POINT('',(-10.65577697063,-7.349653208014,-15.));
#731 = VECTOR('',#732,1.);
#732 = DIRECTION('',(0.879722566411,-0.475487335422,-1.1E-16));
#733 = PLANE('',#734);
#734 = AXIS2_PLACEMENT_3D('',#735,#736,#737);
#735 = CARTESIAN_POINT('',(0.,-19.,-15.));
#736 = DIRECTION('',(0.,-8.E-17,-1.));
#737 = DIRECTION('',(0.,1.,-8.E-17));
#738 = ADVANCED_FACE('',(#739),#775,.F.);
#739 = FACE_BOUND('',#740,.F.);
#740 = EDGE_LOOP('',(#741,#742,#750,#758,#764,#765,#766,#767,#768,#769)
  );
#741 = ORIENTED_EDGE('',*,*,#493,.T.);
#742 = ORIENTED_EDGE('',*,*,#743,.T.);
#743 = EDGE_CURVE('',#494,#744,#746,.T.);
#744 = VERTEX_POINT('',#745);
#745 = CARTESIAN_POINT('',(23.5,-13.,10.));
#746 = LINE('',#747,#748);
#747 = CARTESIAN_POINT('',(23.5,-2.22E-15,10.));
#748 = VECTOR('',#749,1.);
#749 = DIRECTION('',(0.,-1.,-2.2E-16));
#750 = ORIENTED_EDGE('',*,*,#751,.T.);
#751 = EDGE_CURVE('',#744,#752,#754,.T.);
#752 = VERTEX_POINT('',#753);
#753 = CARTESIAN_POINT('',(23.5,-13.,-10.));
#754 = LINE('',#755,#756);
#755 = CARTESIAN_POINT('',(23.5,-13.,10.));
#756 = VECTOR('',#757,1.);
#757 = DIRECTION('',(0.,2.2E-16,-1.));
#758 = ORIENTED_EDGE('',*,*,#759,.F.);
#759 = EDGE_CURVE('',#518,#752,#760,.T.);
#760 = LINE('',#761,#762);
#761 = CARTESIAN_POINT('',(23.5,2.22E-15,-10.));
#762 = VECTOR('',#763,1.);
#763 = DIRECTION('',(0.,-1.,-2.2E-16));
#764 = ORIENTED_EDGE('',*,*,#525,.T.);
#765 = ORIENTED_EDGE('',*,*,#566,.T.);
#766 = ORIENTED_EDGE('',*,*,#216,.F.);
#767 = ORIENTED_EDGE('',*,*,#278,.F.);
#768 = ORIENTED_EDGE('',*,*,#326,.F.);
#769 = ORIENTED_EDGE('',*,*,#770,.F.);
#770 = EDGE_CURVE('',#486,#327,#771,.T.);
#771 = LINE('',#772,#773);
#772 = CARTESIAN_POINT('',(23.5,-2.5,8.5));
#773 = VECTOR('',#774,1.);
#774 = DIRECTION('',(0.,-0.707106781187,-0.707106781187));
#775 = PLANE('',#776);
#776 = AXIS2_PLACEMENT_3D('',#777,#778,#779);
#777 = CARTESIAN_POINT('',(23.5,-2.22E-15,10.));
#778 = DIRECTION('',(1.,0.,0.));
#779 = DIRECTION('',(0.,2.2E-16,-1.));
#780 = ADVANCED_FACE('',(#781,#831),#865,.T.);
#781 = FACE_BOUND('',#782,.T.);
#782 = EDGE_LOOP('',(#783,#793,#801,#809,#817,#823,#824,#825));
#783 = ORIENTED_EDGE('',*,*,#784,.T.);
#784 = EDGE_CURVE('',#785,#787,#789,.T.);
#785 = VERTEX_POINT('',#786);
#786 = CARTESIAN_POINT('',(26.585786437627,-38.,14.));
#787 = VERTEX_POINT('',#788);
#788 = CARTESIAN_POINT('',(-26.58578643762,-38.,14.));
#789 = LINE('',#790,#791);
#790 = CARTESIAN_POINT('',(27.,-38.,14.));
#791 = VECTOR('',#792,1.);
#792 = DIRECTION('',(-1.,0.,0.));
#793 = ORIENTED_EDGE('',*,*,#794,.T.);
#794 = EDGE_CURVE('',#787,#795,#797,.T.);
#795 = VERTEX_POINT('',#796);
#796 = CARTESIAN_POINT('',(-29.,-38.,11.585786437627));
#797 = LINE('',#798,#799);
#798 = CARTESIAN_POINT('',(-26.29289321881,-38.,14.292893218813));
#799 = VECTOR('',#800,1.);
#800 = DIRECTION('',(-0.707106781187,-3.3E-16,-0.707106781187));
#801 = ORIENTED_EDGE('',*,*,#802,.T.);
#802 = EDGE_CURVE('',#795,#803,#805,.T.);
#803 = VERTEX_POINT('',#804);
#804 = CARTESIAN_POINT('',(-29.,-38.,-11.58578643762));
#805 = LINE('',#806,#807);
#806 = CARTESIAN_POINT('',(-29.,-38.,12.));
#807 = VECTOR('',#808,1.);
#808 = DIRECTION('',(0.,-4.4E-16,-1.));
#809 = ORIENTED_EDGE('',*,*,#810,.T.);
#810 = EDGE_CURVE('',#803,#811,#813,.T.);
#811 = VERTEX_POINT('',#812);
#812 = CARTESIAN_POINT('',(-26.58578643762,-38.,-14.));
#813 = LINE('',#814,#815);
#814 = CARTESIAN_POINT('',(-29.29289321881,-38.,-11.29289321881));
#815 = VECTOR('',#816,1.);
#816 = DIRECTION('',(0.707106781187,-3.3E-16,-0.707106781187));
#817 = ORIENTED_EDGE('',*,*,#818,.T.);
#818 = EDGE_CURVE('',#811,#582,#819,.T.);
#819 = LINE('',#820,#821);
#820 = CARTESIAN_POINT('',(-27.,-38.,-14.));
#821 = VECTOR('',#822,1.);
#822 = DIRECTION('',(1.,0.,0.));
#823 = ORIENTED_EDGE('',*,*,#589,.T.);
#824 = ORIENTED_EDGE('',*,*,#246,.T.);
#825 = ORIENTED_EDGE('',*,*,#826,.F.);
#826 = EDGE_CURVE('',#785,#247,#827,.T.);
#827 = LINE('',#828,#829);
#828 = CARTESIAN_POINT('',(26.292893218813,-38.,14.292893218813));
#829 = VECTOR('',#830,1.);
#830 = DIRECTION('',(0.707106781187,-3.3E-16,-0.707106781187));
#831 = FACE_BOUND('',#832,.T.);
#832 = EDGE_LOOP('',(#833,#843,#851,#859));
#833 = ORIENTED_EDGE('',*,*,#834,.T.);
#834 = EDGE_CURVE('',#835,#837,#839,.T.);
#835 = VERTEX_POINT('',#836);
#836 = CARTESIAN_POINT('',(27.499999999902,-38.,10.));
#837 = VERTEX_POINT('',#838);
#838 = CARTESIAN_POINT('',(27.499999999902,-38.,-10.));
#839 = LINE('',#840,#841);
#840 = CARTESIAN_POINT('',(27.499999999902,-38.,10.));
#841 = VECTOR('',#842,1.);
#842 = DIRECTION('',(0.,0.,-1.));
#843 = ORIENTED_EDGE('',*,*,#844,.T.);
#844 = EDGE_CURVE('',#837,#845,#847,.T.);
#845 = VERTEX_POINT('',#846);
#846 = CARTESIAN_POINT('',(-27.5,-38.,-10.));
#847 = LINE('',#848,#849);
#848 = CARTESIAN_POINT('',(30.,-38.,-10.));
#849 = VECTOR('',#850,1.);
#850 = DIRECTION('',(-1.,0.,0.));
#851 = ORIENTED_EDGE('',*,*,#852,.F.);
#852 = EDGE_CURVE('',#853,#845,#855,.T.);
#853 = VERTEX_POINT('',#854);
#854 = CARTESIAN_POINT('',(-27.5,-38.,10.));
#855 = LINE('',#856,#857);
#856 = CARTESIAN_POINT('',(-27.5,-38.,10.));
#857 = VECTOR('',#858,1.);
#858 = DIRECTION('',(0.,0.,-1.));
#859 = ORIENTED_EDGE('',*,*,#860,.T.);
#860 = EDGE_CURVE('',#853,#835,#861,.T.);
#861 = LINE('',#862,#863);
#862 = CARTESIAN_POINT('',(-30.,-38.,10.));
#863 = VECTOR('',#864,1.);
#864 = DIRECTION('',(1.,0.,0.));
#865 = PLANE('',#866);
#866 = AXIS2_PLACEMENT_3D('',#867,#868,#869);
#867 = CARTESIAN_POINT('',(0.,-38.,7.2E-16));
#868 = DIRECTION('',(0.,-1.,2.5E-16));
#869 = DIRECTION('',(0.,2.5E-16,1.));
#870 = ADVANCED_FACE('',(#871),#882,.T.);
#871 = FACE_BOUND('',#872,.T.);
#872 = EDGE_LOOP('',(#873,#879,#880,#881));
#873 = ORIENTED_EDGE('',*,*,#874,.F.);
#874 = EDGE_CURVE('',#785,#303,#875,.T.);
#875 = LINE('',#876,#877);
#876 = CARTESIAN_POINT('',(26.809256430169,-37.46049571322,
    14.53950428678));
#877 = VECTOR('',#878,1.);
#878 = DIRECTION('',(0.281084637715,0.678598344546,0.678598344546));
#879 = ORIENTED_EDGE('',*,*,#826,.T.);
#880 = ORIENTED_EDGE('',*,*,#254,.T.);
#881 = ORIENTED_EDGE('',*,*,#310,.F.);
#882 = PLANE('',#883);
#883 = AXIS2_PLACEMENT_3D('',#884,#885,#886);
#884 = CARTESIAN_POINT('',(26.646446609407,-37.5,14.646446609407));
#885 = DIRECTION('',(0.5,-0.707106781187,0.5));
#886 = DIRECTION('',(0.707106781187,-2.22044604925E-16,-0.707106781187)
  );
#887 = ADVANCED_FACE('',(#888),#899,.T.);
#888 = FACE_BOUND('',#889,.F.);
#889 = EDGE_LOOP('',(#890,#891,#892,#898));
#890 = ORIENTED_EDGE('',*,*,#366,.F.);
#891 = ORIENTED_EDGE('',*,*,#294,.T.);
#892 = ORIENTED_EDGE('',*,*,#893,.T.);
#893 = EDGE_CURVE('',#295,#471,#894,.T.);
#894 = LINE('',#895,#896);
#895 = CARTESIAN_POINT('',(26.641653935763,-1.634876071695,
    14.134876071695));
#896 = VECTOR('',#897,1.);
#897 = DIRECTION('',(-0.281084637715,0.678598344546,-0.678598344546));
#898 = ORIENTED_EDGE('',*,*,#478,.F.);
#899 = PLANE('',#900);
#900 = AXIS2_PLACEMENT_3D('',#901,#902,#903);
#901 = CARTESIAN_POINT('',(29.646446609407,-2.,11.646446609407));
#902 = DIRECTION('',(0.5,0.707106781187,0.5));
#903 = DIRECTION('',(0.707106781187,-2.775557561563E-17,-0.707106781187)
  );
#904 = ADVANCED_FACE('',(#905,#930,#983),#1036,.T.);
#905 = FACE_BOUND('',#906,.T.);
#906 = EDGE_LOOP('',(#907,#908,#916,#924));
#907 = ORIENTED_EDGE('',*,*,#302,.F.);
#908 = ORIENTED_EDGE('',*,*,#909,.T.);
#909 = EDGE_CURVE('',#295,#910,#912,.T.);
#910 = VERTEX_POINT('',#911);
#911 = CARTESIAN_POINT('',(-27.,-2.5,15.));
#912 = LINE('',#913,#914);
#913 = CARTESIAN_POINT('',(27.,-2.5,15.));
#914 = VECTOR('',#915,1.);
#915 = DIRECTION('',(-1.,0.,0.));
#916 = ORIENTED_EDGE('',*,*,#917,.T.);
#917 = EDGE_CURVE('',#910,#918,#920,.T.);
#918 = VERTEX_POINT('',#919);
#919 = CARTESIAN_POINT('',(-27.,-37.,15.));
#920 = LINE('',#921,#922);
#921 = CARTESIAN_POINT('',(-27.,7.33E-15,15.));
#922 = VECTOR('',#923,1.);
#923 = DIRECTION('',(0.,-1.,4.4E-16));
#924 = ORIENTED_EDGE('',*,*,#925,.F.);
#925 = EDGE_CURVE('',#303,#918,#926,.T.);
#926 = LINE('',#927,#928);
#927 = CARTESIAN_POINT('',(27.,-37.,15.));
#928 = VECTOR('',#929,1.);
#929 = DIRECTION('',(-1.,0.,0.));
#930 = FACE_BOUND('',#931,.T.);
#931 = EDGE_LOOP('',(#932,#943,#951,#960,#968,#977));
#932 = ORIENTED_EDGE('',*,*,#933,.T.);
#933 = EDGE_CURVE('',#934,#936,#938,.T.);
#934 = VERTEX_POINT('',#935);
#935 = CARTESIAN_POINT('',(12.15279073417,-27.64873274038,15.));
#936 = VERTEX_POINT('',#937);
#937 = CARTESIAN_POINT('',(11.558431564892,-29.99838594839,15.));
#938 = CIRCLE('',#939,1.25);
#939 = AXIS2_PLACEMENT_3D('',#940,#941,#942);
#940 = CARTESIAN_POINT('',(11.558431564892,-28.74838594839,15.));
#941 = DIRECTION('',(0.,0.,-1.));
#942 = DIRECTION('',(1.,0.,0.));
#943 = ORIENTED_EDGE('',*,*,#944,.T.);
#944 = EDGE_CURVE('',#936,#945,#947,.T.);
#945 = VERTEX_POINT('',#946);
#946 = CARTESIAN_POINT('',(-19.25,-29.99838594839,15.));
#947 = LINE('',#948,#949);
#948 = CARTESIAN_POINT('',(-9.625,-29.99838594839,15.));
#949 = VECTOR('',#950,1.);
#950 = DIRECTION('',(-1.,0.,0.));
#951 = ORIENTED_EDGE('',*,*,#952,.T.);
#952 = EDGE_CURVE('',#945,#953,#955,.T.);
#953 = VERTEX_POINT('',#954);
#954 = CARTESIAN_POINT('',(-20.5,-28.74838594839,15.));
#955 = CIRCLE('',#956,1.25);
#956 = AXIS2_PLACEMENT_3D('',#957,#958,#959);
#957 = CARTESIAN_POINT('',(-19.25,-28.74838594839,15.));
#958 = DIRECTION('',(0.,0.,-1.));
#959 = DIRECTION('',(1.,0.,0.));
#960 = ORIENTED_EDGE('',*,*,#961,.T.);
#961 = EDGE_CURVE('',#953,#962,#964,.T.);
#962 = VERTEX_POINT('',#963);
#963 = CARTESIAN_POINT('',(-20.5,-12.09652365381,15.));
#964 = LINE('',#965,#966);
#965 = CARTESIAN_POINT('',(-20.5,-15.5482618269,15.));
#966 = VECTOR('',#967,1.);
#967 = DIRECTION('',(0.,1.,-8.E-17));
#968 = ORIENTED_EDGE('',*,*,#969,.T.);
#969 = EDGE_CURVE('',#962,#970,#972,.T.);
#970 = VERTEX_POINT('',#971);
#971 = CARTESIAN_POINT('',(-18.65564083072,-10.9968704458,15.));
#972 = CIRCLE('',#973,1.25);
#973 = AXIS2_PLACEMENT_3D('',#974,#975,#976);
#974 = CARTESIAN_POINT('',(-19.25,-12.09652365381,15.));
#975 = DIRECTION('',(0.,0.,-1.));
#976 = DIRECTION('',(1.,0.,0.));
#977 = ORIENTED_EDGE('',*,*,#978,.T.);
#978 = EDGE_CURVE('',#970,#934,#979,.T.);
#979 = LINE('',#980,#981);
#980 = CARTESIAN_POINT('',(5.641327479643,-24.12930692273,15.));
#981 = VECTOR('',#982,1.);
#982 = DIRECTION('',(0.879722566411,-0.475487335422,3.E-17));
#983 = FACE_BOUND('',#984,.T.);
#984 = EDGE_LOOP('',(#985,#996,#1004,#1013,#1021,#1030));
#985 = ORIENTED_EDGE('',*,*,#986,.T.);
#986 = EDGE_CURVE('',#987,#989,#991,.T.);
#987 = VERTEX_POINT('',#988);
#988 = CARTESIAN_POINT('',(20.75,-5.,15.));
#989 = VERTEX_POINT('',#990);
#990 = CARTESIAN_POINT('',(22.,-6.25,15.));
#991 = CIRCLE('',#992,1.25);
#992 = AXIS2_PLACEMENT_3D('',#993,#994,#995);
#993 = CARTESIAN_POINT('',(20.75,-6.25,15.));
#994 = DIRECTION('',(0.,0.,-1.));
#995 = DIRECTION('',(1.,0.,0.));
#996 = ORIENTED_EDGE('',*,*,#997,.T.);
#997 = EDGE_CURVE('',#989,#998,#1000,.T.);
#998 = VERTEX_POINT('',#999);
#999 = CARTESIAN_POINT('',(22.,-22.90347634618,15.));
#1000 = LINE('',#1001,#1002);
#1001 = CARTESIAN_POINT('',(22.,-20.95173817309,15.));
#1002 = VECTOR('',#1003,1.);
#1003 = DIRECTION('',(0.,-1.,8.E-17));
#1004 = ORIENTED_EDGE('',*,*,#1005,.T.);
#1005 = EDGE_CURVE('',#998,#1006,#1008,.T.);
#1006 = VERTEX_POINT('',#1007);
#1007 = CARTESIAN_POINT('',(20.155640830723,-24.00312955419,15.));
#1008 = CIRCLE('',#1009,1.25);
#1009 = AXIS2_PLACEMENT_3D('',#1010,#1011,#1012);
#1010 = CARTESIAN_POINT('',(20.75,-22.90347634618,15.));
#1011 = DIRECTION('',(0.,0.,-1.));
#1012 = DIRECTION('',(1.,0.,0.));
#1013 = ORIENTED_EDGE('',*,*,#1014,.T.);
#1014 = EDGE_CURVE('',#1006,#1015,#1017,.T.);
#1015 = VERTEX_POINT('',#1016);
#1016 = CARTESIAN_POINT('',(-10.65577697063,-7.349653208014,15.));
#1017 = LINE('',#1018,#1019);
#1018 = CARTESIAN_POINT('',(-4.095809034743,-10.89529565641,15.));
#1019 = VECTOR('',#1020,1.);
#1020 = DIRECTION('',(-0.879722566411,0.475487335422,-3.E-17));
#1021 = ORIENTED_EDGE('',*,*,#1022,.T.);
#1022 = EDGE_CURVE('',#1015,#1023,#1025,.T.);
#1023 = VERTEX_POINT('',#1024);
#1024 = CARTESIAN_POINT('',(-10.06141780135,-5.,15.));
#1025 = CIRCLE('',#1026,1.25);
#1026 = AXIS2_PLACEMENT_3D('',#1027,#1028,#1029);
#1027 = CARTESIAN_POINT('',(-10.06141780135,-6.25,15.));
#1028 = DIRECTION('',(0.,0.,-1.));
#1029 = DIRECTION('',(1.,0.,0.));
#1030 = ORIENTED_EDGE('',*,*,#1031,.T.);
#1031 = EDGE_CURVE('',#1023,#987,#1032,.T.);
#1032 = LINE('',#1033,#1034);
#1033 = CARTESIAN_POINT('',(10.375,-5.,15.));
#1034 = VECTOR('',#1035,1.);
#1035 = DIRECTION('',(1.,0.,0.));
#1036 = PLANE('',#1037);
#1037 = AXIS2_PLACEMENT_3D('',#1038,#1039,#1040);
#1038 = CARTESIAN_POINT('',(0.,-19.,15.));
#1039 = DIRECTION('',(0.,8.E-17,1.));
#1040 = DIRECTION('',(0.,-1.,8.E-17));
#1041 = ADVANCED_FACE('',(#1042),#1048,.T.);
#1042 = FACE_BOUND('',#1043,.T.);
#1043 = EDGE_LOOP('',(#1044,#1045,#1046,#1047));
#1044 = ORIENTED_EDGE('',*,*,#770,.F.);
#1045 = ORIENTED_EDGE('',*,*,#485,.T.);
#1046 = ORIENTED_EDGE('',*,*,#387,.T.);
#1047 = ORIENTED_EDGE('',*,*,#334,.F.);
#1048 = PLANE('',#1049);
#1049 = AXIS2_PLACEMENT_3D('',#1050,#1051,#1052);
#1050 = CARTESIAN_POINT('',(23.5,-4.5,6.5));
#1051 = DIRECTION('',(-2.2E-16,0.707106781187,-0.707106781187));
#1052 = DIRECTION('',(1.,4.056349186104E-17,-2.70563491861E-16));
#1053 = ADVANCED_FACE('',(#1054,#1057),#1068,.T.);
#1054 = FACE_BOUND('',#1055,.T.);
#1055 = EDGE_LOOP('',(#1056));
#1056 = ORIENTED_EDGE('',*,*,#412,.T.);
#1057 = FACE_BOUND('',#1058,.T.);
#1058 = EDGE_LOOP('',(#1059));
#1059 = ORIENTED_EDGE('',*,*,#1060,.F.);
#1060 = EDGE_CURVE('',#1061,#1061,#1063,.T.);
#1061 = VERTEX_POINT('',#1062);
#1062 = CARTESIAN_POINT('',(28.,-22.3,-1.1E-14));
#1063 = CIRCLE('',#1064,1.7);
#1064 = AXIS2_PLACEMENT_3D('',#1065,#1066,#1067);
#1065 = CARTESIAN_POINT('',(28.,-24.,-7.105427357601E-15));
#1066 = DIRECTION('',(1.,0.,-2.2E-16));
#1067 = DIRECTION('',(4.84E-32,1.,2.2E-16));
#1068 = PLANE('',#1069);
#1069 = AXIS2_PLACEMENT_3D('',#1070,#1071,#1072);
#1070 = CARTESIAN_POINT('',(28.,-24.,-4.88E-15));
#1071 = DIRECTION('',(1.,0.,-2.4E-16));
#1072 = DIRECTION('',(2.4E-16,-2.2E-16,1.));
#1073 = ADVANCED_FACE('',(#1074),#1085,.T.);
#1074 = FACE_BOUND('',#1075,.T.);
#1075 = EDGE_LOOP('',(#1076,#1082,#1083,#1084));
#1076 = ORIENTED_EDGE('',*,*,#1077,.F.);
#1077 = EDGE_CURVE('',#439,#606,#1078,.T.);
#1078 = LINE('',#1079,#1080);
#1079 = CARTESIAN_POINT('',(-26.80925643016,-2.03950428678,
    -14.53950428678));
#1080 = VECTOR('',#1081,1.);
#1081 = DIRECTION('',(-0.281084637715,-0.678598344546,-0.678598344546));
#1082 = ORIENTED_EDGE('',*,*,#438,.T.);
#1083 = ORIENTED_EDGE('',*,*,#549,.T.);
#1084 = ORIENTED_EDGE('',*,*,#615,.F.);
#1085 = PLANE('',#1086);
#1086 = AXIS2_PLACEMENT_3D('',#1087,#1088,#1089);
#1087 = CARTESIAN_POINT('',(-27.,-2.,-14.5));
#1088 = DIRECTION('',(1.E-17,0.707106781187,-0.707106781187));
#1089 = DIRECTION('',(1.,-7.071067811865E-18,7.071067811865E-18));
#1090 = ADVANCED_FACE('',(#1091),#1267,.T.);
#1091 = FACE_BOUND('',#1092,.T.);
#1092 = EDGE_LOOP('',(#1093,#1103,#1111,#1120,#1129,#1137,#1146,#1154,
    #1163,#1171,#1177,#1178,#1179,#1187,#1196,#1204,#1213,#1221,#1230,
    #1238,#1246,#1252,#1253,#1261));
#1093 = ORIENTED_EDGE('',*,*,#1094,.T.);
#1094 = EDGE_CURVE('',#1095,#1097,#1099,.T.);
#1095 = VERTEX_POINT('',#1096);
#1096 = CARTESIAN_POINT('',(20.5,-28.,-10.));
#1097 = VERTEX_POINT('',#1098);
#1098 = CARTESIAN_POINT('',(20.5,-25.62822121757,-10.));
#1099 = LINE('',#1100,#1101);
#1100 = CARTESIAN_POINT('',(20.5,-28.,-10.));
#1101 = VECTOR('',#1102,1.);
#1102 = DIRECTION('',(0.,1.,-2.2E-16));
#1103 = ORIENTED_EDGE('',*,*,#1104,.T.);
#1104 = EDGE_CURVE('',#1097,#1105,#1107,.T.);
#1105 = VERTEX_POINT('',#1106);
#1106 = CARTESIAN_POINT('',(21.855755076536,-23.48640491017,-10.));
#1107 = LINE('',#1108,#1109);
#1108 = CARTESIAN_POINT('',(18.67545550525,-28.51062912448,-10.));
#1109 = VECTOR('',#1110,1.);
#1110 = DIRECTION('',(0.534846922835,0.844948974278,-3.8E-16));
#1111 = ORIENTED_EDGE('',*,*,#1112,.F.);
#1112 = EDGE_CURVE('',#1113,#1105,#1115,.T.);
#1113 = VERTEX_POINT('',#1114);
#1114 = CARTESIAN_POINT('',(20.5,-24.12822121757,-10.));
#1115 = CIRCLE('',#1116,1.25);
#1116 = AXIS2_PLACEMENT_3D('',#1117,#1118,#1119);
#1117 = CARTESIAN_POINT('',(20.75,-22.90347634618,-10.));
#1118 = DIRECTION('',(0.,2.2E-16,1.));
#1119 = DIRECTION('',(0.,1.,-2.2E-16));
#1120 = ORIENTED_EDGE('',*,*,#1121,.T.);
#1121 = EDGE_CURVE('',#1113,#1122,#1124,.T.);
#1122 = VERTEX_POINT('',#1123);
#1123 = CARTESIAN_POINT('',(20.155640830723,-24.00312955419,-10.));
#1124 = CIRCLE('',#1125,1.25);
#1125 = AXIS2_PLACEMENT_3D('',#1126,#1127,#1128);
#1126 = CARTESIAN_POINT('',(20.75,-22.90347634618,-10.));
#1127 = DIRECTION('',(0.,0.,-1.));
#1128 = DIRECTION('',(1.,0.,0.));
#1129 = ORIENTED_EDGE('',*,*,#1130,.T.);
#1130 = EDGE_CURVE('',#1122,#1131,#1133,.T.);
#1131 = VERTEX_POINT('',#1132);
#1132 = CARTESIAN_POINT('',(-10.65577697063,-7.349653208014,-10.));
#1133 = LINE('',#1134,#1135);
#1134 = CARTESIAN_POINT('',(-3.295064931084,-11.32809537617,-10.));
#1135 = VECTOR('',#1136,1.);
#1136 = DIRECTION('',(-0.879722566411,0.475487335422,-1.E-16));
#1137 = ORIENTED_EDGE('',*,*,#1138,.T.);
#1138 = EDGE_CURVE('',#1131,#1139,#1141,.T.);
#1139 = VERTEX_POINT('',#1140);
#1140 = CARTESIAN_POINT('',(-10.06141780135,-5.,-10.));
#1141 = CIRCLE('',#1142,1.25);
#1142 = AXIS2_PLACEMENT_3D('',#1143,#1144,#1145);
#1143 = CARTESIAN_POINT('',(-10.06141780135,-6.25,-10.));
#1144 = DIRECTION('',(0.,0.,-1.));
#1145 = DIRECTION('',(1.,0.,0.));
#1146 = ORIENTED_EDGE('',*,*,#1147,.T.);
#1147 = EDGE_CURVE('',#1139,#1148,#1150,.T.);
#1148 = VERTEX_POINT('',#1149);
#1149 = CARTESIAN_POINT('',(20.75,-5.,-10.));
#1150 = LINE('',#1151,#1152);
#1151 = CARTESIAN_POINT('',(10.798267326733,-5.,-10.));
#1152 = VECTOR('',#1153,1.);
#1153 = DIRECTION('',(1.,0.,0.));
#1154 = ORIENTED_EDGE('',*,*,#1155,.T.);
#1155 = EDGE_CURVE('',#1148,#1156,#1158,.T.);
#1156 = VERTEX_POINT('',#1157);
#1157 = CARTESIAN_POINT('',(22.,-6.25,-10.));
#1158 = CIRCLE('',#1159,1.25);
#1159 = AXIS2_PLACEMENT_3D('',#1160,#1161,#1162);
#1160 = CARTESIAN_POINT('',(20.75,-6.25,-10.));
#1161 = DIRECTION('',(0.,0.,-1.));
#1162 = DIRECTION('',(1.,0.,0.));
#1163 = ORIENTED_EDGE('',*,*,#1164,.T.);
#1164 = EDGE_CURVE('',#1156,#1165,#1167,.T.);
#1165 = VERTEX_POINT('',#1166);
#1166 = CARTESIAN_POINT('',(22.,-13.,-10.));
#1167 = LINE('',#1168,#1169);
#1168 = CARTESIAN_POINT('',(22.,-22.0829262919,-10.));
#1169 = VECTOR('',#1170,1.);
#1170 = DIRECTION('',(0.,-1.,2.3E-16));
#1171 = ORIENTED_EDGE('',*,*,#1172,.F.);
#1172 = EDGE_CURVE('',#752,#1165,#1173,.T.);
#1173 = LINE('',#1174,#1175);
#1174 = CARTESIAN_POINT('',(23.5,-13.,-10.));
#1175 = VECTOR('',#1176,1.);
#1176 = DIRECTION('',(-1.,0.,-0.));
#1177 = ORIENTED_EDGE('',*,*,#759,.F.);
#1178 = ORIENTED_EDGE('',*,*,#517,.T.);
#1179 = ORIENTED_EDGE('',*,*,#1180,.F.);
#1180 = EDGE_CURVE('',#1181,#510,#1183,.T.);
#1181 = VERTEX_POINT('',#1182);
#1182 = CARTESIAN_POINT('',(-20.5,-12.09652365381,-10.));
#1183 = LINE('',#1184,#1185);
#1184 = CARTESIAN_POINT('',(-20.5,-28.,-10.));
#1185 = VECTOR('',#1186,1.);
#1186 = DIRECTION('',(0.,1.,-2.2E-16));
#1187 = ORIENTED_EDGE('',*,*,#1188,.T.);
#1188 = EDGE_CURVE('',#1181,#1189,#1191,.T.);
#1189 = VERTEX_POINT('',#1190);
#1190 = CARTESIAN_POINT('',(-18.65564083072,-10.9968704458,-10.));
#1191 = CIRCLE('',#1192,1.25);
#1192 = AXIS2_PLACEMENT_3D('',#1193,#1194,#1195);
#1193 = CARTESIAN_POINT('',(-19.25,-12.09652365381,-10.));
#1194 = DIRECTION('',(0.,0.,-1.));
#1195 = DIRECTION('',(1.,0.,0.));
#1196 = ORIENTED_EDGE('',*,*,#1197,.T.);
#1197 = EDGE_CURVE('',#1189,#1198,#1200,.T.);
#1198 = VERTEX_POINT('',#1199);
#1199 = CARTESIAN_POINT('',(12.15279073417,-27.64873274038,-10.));
#1200 = LINE('',#1201,#1202);
#1201 = CARTESIAN_POINT('',(6.442071583301,-24.56210664249,-10.));
#1202 = VECTOR('',#1203,1.);
#1203 = DIRECTION('',(0.879722566411,-0.475487335422,1.E-16));
#1204 = ORIENTED_EDGE('',*,*,#1205,.T.);
#1205 = EDGE_CURVE('',#1198,#1206,#1208,.T.);
#1206 = VERTEX_POINT('',#1207);
#1207 = CARTESIAN_POINT('',(11.558431564892,-29.99838594839,-10.));
#1208 = CIRCLE('',#1209,1.25);
#1209 = AXIS2_PLACEMENT_3D('',#1210,#1211,#1212);
#1210 = CARTESIAN_POINT('',(11.558431564892,-28.74838594839,-10.));
#1211 = DIRECTION('',(0.,0.,-1.));
#1212 = DIRECTION('',(1.,0.,0.));
#1213 = ORIENTED_EDGE('',*,*,#1214,.T.);
#1214 = EDGE_CURVE('',#1206,#1215,#1217,.T.);
#1215 = VERTEX_POINT('',#1216);
#1216 = CARTESIAN_POINT('',(-19.25,-29.99838594839,-10.));
#1217 = LINE('',#1218,#1219);
#1218 = CARTESIAN_POINT('',(-9.201732673267,-29.99838594839,-10.));
#1219 = VECTOR('',#1220,1.);
#1220 = DIRECTION('',(-1.,0.,0.));
#1221 = ORIENTED_EDGE('',*,*,#1222,.T.);
#1222 = EDGE_CURVE('',#1215,#1223,#1225,.T.);
#1223 = VERTEX_POINT('',#1224);
#1224 = CARTESIAN_POINT('',(-20.5,-28.74838594839,-10.));
#1225 = CIRCLE('',#1226,1.25);
#1226 = AXIS2_PLACEMENT_3D('',#1227,#1228,#1229);
#1227 = CARTESIAN_POINT('',(-19.25,-28.74838594839,-10.));
#1228 = DIRECTION('',(0.,0.,-1.));
#1229 = DIRECTION('',(1.,0.,0.));
#1230 = ORIENTED_EDGE('',*,*,#1231,.T.);
#1231 = EDGE_CURVE('',#1223,#1232,#1234,.T.);
#1232 = VERTEX_POINT('',#1233);
#1233 = CARTESIAN_POINT('',(-20.5,-28.,-10.));
#1234 = LINE('',#1235,#1236);
#1235 = CARTESIAN_POINT('',(-20.5,-16.67944994572,-10.));
#1236 = VECTOR('',#1237,1.);
#1237 = DIRECTION('',(0.,1.,-2.3E-16));
#1238 = ORIENTED_EDGE('',*,*,#1239,.T.);
#1239 = EDGE_CURVE('',#1232,#1240,#1242,.T.);
#1240 = VERTEX_POINT('',#1241);
#1241 = CARTESIAN_POINT('',(-27.5,-28.,-10.));
#1242 = LINE('',#1243,#1244);
#1243 = CARTESIAN_POINT('',(30.,-28.,-10.));
#1244 = VECTOR('',#1245,1.);
#1245 = DIRECTION('',(-1.,0.,0.));
#1246 = ORIENTED_EDGE('',*,*,#1247,.T.);
#1247 = EDGE_CURVE('',#1240,#845,#1248,.T.);
#1248 = LINE('',#1249,#1250);
#1249 = CARTESIAN_POINT('',(-27.5,-28.,-10.));
#1250 = VECTOR('',#1251,1.);
#1251 = DIRECTION('',(0.,-1.,-2.2E-16));
#1252 = ORIENTED_EDGE('',*,*,#844,.F.);
#1253 = ORIENTED_EDGE('',*,*,#1254,.T.);
#1254 = EDGE_CURVE('',#837,#1255,#1257,.T.);
#1255 = VERTEX_POINT('',#1256);
#1256 = CARTESIAN_POINT('',(27.499999999902,-28.,-10.));
#1257 = LINE('',#1258,#1259);
#1258 = CARTESIAN_POINT('',(27.499999999902,-38.,-10.));
#1259 = VECTOR('',#1260,1.);
#1260 = DIRECTION('',(0.,1.,2.2E-16));
#1261 = ORIENTED_EDGE('',*,*,#1262,.T.);
#1262 = EDGE_CURVE('',#1255,#1095,#1263,.T.);
#1263 = LINE('',#1264,#1265);
#1264 = CARTESIAN_POINT('',(30.,-28.,-10.));
#1265 = VECTOR('',#1266,1.);
#1266 = DIRECTION('',(-1.,0.,0.));
#1267 = PLANE('',#1268);
#1268 = AXIS2_PLACEMENT_3D('',#1269,#1270,#1271);
#1269 = CARTESIAN_POINT('',(0.846534653465,-21.26237623762,-10.));
#1270 = DIRECTION('',(0.,2.3E-16,1.));
#1271 = DIRECTION('',(0.,-1.,2.3E-16));
#1272 = ADVANCED_FACE('',(#1273),#1291,.F.);
#1273 = FACE_BOUND('',#1274,.F.);
#1274 = EDGE_LOOP('',(#1275,#1276,#1277,#1285));
#1275 = ORIENTED_EDGE('',*,*,#1077,.F.);
#1276 = ORIENTED_EDGE('',*,*,#446,.T.);
#1277 = ORIENTED_EDGE('',*,*,#1278,.T.);
#1278 = EDGE_CURVE('',#447,#1279,#1281,.T.);
#1279 = VERTEX_POINT('',#1280);
#1280 = CARTESIAN_POINT('',(-30.,-2.5,-12.));
#1281 = LINE('',#1282,#1283);
#1282 = CARTESIAN_POINT('',(-26.84595323372,0.654046766272,
    -10.69355105305));
#1283 = VECTOR('',#1284,1.);
#1284 = DIRECTION('',(-0.678598344546,-0.678598344546,-0.281084637715));
#1285 = ORIENTED_EDGE('',*,*,#1286,.F.);
#1286 = EDGE_CURVE('',#606,#1279,#1287,.T.);
#1287 = LINE('',#1288,#1289);
#1288 = CARTESIAN_POINT('',(-27.,-2.5,-15.));
#1289 = VECTOR('',#1290,1.);
#1290 = DIRECTION('',(-0.707106781187,0.,0.707106781187));
#1291 = PLANE('',#1292);
#1292 = AXIS2_PLACEMENT_3D('',#1293,#1294,#1295);
#1293 = CARTESIAN_POINT('',(-26.6464466094,-2.,-14.6464466094));
#1294 = DIRECTION('',(0.5,-0.707106781187,0.5));
#1295 = DIRECTION('',(-0.707106781187,-1.110223024625E-16,0.707106781187
    ));
#1296 = ADVANCED_FACE('',(#1297),#1352,.T.);
#1297 = FACE_BOUND('',#1298,.T.);
#1298 = EDGE_LOOP('',(#1299,#1305,#1306,#1307,#1315,#1321,#1322,#1330,
    #1338,#1344,#1345,#1351));
#1299 = ORIENTED_EDGE('',*,*,#1300,.T.);
#1300 = EDGE_CURVE('',#667,#1181,#1301,.T.);
#1301 = LINE('',#1302,#1303);
#1302 = CARTESIAN_POINT('',(-20.5,-12.09652365381,-15.));
#1303 = VECTOR('',#1304,1.);
#1304 = DIRECTION('',(0.,0.,1.));
#1305 = ORIENTED_EDGE('',*,*,#1180,.T.);
#1306 = ORIENTED_EDGE('',*,*,#509,.T.);
#1307 = ORIENTED_EDGE('',*,*,#1308,.F.);
#1308 = EDGE_CURVE('',#1309,#502,#1311,.T.);
#1309 = VERTEX_POINT('',#1310);
#1310 = CARTESIAN_POINT('',(-20.5,-12.09652365381,10.));
#1311 = LINE('',#1312,#1313);
#1312 = CARTESIAN_POINT('',(-20.5,-28.,10.));
#1313 = VECTOR('',#1314,1.);
#1314 = DIRECTION('',(0.,1.,-2.2E-16));
#1315 = ORIENTED_EDGE('',*,*,#1316,.T.);
#1316 = EDGE_CURVE('',#1309,#962,#1317,.T.);
#1317 = LINE('',#1318,#1319);
#1318 = CARTESIAN_POINT('',(-20.5,-12.09652365381,-15.));
#1319 = VECTOR('',#1320,1.);
#1320 = DIRECTION('',(0.,0.,1.));
#1321 = ORIENTED_EDGE('',*,*,#961,.F.);
#1322 = ORIENTED_EDGE('',*,*,#1323,.F.);
#1323 = EDGE_CURVE('',#1324,#953,#1326,.T.);
#1324 = VERTEX_POINT('',#1325);
#1325 = CARTESIAN_POINT('',(-20.5,-28.74838594839,10.));
#1326 = LINE('',#1327,#1328);
#1327 = CARTESIAN_POINT('',(-20.5,-28.74838594839,-15.));
#1328 = VECTOR('',#1329,1.);
#1329 = DIRECTION('',(0.,0.,1.));
#1330 = ORIENTED_EDGE('',*,*,#1331,.F.);
#1331 = EDGE_CURVE('',#1332,#1324,#1334,.T.);
#1332 = VERTEX_POINT('',#1333);
#1333 = CARTESIAN_POINT('',(-20.5,-28.,10.));
#1334 = LINE('',#1335,#1336);
#1335 = CARTESIAN_POINT('',(-20.5,-16.67944994572,10.));
#1336 = VECTOR('',#1337,1.);
#1337 = DIRECTION('',(0.,-1.,2.9E-16));
#1338 = ORIENTED_EDGE('',*,*,#1339,.T.);
#1339 = EDGE_CURVE('',#1332,#1232,#1340,.T.);
#1340 = LINE('',#1341,#1342);
#1341 = CARTESIAN_POINT('',(-20.5,-28.,10.));
#1342 = VECTOR('',#1343,1.);
#1343 = DIRECTION('',(0.,2.2E-16,-1.));
#1344 = ORIENTED_EDGE('',*,*,#1231,.F.);
#1345 = ORIENTED_EDGE('',*,*,#1346,.F.);
#1346 = EDGE_CURVE('',#631,#1223,#1347,.T.);
#1347 = LINE('',#1348,#1349);
#1348 = CARTESIAN_POINT('',(-20.5,-28.74838594839,-15.));
#1349 = VECTOR('',#1350,1.);
#1350 = DIRECTION('',(0.,0.,1.));
#1351 = ORIENTED_EDGE('',*,*,#675,.F.);
#1352 = PLANE('',#1353);
#1353 = AXIS2_PLACEMENT_3D('',#1354,#1355,#1356);
#1354 = CARTESIAN_POINT('',(-20.5,-15.4410771099,0.));
#1355 = DIRECTION('',(1.,0.,0.));
#1356 = DIRECTION('',(0.,-1.,-2.2E-16));
#1357 = ADVANCED_FACE('',(#1358),#1376,.T.);
#1358 = FACE_BOUND('',#1359,.T.);
#1359 = EDGE_LOOP('',(#1360,#1368,#1369,#1370));
#1360 = ORIENTED_EDGE('',*,*,#1361,.F.);
#1361 = EDGE_CURVE('',#455,#1362,#1364,.T.);
#1362 = VERTEX_POINT('',#1363);
#1363 = CARTESIAN_POINT('',(-30.,-2.5,12.));
#1364 = LINE('',#1365,#1366);
#1365 = CARTESIAN_POINT('',(-29.53950428678,-2.03950428678,
    11.809256430169));
#1366 = VECTOR('',#1367,1.);
#1367 = DIRECTION('',(-0.678598344546,-0.678598344546,0.281084637715));
#1368 = ORIENTED_EDGE('',*,*,#454,.T.);
#1369 = ORIENTED_EDGE('',*,*,#1278,.T.);
#1370 = ORIENTED_EDGE('',*,*,#1371,.F.);
#1371 = EDGE_CURVE('',#1362,#1279,#1372,.T.);
#1372 = LINE('',#1373,#1374);
#1373 = CARTESIAN_POINT('',(-30.,-2.5,12.));
#1374 = VECTOR('',#1375,1.);
#1375 = DIRECTION('',(0.,0.,-1.));
#1376 = PLANE('',#1377);
#1377 = AXIS2_PLACEMENT_3D('',#1378,#1379,#1380);
#1378 = CARTESIAN_POINT('',(-29.5,-2.,12.));
#1379 = DIRECTION('',(-0.707106781187,0.707106781187,-1.E-17));
#1380 = DIRECTION('',(7.071067811865E-18,-7.071067811865E-18,-1.));
#1381 = ADVANCED_FACE('',(#1382),#1542,.T.);
#1382 = FACE_BOUND('',#1383,.T.);
#1383 = EDGE_LOOP('',(#1384,#1394,#1402,#1410,#1416,#1417,#1425,#1431,
    #1432,#1441,#1449,#1458,#1466,#1473,#1474,#1475,#1476,#1484,#1492,
    #1501,#1509,#1518,#1526,#1535));
#1384 = ORIENTED_EDGE('',*,*,#1385,.F.);
#1385 = EDGE_CURVE('',#1386,#1388,#1390,.T.);
#1386 = VERTEX_POINT('',#1387);
#1387 = CARTESIAN_POINT('',(20.5,-25.62822121757,10.));
#1388 = VERTEX_POINT('',#1389);
#1389 = CARTESIAN_POINT('',(21.855755076536,-23.48640491017,10.));
#1390 = LINE('',#1391,#1392);
#1391 = CARTESIAN_POINT('',(18.67545550525,-28.51062912448,10.));
#1392 = VECTOR('',#1393,1.);
#1393 = DIRECTION('',(0.534846922835,0.844948974278,-4.3E-16));
#1394 = ORIENTED_EDGE('',*,*,#1395,.F.);
#1395 = EDGE_CURVE('',#1396,#1386,#1398,.T.);
#1396 = VERTEX_POINT('',#1397);
#1397 = CARTESIAN_POINT('',(20.5,-28.,10.));
#1398 = LINE('',#1399,#1400);
#1399 = CARTESIAN_POINT('',(20.5,-28.,10.));
#1400 = VECTOR('',#1401,1.);
#1401 = DIRECTION('',(0.,1.,-2.2E-16));
#1402 = ORIENTED_EDGE('',*,*,#1403,.T.);
#1403 = EDGE_CURVE('',#1396,#1404,#1406,.T.);
#1404 = VERTEX_POINT('',#1405);
#1405 = CARTESIAN_POINT('',(27.499999999902,-28.,10.));
#1406 = LINE('',#1407,#1408);
#1407 = CARTESIAN_POINT('',(-30.,-28.,10.));
#1408 = VECTOR('',#1409,1.);
#1409 = DIRECTION('',(1.,0.,0.));
#1410 = ORIENTED_EDGE('',*,*,#1411,.F.);
#1411 = EDGE_CURVE('',#835,#1404,#1412,.T.);
#1412 = LINE('',#1413,#1414);
#1413 = CARTESIAN_POINT('',(27.499999999902,-38.,10.));
#1414 = VECTOR('',#1415,1.);
#1415 = DIRECTION('',(0.,1.,2.2E-16));
#1416 = ORIENTED_EDGE('',*,*,#860,.F.);
#1417 = ORIENTED_EDGE('',*,*,#1418,.F.);
#1418 = EDGE_CURVE('',#1419,#853,#1421,.T.);
#1419 = VERTEX_POINT('',#1420);
#1420 = CARTESIAN_POINT('',(-27.5,-28.,10.));
#1421 = LINE('',#1422,#1423);
#1422 = CARTESIAN_POINT('',(-27.5,-28.,10.));
#1423 = VECTOR('',#1424,1.);
#1424 = DIRECTION('',(0.,-1.,-2.2E-16));
#1425 = ORIENTED_EDGE('',*,*,#1426,.T.);
#1426 = EDGE_CURVE('',#1419,#1332,#1427,.T.);
#1427 = LINE('',#1428,#1429);
#1428 = CARTESIAN_POINT('',(-30.,-28.,10.));
#1429 = VECTOR('',#1430,1.);
#1430 = DIRECTION('',(1.,0.,0.));
#1431 = ORIENTED_EDGE('',*,*,#1331,.T.);
#1432 = ORIENTED_EDGE('',*,*,#1433,.F.);
#1433 = EDGE_CURVE('',#1434,#1324,#1436,.T.);
#1434 = VERTEX_POINT('',#1435);
#1435 = CARTESIAN_POINT('',(-19.25,-29.99838594839,10.));
#1436 = CIRCLE('',#1437,1.25);
#1437 = AXIS2_PLACEMENT_3D('',#1438,#1439,#1440);
#1438 = CARTESIAN_POINT('',(-19.25,-28.74838594839,10.));
#1439 = DIRECTION('',(0.,0.,-1.));
#1440 = DIRECTION('',(1.,0.,0.));
#1441 = ORIENTED_EDGE('',*,*,#1442,.T.);
#1442 = EDGE_CURVE('',#1434,#1443,#1445,.T.);
#1443 = VERTEX_POINT('',#1444);
#1444 = CARTESIAN_POINT('',(11.558431564892,-29.99838594839,10.));
#1445 = LINE('',#1446,#1447);
#1446 = CARTESIAN_POINT('',(-9.201732673267,-29.99838594839,10.));
#1447 = VECTOR('',#1448,1.);
#1448 = DIRECTION('',(1.,0.,0.));
#1449 = ORIENTED_EDGE('',*,*,#1450,.F.);
#1450 = EDGE_CURVE('',#1451,#1443,#1453,.T.);
#1451 = VERTEX_POINT('',#1452);
#1452 = CARTESIAN_POINT('',(12.15279073417,-27.64873274038,10.));
#1453 = CIRCLE('',#1454,1.25);
#1454 = AXIS2_PLACEMENT_3D('',#1455,#1456,#1457);
#1455 = CARTESIAN_POINT('',(11.558431564892,-28.74838594839,10.));
#1456 = DIRECTION('',(0.,0.,-1.));
#1457 = DIRECTION('',(1.,0.,0.));
#1458 = ORIENTED_EDGE('',*,*,#1459,.T.);
#1459 = EDGE_CURVE('',#1451,#1460,#1462,.T.);
#1460 = VERTEX_POINT('',#1461);
#1461 = CARTESIAN_POINT('',(-18.65564083072,-10.9968704458,10.));
#1462 = LINE('',#1463,#1464);
#1463 = CARTESIAN_POINT('',(6.442071583301,-24.56210664249,10.));
#1464 = VECTOR('',#1465,1.);
#1465 = DIRECTION('',(-0.879722566411,0.475487335422,-1.3E-16));
#1466 = ORIENTED_EDGE('',*,*,#1467,.F.);
#1467 = EDGE_CURVE('',#1309,#1460,#1468,.T.);
#1468 = CIRCLE('',#1469,1.25);
#1469 = AXIS2_PLACEMENT_3D('',#1470,#1471,#1472);
#1470 = CARTESIAN_POINT('',(-19.25,-12.09652365381,10.));
#1471 = DIRECTION('',(0.,0.,-1.));
#1472 = DIRECTION('',(1.,0.,0.));
#1473 = ORIENTED_EDGE('',*,*,#1308,.T.);
#1474 = ORIENTED_EDGE('',*,*,#501,.T.);
#1475 = ORIENTED_EDGE('',*,*,#743,.T.);
#1476 = ORIENTED_EDGE('',*,*,#1477,.F.);
#1477 = EDGE_CURVE('',#1478,#744,#1480,.T.);
#1478 = VERTEX_POINT('',#1479);
#1479 = CARTESIAN_POINT('',(22.,-13.,10.));
#1480 = LINE('',#1481,#1482);
#1481 = CARTESIAN_POINT('',(20.5,-13.,10.));
#1482 = VECTOR('',#1483,1.);
#1483 = DIRECTION('',(1.,0.,0.));
#1484 = ORIENTED_EDGE('',*,*,#1485,.T.);
#1485 = EDGE_CURVE('',#1478,#1486,#1488,.T.);
#1486 = VERTEX_POINT('',#1487);
#1487 = CARTESIAN_POINT('',(22.,-6.25,10.));
#1488 = LINE('',#1489,#1490);
#1489 = CARTESIAN_POINT('',(22.,-22.0829262919,10.));
#1490 = VECTOR('',#1491,1.);
#1491 = DIRECTION('',(0.,1.,-2.9E-16));
#1492 = ORIENTED_EDGE('',*,*,#1493,.F.);
#1493 = EDGE_CURVE('',#1494,#1486,#1496,.T.);
#1494 = VERTEX_POINT('',#1495);
#1495 = CARTESIAN_POINT('',(20.75,-5.,10.));
#1496 = CIRCLE('',#1497,1.25);
#1497 = AXIS2_PLACEMENT_3D('',#1498,#1499,#1500);
#1498 = CARTESIAN_POINT('',(20.75,-6.25,10.));
#1499 = DIRECTION('',(0.,0.,-1.));
#1500 = DIRECTION('',(1.,0.,0.));
#1501 = ORIENTED_EDGE('',*,*,#1502,.T.);
#1502 = EDGE_CURVE('',#1494,#1503,#1505,.T.);
#1503 = VERTEX_POINT('',#1504);
#1504 = CARTESIAN_POINT('',(-10.06141780135,-5.,10.));
#1505 = LINE('',#1506,#1507);
#1506 = CARTESIAN_POINT('',(10.798267326733,-5.,10.));
#1507 = VECTOR('',#1508,1.);
#1508 = DIRECTION('',(-1.,0.,0.));
#1509 = ORIENTED_EDGE('',*,*,#1510,.F.);
#1510 = EDGE_CURVE('',#1511,#1503,#1513,.T.);
#1511 = VERTEX_POINT('',#1512);
#1512 = CARTESIAN_POINT('',(-10.65577697063,-7.349653208014,10.));
#1513 = CIRCLE('',#1514,1.25);
#1514 = AXIS2_PLACEMENT_3D('',#1515,#1516,#1517);
#1515 = CARTESIAN_POINT('',(-10.06141780135,-6.25,10.));
#1516 = DIRECTION('',(0.,0.,-1.));
#1517 = DIRECTION('',(1.,0.,0.));
#1518 = ORIENTED_EDGE('',*,*,#1519,.T.);
#1519 = EDGE_CURVE('',#1511,#1520,#1522,.T.);
#1520 = VERTEX_POINT('',#1521);
#1521 = CARTESIAN_POINT('',(20.155640830723,-24.00312955419,10.));
#1522 = LINE('',#1523,#1524);
#1523 = CARTESIAN_POINT('',(-3.295064931084,-11.32809537617,10.));
#1524 = VECTOR('',#1525,1.);
#1525 = DIRECTION('',(0.879722566411,-0.475487335422,1.3E-16));
#1526 = ORIENTED_EDGE('',*,*,#1527,.F.);
#1527 = EDGE_CURVE('',#1528,#1520,#1530,.T.);
#1528 = VERTEX_POINT('',#1529);
#1529 = CARTESIAN_POINT('',(20.5,-24.12822121757,10.));
#1530 = CIRCLE('',#1531,1.25);
#1531 = AXIS2_PLACEMENT_3D('',#1532,#1533,#1534);
#1532 = CARTESIAN_POINT('',(20.75,-22.90347634618,10.));
#1533 = DIRECTION('',(0.,0.,-1.));
#1534 = DIRECTION('',(1.,0.,0.));
#1535 = ORIENTED_EDGE('',*,*,#1536,.T.);
#1536 = EDGE_CURVE('',#1528,#1388,#1537,.T.);
#1537 = CIRCLE('',#1538,1.25);
#1538 = AXIS2_PLACEMENT_3D('',#1539,#1540,#1541);
#1539 = CARTESIAN_POINT('',(20.75,-22.90347634618,10.));
#1540 = DIRECTION('',(0.,2.2E-16,1.));
#1541 = DIRECTION('',(0.,1.,-2.2E-16));
#1542 = PLANE('',#1543);
#1543 = AXIS2_PLACEMENT_3D('',#1544,#1545,#1546);
#1544 = CARTESIAN_POINT('',(0.846534653465,-21.26237623762,10.));
#1545 = DIRECTION('',(0.,-2.9E-16,-1.));
#1546 = DIRECTION('',(0.,1.,-2.9E-16));
#1547 = ADVANCED_FACE('',(#1548),#1564,.F.);
#1548 = FACE_BOUND('',#1549,.T.);
#1549 = EDGE_LOOP('',(#1550,#1551,#1557,#1563));
#1550 = ORIENTED_EDGE('',*,*,#1361,.T.);
#1551 = ORIENTED_EDGE('',*,*,#1552,.T.);
#1552 = EDGE_CURVE('',#1362,#910,#1553,.T.);
#1553 = LINE('',#1554,#1555);
#1554 = CARTESIAN_POINT('',(-30.,-2.5,12.));
#1555 = VECTOR('',#1556,1.);
#1556 = DIRECTION('',(0.707106781187,0.,0.707106781187));
#1557 = ORIENTED_EDGE('',*,*,#1558,.T.);
#1558 = EDGE_CURVE('',#910,#463,#1559,.T.);
#1559 = LINE('',#1560,#1561);
#1560 = CARTESIAN_POINT('',(-24.50842244966,3.51520031373,8.98479968627)
  );
#1561 = VECTOR('',#1562,1.);
#1562 = DIRECTION('',(0.281084637715,0.678598344546,-0.678598344546));
#1563 = ORIENTED_EDGE('',*,*,#462,.F.);
#1564 = PLANE('',#1565);
#1565 = AXIS2_PLACEMENT_3D('',#1566,#1567,#1568);
#1566 = CARTESIAN_POINT('',(-29.6464466094,-2.,11.646446609407));
#1567 = DIRECTION('',(0.5,-0.707106781187,-0.5));
#1568 = DIRECTION('',(-0.707106781187,-1.387778780781E-16,
    -0.707106781187));
#1569 = ADVANCED_FACE('',(#1570),#1576,.T.);
#1570 = FACE_BOUND('',#1571,.F.);
#1571 = EDGE_LOOP('',(#1572,#1573,#1574,#1575));
#1572 = ORIENTED_EDGE('',*,*,#893,.F.);
#1573 = ORIENTED_EDGE('',*,*,#909,.T.);
#1574 = ORIENTED_EDGE('',*,*,#1558,.T.);
#1575 = ORIENTED_EDGE('',*,*,#470,.F.);
#1576 = PLANE('',#1577);
#1577 = AXIS2_PLACEMENT_3D('',#1578,#1579,#1580);
#1578 = CARTESIAN_POINT('',(27.,-2.,14.5));
#1579 = DIRECTION('',(-1.E-17,0.707106781187,0.707106781187));
#1580 = DIRECTION('',(1.,7.071067811865E-18,7.071067811865E-18));
#1581 = ADVANCED_FACE('',(#1582),#1593,.T.);
#1582 = FACE_BOUND('',#1583,.F.);
#1583 = EDGE_LOOP('',(#1584,#1590,#1591,#1592));
#1584 = ORIENTED_EDGE('',*,*,#1585,.F.);
#1585 = EDGE_CURVE('',#811,#608,#1586,.T.);
#1586 = LINE('',#1587,#1588);
#1587 = CARTESIAN_POINT('',(-26.64165393576,-37.8651239283,
    -14.13487607169));
#1588 = VECTOR('',#1589,1.);
#1589 = DIRECTION('',(-0.281084637715,0.678598344546,-0.678598344546));
#1590 = ORIENTED_EDGE('',*,*,#818,.T.);
#1591 = ORIENTED_EDGE('',*,*,#581,.T.);
#1592 = ORIENTED_EDGE('',*,*,#622,.F.);
#1593 = PLANE('',#1594);
#1594 = AXIS2_PLACEMENT_3D('',#1595,#1596,#1597);
#1595 = CARTESIAN_POINT('',(-27.,-37.5,-14.5));
#1596 = DIRECTION('',(0.,-0.707106781187,-0.707106781187));
#1597 = DIRECTION('',(-1.,-0.,-0.));
#1598 = ADVANCED_FACE('',(#1599),#1617,.T.);
#1599 = FACE_BOUND('',#1600,.F.);
#1600 = EDGE_LOOP('',(#1601,#1602,#1603,#1611));
#1601 = ORIENTED_EDGE('',*,*,#605,.F.);
#1602 = ORIENTED_EDGE('',*,*,#1286,.T.);
#1603 = ORIENTED_EDGE('',*,*,#1604,.T.);
#1604 = EDGE_CURVE('',#1279,#1605,#1607,.T.);
#1605 = VERTEX_POINT('',#1606);
#1606 = CARTESIAN_POINT('',(-30.,-37.,-12.));
#1607 = LINE('',#1608,#1609);
#1608 = CARTESIAN_POINT('',(-30.,-6.01E-15,-12.));
#1609 = VECTOR('',#1610,1.);
#1610 = DIRECTION('',(0.,-1.,4.4E-16));
#1611 = ORIENTED_EDGE('',*,*,#1612,.T.);
#1612 = EDGE_CURVE('',#1605,#608,#1613,.T.);
#1613 = LINE('',#1614,#1615);
#1614 = CARTESIAN_POINT('',(-30.,-37.,-12.));
#1615 = VECTOR('',#1616,1.);
#1616 = DIRECTION('',(0.707106781187,-3.3E-16,-0.707106781187));
#1617 = PLANE('',#1618);
#1618 = AXIS2_PLACEMENT_3D('',#1619,#1620,#1621);
#1619 = CARTESIAN_POINT('',(-28.5,-6.67E-15,-13.5));
#1620 = DIRECTION('',(-0.707106781187,-2.3E-16,-0.707106781187));
#1621 = DIRECTION('',(5.736544032709E-17,1.,-3.826345596729E-16));
#1622 = ADVANCED_FACE('',(#1623),#1634,.F.);
#1623 = FACE_BOUND('',#1624,.T.);
#1624 = EDGE_LOOP('',(#1625,#1626,#1627,#1628));
#1625 = ORIENTED_EDGE('',*,*,#630,.F.);
#1626 = ORIENTED_EDGE('',*,*,#1346,.T.);
#1627 = ORIENTED_EDGE('',*,*,#1222,.F.);
#1628 = ORIENTED_EDGE('',*,*,#1629,.F.);
#1629 = EDGE_CURVE('',#633,#1215,#1630,.T.);
#1630 = LINE('',#1631,#1632);
#1631 = CARTESIAN_POINT('',(-19.25,-29.99838594839,-15.));
#1632 = VECTOR('',#1633,1.);
#1633 = DIRECTION('',(0.,0.,1.));
#1634 = CYLINDRICAL_SURFACE('',#1635,1.25);
#1635 = AXIS2_PLACEMENT_3D('',#1636,#1637,#1638);
#1636 = CARTESIAN_POINT('',(-19.25,-28.74838594839,-15.));
#1637 = DIRECTION('',(0.,0.,-1.));
#1638 = DIRECTION('',(1.,0.,0.));
#1639 = ADVANCED_FACE('',(#1640),#1651,.T.);
#1640 = FACE_BOUND('',#1641,.T.);
#1641 = EDGE_LOOP('',(#1642,#1643,#1644,#1645));
#1642 = ORIENTED_EDGE('',*,*,#641,.F.);
#1643 = ORIENTED_EDGE('',*,*,#1629,.T.);
#1644 = ORIENTED_EDGE('',*,*,#1214,.F.);
#1645 = ORIENTED_EDGE('',*,*,#1646,.F.);
#1646 = EDGE_CURVE('',#642,#1206,#1647,.T.);
#1647 = LINE('',#1648,#1649);
#1648 = CARTESIAN_POINT('',(11.558431564892,-29.99838594839,-15.));
#1649 = VECTOR('',#1650,1.);
#1650 = DIRECTION('',(0.,0.,1.));
#1651 = PLANE('',#1652);
#1652 = AXIS2_PLACEMENT_3D('',#1653,#1654,#1655);
#1653 = CARTESIAN_POINT('',(-19.25,-29.99838594839,-15.));
#1654 = DIRECTION('',(0.,1.,0.));
#1655 = DIRECTION('',(1.,0.,0.));
#1656 = ADVANCED_FACE('',(#1657),#1668,.F.);
#1657 = FACE_BOUND('',#1658,.T.);
#1658 = EDGE_LOOP('',(#1659,#1660,#1666,#1667));
#1659 = ORIENTED_EDGE('',*,*,#666,.F.);
#1660 = ORIENTED_EDGE('',*,*,#1661,.T.);
#1661 = EDGE_CURVE('',#659,#1189,#1662,.T.);
#1662 = LINE('',#1663,#1664);
#1663 = CARTESIAN_POINT('',(-18.65564083072,-10.9968704458,-15.));
#1664 = VECTOR('',#1665,1.);
#1665 = DIRECTION('',(0.,0.,1.));
#1666 = ORIENTED_EDGE('',*,*,#1188,.F.);
#1667 = ORIENTED_EDGE('',*,*,#1300,.F.);
#1668 = CYLINDRICAL_SURFACE('',#1669,1.25);
#1669 = AXIS2_PLACEMENT_3D('',#1670,#1671,#1672);
#1670 = CARTESIAN_POINT('',(-19.25,-12.09652365381,-15.));
#1671 = DIRECTION('',(0.,0.,-1.));
#1672 = DIRECTION('',(1.,0.,0.));
#1673 = ADVANCED_FACE('',(#1674),#1685,.F.);
#1674 = FACE_BOUND('',#1675,.T.);
#1675 = EDGE_LOOP('',(#1676,#1677,#1678,#1679));
#1676 = ORIENTED_EDGE('',*,*,#649,.F.);
#1677 = ORIENTED_EDGE('',*,*,#1646,.T.);
#1678 = ORIENTED_EDGE('',*,*,#1205,.F.);
#1679 = ORIENTED_EDGE('',*,*,#1680,.F.);
#1680 = EDGE_CURVE('',#650,#1198,#1681,.T.);
#1681 = LINE('',#1682,#1683);
#1682 = CARTESIAN_POINT('',(12.15279073417,-27.64873274038,-15.));
#1683 = VECTOR('',#1684,1.);
#1684 = DIRECTION('',(0.,0.,1.));
#1685 = CYLINDRICAL_SURFACE('',#1686,1.25);
#1686 = AXIS2_PLACEMENT_3D('',#1687,#1688,#1689);
#1687 = CARTESIAN_POINT('',(11.558431564892,-28.74838594839,-15.));
#1688 = DIRECTION('',(0.,0.,-1.));
#1689 = DIRECTION('',(1.,0.,0.));
#1690 = ADVANCED_FACE('',(#1691),#1697,.T.);
#1691 = FACE_BOUND('',#1692,.T.);
#1692 = EDGE_LOOP('',(#1693,#1694,#1695,#1696));
#1693 = ORIENTED_EDGE('',*,*,#658,.F.);
#1694 = ORIENTED_EDGE('',*,*,#1680,.T.);
#1695 = ORIENTED_EDGE('',*,*,#1197,.F.);
#1696 = ORIENTED_EDGE('',*,*,#1661,.F.);
#1697 = PLANE('',#1698);
#1698 = AXIS2_PLACEMENT_3D('',#1699,#1700,#1701);
#1699 = CARTESIAN_POINT('',(12.15279073417,-27.64873274038,-15.));
#1700 = DIRECTION('',(-0.475487335422,-0.879722566411,0.));
#1701 = DIRECTION('',(-0.879722566411,0.475487335422,0.));
#1702 = ADVANCED_FACE('',(#1703),#1780,.F.);
#1703 = FACE_BOUND('',#1704,.T.);
#1704 = EDGE_LOOP('',(#1705,#1759,#1765,#1766,#1772,#1773,#1774));
#1705 = ORIENTED_EDGE('',*,*,#1706,.F.);
#1706 = EDGE_CURVE('',#1707,#1709,#1711,.T.);
#1707 = VERTEX_POINT('',#1708);
#1708 = CARTESIAN_POINT('',(22.,-22.90347634618,-1.29909040356));
#1709 = VERTEX_POINT('',#1710);
#1710 = CARTESIAN_POINT('',(21.855755076536,-23.48640491017,
    -1.620561646148));
#1711 = B_SPLINE_CURVE_WITH_KNOTS('',6,(#1712,#1713,#1714,#1715,#1716,
    #1717,#1718,#1719,#1720,#1721,#1722,#1723,#1724,#1725,#1726,#1727,
    #1728,#1729,#1730,#1731,#1732,#1733,#1734,#1735,#1736,#1737,#1738,
    #1739,#1740,#1741,#1742,#1743,#1744,#1745,#1746,#1747,#1748,#1749,
    #1750,#1751,#1752,#1753,#1754,#1755,#1756,#1757,#1758),
  .UNSPECIFIED.,.F.,.F.,(7,5,5,5,5,5,5,5,5,7),(0.,6.709140777509E-02,
    0.191543077076,0.313034860762,0.38386393111,0.467622351965,
    0.530348127013,0.758540772072,0.946334093742,1.),.UNSPECIFIED.);
#1712 = CARTESIAN_POINT('',(22.,-22.90347634618,-1.29909040356));
#1713 = CARTESIAN_POINT('',(22.,-22.92761630709,-1.319466228116));
#1714 = CARTESIAN_POINT('',(21.999440608016,-22.95226087419,
    -1.339346137134));
#1715 = CARTESIAN_POINT('',(21.998277857517,-22.97737964364,
    -1.358697415764));
#1716 = CARTESIAN_POINT('',(21.996469277882,-23.00294011015,
    -1.37749105241));
#1717 = CARTESIAN_POINT('',(21.993973894392,-23.02890766692,
    -1.395701738731));
#1718 = CARTESIAN_POINT('',(21.984776176397,-23.10410134669,
    -1.44596648353));
#1719 = CARTESIAN_POINT('',(21.976295776488,-23.15427743317,
    -1.476575564832));
#1720 = CARTESIAN_POINT('',(21.965068447992,-23.20539310174,
    -1.504887849215));
#1721 = CARTESIAN_POINT('',(21.950920444969,-23.25703653146,
    -1.530756111399));
#1722 = CARTESIAN_POINT('',(21.933756365231,-23.30878292105,
    -1.554123676787));
#1723 = CARTESIAN_POINT('',(21.89386108636,-23.41041903863,
    -1.595409323987));
#1724 = CARTESIAN_POINT('',(21.871310538102,-23.46022513441,
    -1.613403918671));
#1725 = CARTESIAN_POINT('',(21.845929685946,-23.50924423267,
    -1.629037787268));
#1726 = CARTESIAN_POINT('',(21.817813878402,-23.55708948769,
    -1.642419552942));
#1727 = CARTESIAN_POINT('',(21.787147573172,-23.60339365282,
    -1.653712923051));
#1728 = CARTESIAN_POINT('',(21.735008785605,-23.67373442261,
    -1.668607791052));
#1729 = CARTESIAN_POINT('',(21.715025857722,-23.69901732566,
    -1.673455443883));
#1730 = CARTESIAN_POINT('',(21.694297649873,-23.72363598458,
    -1.677709908283));
#1731 = CARTESIAN_POINT('',(21.672864483629,-23.74755191892,
    -1.681416292313));
#1732 = CARTESIAN_POINT('',(21.650771337642,-23.77072979704,
    -1.684620082592));
#1733 = CARTESIAN_POINT('',(21.601219994628,-23.81963543268,
    -1.690615662873));
#1734 = CARTESIAN_POINT('',(21.573517396171,-23.84505774373,
    -1.693225338135));
#1735 = CARTESIAN_POINT('',(21.545020318381,-23.86937293203,
    -1.695274224629));
#1736 = CARTESIAN_POINT('',(21.515790870338,-23.89255391022,
    -1.696836141723));
#1737 = CARTESIAN_POINT('',(21.485893004094,-23.91457794071,
    -1.697980673601));
#1738 = CARTESIAN_POINT('',(21.432551028181,-23.95103999795,
    -1.699366660703));
#1739 = CARTESIAN_POINT('',(21.409367555396,-23.96599683453,-1.699762717
    ));
#1740 = CARTESIAN_POINT('',(21.385865731919,-23.98029193332,
    -1.699988676617));
#1741 = CARTESIAN_POINT('',(21.362068039762,-23.99392124361,
    -1.700070046539));
#1742 = CARTESIAN_POINT('',(21.337995807352,-24.00688187615,
    -1.700030502278));
#1743 = CARTESIAN_POINT('',(21.225170491125,-24.06388321941,
    -1.699387616902));
#1744 = CARTESIAN_POINT('',(21.133323665388,-24.09971186454,
    -1.697572241798));
#1745 = CARTESIAN_POINT('',(21.03906409714,-24.12659241509,
    -1.695495314554));
#1746 = CARTESIAN_POINT('',(20.943234012566,-24.14451419231,
    -1.693870184255));
#1747 = CARTESIAN_POINT('',(20.846621001237,-24.15347634618,
    -1.693057887717));
#1748 = CARTESIAN_POINT('',(20.670484822108,-24.15347634618,
    -1.693057887717));
#1749 = CARTESIAN_POINT('',(20.590975410642,-24.14740640206,
    -1.69360799401));
#1750 = CARTESIAN_POINT('',(20.511904162375,-24.13526898538,
    -1.694708637107));
#1751 = CARTESIAN_POINT('',(20.433708333144,-24.11706334957,
    -1.696193978603));
#1752 = CARTESIAN_POINT('',(20.356846123973,-24.09279494788,
    -1.697736446694));
#1753 = CARTESIAN_POINT('',(20.260370401449,-24.05382310137,
    -1.699169856479));
#1754 = CARTESIAN_POINT('',(20.239077525519,-24.04466804221,
    -1.699453522916));
#1755 = CARTESIAN_POINT('',(20.217945787084,-24.03502017612,
    -1.699690950415));
#1756 = CARTESIAN_POINT('',(20.196987297632,-24.02488032504,
    -1.699869786785));
#1757 = CARTESIAN_POINT('',(20.176214632469,-24.01424963062,
    -1.699976648235));
#1758 = CARTESIAN_POINT('',(20.155640830723,-24.00312955419,
    -1.699997119377));
#1759 = ORIENTED_EDGE('',*,*,#1760,.F.);
#1760 = EDGE_CURVE('',#686,#1707,#1761,.T.);
#1761 = LINE('',#1762,#1763);
#1762 = CARTESIAN_POINT('',(22.,-22.90347634618,-15.));
#1763 = VECTOR('',#1764,1.);
#1764 = DIRECTION('',(0.,0.,1.));
#1765 = ORIENTED_EDGE('',*,*,#683,.F.);
#1766 = ORIENTED_EDGE('',*,*,#1767,.T.);
#1767 = EDGE_CURVE('',#684,#1122,#1768,.T.);
#1768 = LINE('',#1769,#1770);
#1769 = CARTESIAN_POINT('',(20.155640830723,-24.00312955419,-15.));
#1770 = VECTOR('',#1771,1.);
#1771 = DIRECTION('',(0.,0.,1.));
#1772 = ORIENTED_EDGE('',*,*,#1121,.F.);
#1773 = ORIENTED_EDGE('',*,*,#1112,.T.);
#1774 = ORIENTED_EDGE('',*,*,#1775,.F.);
#1775 = EDGE_CURVE('',#1709,#1105,#1776,.T.);
#1776 = LINE('',#1777,#1778);
#1777 = CARTESIAN_POINT('',(21.855755076536,-23.48640491017,
    -1.695157609004));
#1778 = VECTOR('',#1779,1.);
#1779 = DIRECTION('',(0.,-2.2E-16,-1.));
#1780 = CYLINDRICAL_SURFACE('',#1781,1.25);
#1781 = AXIS2_PLACEMENT_3D('',#1782,#1783,#1784);
#1782 = CARTESIAN_POINT('',(20.75,-22.90347634618,-15.));
#1783 = DIRECTION('',(0.,0.,-1.));
#1784 = DIRECTION('',(1.,0.,0.));
#1785 = ADVANCED_FACE('',(#1786),#1797,.T.);
#1786 = FACE_BOUND('',#1787,.T.);
#1787 = EDGE_LOOP('',(#1788,#1789,#1795,#1796));
#1788 = ORIENTED_EDGE('',*,*,#728,.F.);
#1789 = ORIENTED_EDGE('',*,*,#1790,.T.);
#1790 = EDGE_CURVE('',#720,#1131,#1791,.T.);
#1791 = LINE('',#1792,#1793);
#1792 = CARTESIAN_POINT('',(-10.65577697063,-7.349653208014,-15.));
#1793 = VECTOR('',#1794,1.);
#1794 = DIRECTION('',(0.,0.,1.));
#1795 = ORIENTED_EDGE('',*,*,#1130,.F.);
#1796 = ORIENTED_EDGE('',*,*,#1767,.F.);
#1797 = PLANE('',#1798);
#1798 = AXIS2_PLACEMENT_3D('',#1799,#1800,#1801);
#1799 = CARTESIAN_POINT('',(-10.65577697063,-7.349653208014,-15.));
#1800 = DIRECTION('',(0.475487335422,0.879722566411,0.));
#1801 = DIRECTION('',(0.879722566411,-0.475487335422,0.));
#1802 = ADVANCED_FACE('',(#1803),#1852,.T.);
#1803 = FACE_BOUND('',#1804,.T.);
#1804 = EDGE_LOOP('',(#1805,#1806,#1807,#1816,#1825,#1831,#1832,#1838,
    #1839,#1845,#1846));
#1805 = ORIENTED_EDGE('',*,*,#694,.F.);
#1806 = ORIENTED_EDGE('',*,*,#1760,.T.);
#1807 = ORIENTED_EDGE('',*,*,#1808,.F.);
#1808 = EDGE_CURVE('',#1809,#1707,#1811,.T.);
#1809 = VERTEX_POINT('',#1810);
#1810 = CARTESIAN_POINT('',(22.,-22.3,-1.E-14));
#1811 = CIRCLE('',#1812,1.7);
#1812 = AXIS2_PLACEMENT_3D('',#1813,#1814,#1815);
#1813 = CARTESIAN_POINT('',(22.,-24.,-5.3E-15));
#1814 = DIRECTION('',(-1.,0.,2.2E-16));
#1815 = DIRECTION('',(4.84E-32,1.,2.2E-16));
#1816 = ORIENTED_EDGE('',*,*,#1817,.F.);
#1817 = EDGE_CURVE('',#1818,#1809,#1820,.T.);
#1818 = VERTEX_POINT('',#1819);
#1819 = CARTESIAN_POINT('',(22.,-22.90347634618,1.29909040356));
#1820 = CIRCLE('',#1821,1.7);
#1821 = AXIS2_PLACEMENT_3D('',#1822,#1823,#1824);
#1822 = CARTESIAN_POINT('',(22.,-24.,-5.3E-15));
#1823 = DIRECTION('',(-1.,0.,2.2E-16));
#1824 = DIRECTION('',(4.84E-32,1.,2.2E-16));
#1825 = ORIENTED_EDGE('',*,*,#1826,.T.);
#1826 = EDGE_CURVE('',#1818,#998,#1827,.T.);
#1827 = LINE('',#1828,#1829);
#1828 = CARTESIAN_POINT('',(22.,-22.90347634618,-15.));
#1829 = VECTOR('',#1830,1.);
#1830 = DIRECTION('',(0.,0.,1.));
#1831 = ORIENTED_EDGE('',*,*,#997,.F.);
#1832 = ORIENTED_EDGE('',*,*,#1833,.F.);
#1833 = EDGE_CURVE('',#1486,#989,#1834,.T.);
#1834 = LINE('',#1835,#1836);
#1835 = CARTESIAN_POINT('',(22.,-6.25,-15.));
#1836 = VECTOR('',#1837,1.);
#1837 = DIRECTION('',(0.,0.,1.));
#1838 = ORIENTED_EDGE('',*,*,#1485,.F.);
#1839 = ORIENTED_EDGE('',*,*,#1840,.F.);
#1840 = EDGE_CURVE('',#1165,#1478,#1841,.T.);
#1841 = LINE('',#1842,#1843);
#1842 = CARTESIAN_POINT('',(22.,-13.,-7.5));
#1843 = VECTOR('',#1844,1.);
#1844 = DIRECTION('',(0.,0.,1.));
#1845 = ORIENTED_EDGE('',*,*,#1164,.F.);
#1846 = ORIENTED_EDGE('',*,*,#1847,.F.);
#1847 = EDGE_CURVE('',#695,#1156,#1848,.T.);
#1848 = LINE('',#1849,#1850);
#1849 = CARTESIAN_POINT('',(22.,-6.25,-15.));
#1850 = VECTOR('',#1851,1.);
#1851 = DIRECTION('',(0.,0.,1.));
#1852 = PLANE('',#1853);
#1853 = AXIS2_PLACEMENT_3D('',#1854,#1855,#1856);
#1854 = CARTESIAN_POINT('',(22.,-22.90347634618,-15.));
#1855 = DIRECTION('',(-1.,0.,0.));
#1856 = DIRECTION('',(0.,1.,0.));
#1857 = ADVANCED_FACE('',(#1858),#1869,.F.);
#1858 = FACE_BOUND('',#1859,.T.);
#1859 = EDGE_LOOP('',(#1860,#1861,#1867,#1868));
#1860 = ORIENTED_EDGE('',*,*,#719,.F.);
#1861 = ORIENTED_EDGE('',*,*,#1862,.T.);
#1862 = EDGE_CURVE('',#712,#1139,#1863,.T.);
#1863 = LINE('',#1864,#1865);
#1864 = CARTESIAN_POINT('',(-10.06141780135,-5.,-15.));
#1865 = VECTOR('',#1866,1.);
#1866 = DIRECTION('',(0.,0.,1.));
#1867 = ORIENTED_EDGE('',*,*,#1138,.F.);
#1868 = ORIENTED_EDGE('',*,*,#1790,.F.);
#1869 = CYLINDRICAL_SURFACE('',#1870,1.25);
#1870 = AXIS2_PLACEMENT_3D('',#1871,#1872,#1873);
#1871 = CARTESIAN_POINT('',(-10.06141780135,-6.25,-15.));
#1872 = DIRECTION('',(0.,0.,-1.));
#1873 = DIRECTION('',(1.,0.,0.));
#1874 = ADVANCED_FACE('',(#1875),#1886,.F.);
#1875 = FACE_BOUND('',#1876,.T.);
#1876 = EDGE_LOOP('',(#1877,#1878,#1879,#1880));
#1877 = ORIENTED_EDGE('',*,*,#702,.F.);
#1878 = ORIENTED_EDGE('',*,*,#1847,.T.);
#1879 = ORIENTED_EDGE('',*,*,#1155,.F.);
#1880 = ORIENTED_EDGE('',*,*,#1881,.F.);
#1881 = EDGE_CURVE('',#703,#1148,#1882,.T.);
#1882 = LINE('',#1883,#1884);
#1883 = CARTESIAN_POINT('',(20.75,-5.,-15.));
#1884 = VECTOR('',#1885,1.);
#1885 = DIRECTION('',(0.,0.,1.));
#1886 = CYLINDRICAL_SURFACE('',#1887,1.25);
#1887 = AXIS2_PLACEMENT_3D('',#1888,#1889,#1890);
#1888 = CARTESIAN_POINT('',(20.75,-6.25,-15.));
#1889 = DIRECTION('',(0.,0.,-1.));
#1890 = DIRECTION('',(1.,0.,0.));
#1891 = ADVANCED_FACE('',(#1892),#1898,.T.);
#1892 = FACE_BOUND('',#1893,.T.);
#1893 = EDGE_LOOP('',(#1894,#1895,#1896,#1897));
#1894 = ORIENTED_EDGE('',*,*,#711,.F.);
#1895 = ORIENTED_EDGE('',*,*,#1881,.T.);
#1896 = ORIENTED_EDGE('',*,*,#1147,.F.);
#1897 = ORIENTED_EDGE('',*,*,#1862,.F.);
#1898 = PLANE('',#1899);
#1899 = AXIS2_PLACEMENT_3D('',#1900,#1901,#1902);
#1900 = CARTESIAN_POINT('',(20.75,-5.,-15.));
#1901 = DIRECTION('',(0.,-1.,0.));
#1902 = DIRECTION('',(-1.,0.,0.));
#1903 = ADVANCED_FACE('',(#1904),#1910,.T.);
#1904 = FACE_BOUND('',#1905,.T.);
#1905 = EDGE_LOOP('',(#1906,#1907,#1908,#1909));
#1906 = ORIENTED_EDGE('',*,*,#1172,.T.);
#1907 = ORIENTED_EDGE('',*,*,#1840,.T.);
#1908 = ORIENTED_EDGE('',*,*,#1477,.T.);
#1909 = ORIENTED_EDGE('',*,*,#751,.T.);
#1910 = PLANE('',#1911);
#1911 = AXIS2_PLACEMENT_3D('',#1912,#1913,#1914);
#1912 = CARTESIAN_POINT('',(22.,-13.,-1.24344978758E-14));
#1913 = DIRECTION('',(0.,1.,2.2E-16));
#1914 = DIRECTION('',(0.,-2.2E-16,1.));
#1915 = ADVANCED_FACE('',(#1916),#1927,.T.);
#1916 = FACE_BOUND('',#1917,.F.);
#1917 = EDGE_LOOP('',(#1918,#1919,#1920,#1926));
#1918 = ORIENTED_EDGE('',*,*,#874,.F.);
#1919 = ORIENTED_EDGE('',*,*,#784,.T.);
#1920 = ORIENTED_EDGE('',*,*,#1921,.T.);
#1921 = EDGE_CURVE('',#787,#918,#1922,.T.);
#1922 = LINE('',#1923,#1924);
#1923 = CARTESIAN_POINT('',(-24.67602494406,-42.61057209864,
    9.389427901355));
#1924 = VECTOR('',#1925,1.);
#1925 = DIRECTION('',(-0.281084637715,0.678598344546,0.678598344546));
#1926 = ORIENTED_EDGE('',*,*,#925,.F.);
#1927 = PLANE('',#1928);
#1928 = AXIS2_PLACEMENT_3D('',#1929,#1930,#1931);
#1929 = CARTESIAN_POINT('',(27.,-37.5,14.5));
#1930 = DIRECTION('',(0.,-0.707106781187,0.707106781187));
#1931 = DIRECTION('',(1.,0.,0.));
#1932 = ADVANCED_FACE('',(#1933),#1951,.F.);
#1933 = FACE_BOUND('',#1934,.F.);
#1934 = EDGE_LOOP('',(#1935,#1936,#1937,#1945));
#1935 = ORIENTED_EDGE('',*,*,#1921,.F.);
#1936 = ORIENTED_EDGE('',*,*,#794,.T.);
#1937 = ORIENTED_EDGE('',*,*,#1938,.T.);
#1938 = EDGE_CURVE('',#795,#1939,#1941,.T.);
#1939 = VERTEX_POINT('',#1940);
#1940 = CARTESIAN_POINT('',(-30.,-37.,12.));
#1941 = LINE('',#1942,#1943);
#1942 = CARTESIAN_POINT('',(-29.13487607169,-37.8651239283,
    11.641653935763));
#1943 = VECTOR('',#1944,1.);
#1944 = DIRECTION('',(-0.678598344546,0.678598344546,0.281084637715));
#1945 = ORIENTED_EDGE('',*,*,#1946,.F.);
#1946 = EDGE_CURVE('',#918,#1939,#1947,.T.);
#1947 = LINE('',#1948,#1949);
#1948 = CARTESIAN_POINT('',(-27.,-37.,15.));
#1949 = VECTOR('',#1950,1.);
#1950 = DIRECTION('',(-0.707106781187,-3.3E-16,-0.707106781187));
#1951 = PLANE('',#1952);
#1952 = AXIS2_PLACEMENT_3D('',#1953,#1954,#1955);
#1953 = CARTESIAN_POINT('',(-26.6464466094,-37.5,14.646446609407));
#1954 = DIRECTION('',(0.5,0.707106781187,-0.5));
#1955 = DIRECTION('',(-0.707106781187,-5.551115123126E-17,
    -0.707106781187));
#1956 = ADVANCED_FACE('',(#1957),#1973,.T.);
#1957 = FACE_BOUND('',#1958,.F.);
#1958 = EDGE_LOOP('',(#1959,#1960,#1961,#1967));
#1959 = ORIENTED_EDGE('',*,*,#1938,.F.);
#1960 = ORIENTED_EDGE('',*,*,#802,.T.);
#1961 = ORIENTED_EDGE('',*,*,#1962,.T.);
#1962 = EDGE_CURVE('',#803,#1605,#1963,.T.);
#1963 = LINE('',#1964,#1965);
#1964 = CARTESIAN_POINT('',(-27.25058144881,-39.74941855118,
    -10.86115354745));
#1965 = VECTOR('',#1966,1.);
#1966 = DIRECTION('',(-0.678598344546,0.678598344546,-0.281084637715));
#1967 = ORIENTED_EDGE('',*,*,#1968,.F.);
#1968 = EDGE_CURVE('',#1939,#1605,#1969,.T.);
#1969 = LINE('',#1970,#1971);
#1970 = CARTESIAN_POINT('',(-30.,-37.,12.));
#1971 = VECTOR('',#1972,1.);
#1972 = DIRECTION('',(0.,-4.4E-16,-1.));
#1973 = PLANE('',#1974);
#1974 = AXIS2_PLACEMENT_3D('',#1975,#1976,#1977);
#1975 = CARTESIAN_POINT('',(-29.5,-37.5,12.));
#1976 = DIRECTION('',(-0.707106781187,-0.707106781187,3.3E-16));
#1977 = DIRECTION('',(1.334523779156E-17,4.533452377916E-16,1.));
#1978 = ADVANCED_FACE('',(#1979),#1985,.F.);
#1979 = FACE_BOUND('',#1980,.F.);
#1980 = EDGE_LOOP('',(#1981,#1982,#1983,#1984));
#1981 = ORIENTED_EDGE('',*,*,#1962,.F.);
#1982 = ORIENTED_EDGE('',*,*,#810,.T.);
#1983 = ORIENTED_EDGE('',*,*,#1585,.T.);
#1984 = ORIENTED_EDGE('',*,*,#1612,.F.);
#1985 = PLANE('',#1986);
#1986 = AXIS2_PLACEMENT_3D('',#1987,#1988,#1989);
#1987 = CARTESIAN_POINT('',(-29.6464466094,-37.5,-11.6464466094));
#1988 = DIRECTION('',(0.5,0.707106781187,0.5));
#1989 = DIRECTION('',(0.707106781187,-1.110223024625E-16,-0.707106781187
    ));
#1990 = ADVANCED_FACE('',(#1991),#2002,.F.);
#1991 = FACE_BOUND('',#1992,.F.);
#1992 = EDGE_LOOP('',(#1993,#1994,#1995,#2001));
#1993 = ORIENTED_EDGE('',*,*,#834,.T.);
#1994 = ORIENTED_EDGE('',*,*,#1254,.T.);
#1995 = ORIENTED_EDGE('',*,*,#1996,.F.);
#1996 = EDGE_CURVE('',#1404,#1255,#1997,.T.);
#1997 = LINE('',#1998,#1999);
#1998 = CARTESIAN_POINT('',(27.499999999902,-28.,10.));
#1999 = VECTOR('',#2000,1.);
#2000 = DIRECTION('',(0.,0.,-1.));
#2001 = ORIENTED_EDGE('',*,*,#1411,.F.);
#2002 = PLANE('',#2003);
#2003 = AXIS2_PLACEMENT_3D('',#2004,#2005,#2006);
#2004 = CARTESIAN_POINT('',(27.499999999902,-38.,10.));
#2005 = DIRECTION('',(1.,0.,0.));
#2006 = DIRECTION('',(0.,1.,0.));
#2007 = ADVANCED_FACE('',(#2008),#2019,.F.);
#2008 = FACE_BOUND('',#2009,.F.);
#2009 = EDGE_LOOP('',(#2010,#2016,#2017,#2018));
#2010 = ORIENTED_EDGE('',*,*,#2011,.T.);
#2011 = EDGE_CURVE('',#1419,#1240,#2012,.T.);
#2012 = LINE('',#2013,#2014);
#2013 = CARTESIAN_POINT('',(-27.5,-28.,10.));
#2014 = VECTOR('',#2015,1.);
#2015 = DIRECTION('',(0.,0.,-1.));
#2016 = ORIENTED_EDGE('',*,*,#1247,.T.);
#2017 = ORIENTED_EDGE('',*,*,#852,.F.);
#2018 = ORIENTED_EDGE('',*,*,#1418,.F.);
#2019 = PLANE('',#2020);
#2020 = AXIS2_PLACEMENT_3D('',#2021,#2022,#2023);
#2021 = CARTESIAN_POINT('',(-27.5,-28.,10.));
#2022 = DIRECTION('',(-1.,0.,0.));
#2023 = DIRECTION('',(0.,-1.,0.));
#2024 = ADVANCED_FACE('',(#2025),#2036,.T.);
#2025 = FACE_BOUND('',#2026,.F.);
#2026 = EDGE_LOOP('',(#2027,#2033,#2034,#2035));
#2027 = ORIENTED_EDGE('',*,*,#2028,.F.);
#2028 = EDGE_CURVE('',#1362,#1939,#2029,.T.);
#2029 = LINE('',#2030,#2031);
#2030 = CARTESIAN_POINT('',(-30.,6.01E-15,12.));
#2031 = VECTOR('',#2032,1.);
#2032 = DIRECTION('',(0.,-1.,4.4E-16));
#2033 = ORIENTED_EDGE('',*,*,#1552,.T.);
#2034 = ORIENTED_EDGE('',*,*,#917,.T.);
#2035 = ORIENTED_EDGE('',*,*,#1946,.T.);
#2036 = PLANE('',#2037);
#2037 = AXIS2_PLACEMENT_3D('',#2038,#2039,#2040);
#2038 = CARTESIAN_POINT('',(-28.5,6.67E-15,13.5));
#2039 = DIRECTION('',(-0.707106781187,2.3E-16,0.707106781187));
#2040 = DIRECTION('',(-5.736544032709E-17,1.,-3.826345596729E-16));
#2041 = ADVANCED_FACE('',(#2042),#2058,.F.);
#2042 = FACE_BOUND('',#2043,.T.);
#2043 = EDGE_LOOP('',(#2044,#2045,#2051,#2052));
#2044 = ORIENTED_EDGE('',*,*,#1450,.T.);
#2045 = ORIENTED_EDGE('',*,*,#2046,.T.);
#2046 = EDGE_CURVE('',#1443,#936,#2047,.T.);
#2047 = LINE('',#2048,#2049);
#2048 = CARTESIAN_POINT('',(11.558431564892,-29.99838594839,-15.));
#2049 = VECTOR('',#2050,1.);
#2050 = DIRECTION('',(0.,0.,1.));
#2051 = ORIENTED_EDGE('',*,*,#933,.F.);
#2052 = ORIENTED_EDGE('',*,*,#2053,.F.);
#2053 = EDGE_CURVE('',#1451,#934,#2054,.T.);
#2054 = LINE('',#2055,#2056);
#2055 = CARTESIAN_POINT('',(12.15279073417,-27.64873274038,-15.));
#2056 = VECTOR('',#2057,1.);
#2057 = DIRECTION('',(0.,0.,1.));
#2058 = CYLINDRICAL_SURFACE('',#2059,1.25);
#2059 = AXIS2_PLACEMENT_3D('',#2060,#2061,#2062);
#2060 = CARTESIAN_POINT('',(11.558431564892,-28.74838594839,-15.));
#2061 = DIRECTION('',(0.,0.,-1.));
#2062 = DIRECTION('',(1.,0.,0.));
#2063 = ADVANCED_FACE('',(#2064),#2075,.T.);
#2064 = FACE_BOUND('',#2065,.T.);
#2065 = EDGE_LOOP('',(#2066,#2067,#2068,#2069));
#2066 = ORIENTED_EDGE('',*,*,#1459,.F.);
#2067 = ORIENTED_EDGE('',*,*,#2053,.T.);
#2068 = ORIENTED_EDGE('',*,*,#978,.F.);
#2069 = ORIENTED_EDGE('',*,*,#2070,.F.);
#2070 = EDGE_CURVE('',#1460,#970,#2071,.T.);
#2071 = LINE('',#2072,#2073);
#2072 = CARTESIAN_POINT('',(-18.65564083072,-10.9968704458,-15.));
#2073 = VECTOR('',#2074,1.);
#2074 = DIRECTION('',(0.,0.,1.));
#2075 = PLANE('',#2076);
#2076 = AXIS2_PLACEMENT_3D('',#2077,#2078,#2079);
#2077 = CARTESIAN_POINT('',(12.15279073417,-27.64873274038,-15.));
#2078 = DIRECTION('',(-0.475487335422,-0.879722566411,0.));
#2079 = DIRECTION('',(-0.879722566411,0.475487335422,0.));
#2080 = ADVANCED_FACE('',(#2081),#2092,.T.);
#2081 = FACE_BOUND('',#2082,.T.);
#2082 = EDGE_LOOP('',(#2083,#2084,#2090,#2091));
#2083 = ORIENTED_EDGE('',*,*,#1442,.F.);
#2084 = ORIENTED_EDGE('',*,*,#2085,.T.);
#2085 = EDGE_CURVE('',#1434,#945,#2086,.T.);
#2086 = LINE('',#2087,#2088);
#2087 = CARTESIAN_POINT('',(-19.25,-29.99838594839,-15.));
#2088 = VECTOR('',#2089,1.);
#2089 = DIRECTION('',(0.,0.,1.));
#2090 = ORIENTED_EDGE('',*,*,#944,.F.);
#2091 = ORIENTED_EDGE('',*,*,#2046,.F.);
#2092 = PLANE('',#2093);
#2093 = AXIS2_PLACEMENT_3D('',#2094,#2095,#2096);
#2094 = CARTESIAN_POINT('',(-19.25,-29.99838594839,-15.));
#2095 = DIRECTION('',(0.,1.,0.));
#2096 = DIRECTION('',(1.,0.,0.));
#2097 = ADVANCED_FACE('',(#2098),#2104,.F.);
#2098 = FACE_BOUND('',#2099,.T.);
#2099 = EDGE_LOOP('',(#2100,#2101,#2102,#2103));
#2100 = ORIENTED_EDGE('',*,*,#1467,.T.);
#2101 = ORIENTED_EDGE('',*,*,#2070,.T.);
#2102 = ORIENTED_EDGE('',*,*,#969,.F.);
#2103 = ORIENTED_EDGE('',*,*,#1316,.F.);
#2104 = CYLINDRICAL_SURFACE('',#2105,1.25);
#2105 = AXIS2_PLACEMENT_3D('',#2106,#2107,#2108);
#2106 = CARTESIAN_POINT('',(-19.25,-12.09652365381,-15.));
#2107 = DIRECTION('',(0.,0.,-1.));
#2108 = DIRECTION('',(1.,0.,0.));
#2109 = ADVANCED_FACE('',(#2110),#2116,.F.);
#2110 = FACE_BOUND('',#2111,.T.);
#2111 = EDGE_LOOP('',(#2112,#2113,#2114,#2115));
#2112 = ORIENTED_EDGE('',*,*,#1433,.T.);
#2113 = ORIENTED_EDGE('',*,*,#1323,.T.);
#2114 = ORIENTED_EDGE('',*,*,#952,.F.);
#2115 = ORIENTED_EDGE('',*,*,#2085,.F.);
#2116 = CYLINDRICAL_SURFACE('',#2117,1.25);
#2117 = AXIS2_PLACEMENT_3D('',#2118,#2119,#2120);
#2118 = CARTESIAN_POINT('',(-19.25,-28.74838594839,-15.));
#2119 = DIRECTION('',(0.,0.,-1.));
#2120 = DIRECTION('',(1.,0.,0.));
#2121 = ADVANCED_FACE('',(#2122),#2133,.F.);
#2122 = FACE_BOUND('',#2123,.T.);
#2123 = EDGE_LOOP('',(#2124,#2125,#2126,#2127));
#2124 = ORIENTED_EDGE('',*,*,#1493,.T.);
#2125 = ORIENTED_EDGE('',*,*,#1833,.T.);
#2126 = ORIENTED_EDGE('',*,*,#986,.F.);
#2127 = ORIENTED_EDGE('',*,*,#2128,.F.);
#2128 = EDGE_CURVE('',#1494,#987,#2129,.T.);
#2129 = LINE('',#2130,#2131);
#2130 = CARTESIAN_POINT('',(20.75,-5.,-15.));
#2131 = VECTOR('',#2132,1.);
#2132 = DIRECTION('',(0.,0.,1.));
#2133 = CYLINDRICAL_SURFACE('',#2134,1.25);
#2134 = AXIS2_PLACEMENT_3D('',#2135,#2136,#2137);
#2135 = CARTESIAN_POINT('',(20.75,-6.25,-15.));
#2136 = DIRECTION('',(0.,0.,-1.));
#2137 = DIRECTION('',(1.,0.,0.));
#2138 = ADVANCED_FACE('',(#2139),#2150,.T.);
#2139 = FACE_BOUND('',#2140,.T.);
#2140 = EDGE_LOOP('',(#2141,#2142,#2143,#2144));
#2141 = ORIENTED_EDGE('',*,*,#1502,.F.);
#2142 = ORIENTED_EDGE('',*,*,#2128,.T.);
#2143 = ORIENTED_EDGE('',*,*,#1031,.F.);
#2144 = ORIENTED_EDGE('',*,*,#2145,.F.);
#2145 = EDGE_CURVE('',#1503,#1023,#2146,.T.);
#2146 = LINE('',#2147,#2148);
#2147 = CARTESIAN_POINT('',(-10.06141780135,-5.,-15.));
#2148 = VECTOR('',#2149,1.);
#2149 = DIRECTION('',(0.,0.,1.));
#2150 = PLANE('',#2151);
#2151 = AXIS2_PLACEMENT_3D('',#2152,#2153,#2154);
#2152 = CARTESIAN_POINT('',(20.75,-5.,-15.));
#2153 = DIRECTION('',(0.,-1.,0.));
#2154 = DIRECTION('',(-1.,0.,0.));
#2155 = ADVANCED_FACE('',(#2156),#2167,.F.);
#2156 = FACE_BOUND('',#2157,.T.);
#2157 = EDGE_LOOP('',(#2158,#2159,#2160,#2161));
#2158 = ORIENTED_EDGE('',*,*,#1510,.T.);
#2159 = ORIENTED_EDGE('',*,*,#2145,.T.);
#2160 = ORIENTED_EDGE('',*,*,#1022,.F.);
#2161 = ORIENTED_EDGE('',*,*,#2162,.F.);
#2162 = EDGE_CURVE('',#1511,#1015,#2163,.T.);
#2163 = LINE('',#2164,#2165);
#2164 = CARTESIAN_POINT('',(-10.65577697063,-7.349653208014,-15.));
#2165 = VECTOR('',#2166,1.);
#2166 = DIRECTION('',(0.,0.,1.));
#2167 = CYLINDRICAL_SURFACE('',#2168,1.25);
#2168 = AXIS2_PLACEMENT_3D('',#2169,#2170,#2171);
#2169 = CARTESIAN_POINT('',(-10.06141780135,-6.25,-15.));
#2170 = DIRECTION('',(0.,0.,-1.));
#2171 = DIRECTION('',(1.,0.,0.));
#2172 = ADVANCED_FACE('',(#2173),#2243,.F.);
#2173 = FACE_BOUND('',#2174,.T.);
#2174 = EDGE_LOOP('',(#2175,#2227,#2233,#2234,#2235,#2241,#2242));
#2175 = ORIENTED_EDGE('',*,*,#2176,.T.);
#2176 = EDGE_CURVE('',#1818,#2177,#2179,.T.);
#2177 = VERTEX_POINT('',#2178);
#2178 = CARTESIAN_POINT('',(21.855755076536,-23.48640491017,
    1.620561647032));
#2179 = B_SPLINE_CURVE_WITH_KNOTS('',6,(#2180,#2181,#2182,#2183,#2184,
    #2185,#2186,#2187,#2188,#2189,#2190,#2191,#2192,#2193,#2194,#2195,
    #2196,#2197,#2198,#2199,#2200,#2201,#2202,#2203,#2204,#2205,#2206,
    #2207,#2208,#2209,#2210,#2211,#2212,#2213,#2214,#2215,#2216,#2217,
    #2218,#2219,#2220,#2221,#2222,#2223,#2224,#2225,#2226),
  .UNSPECIFIED.,.F.,.F.,(7,5,5,5,5,5,5,5,5,7),(0.,6.978056469595E-02,
    0.192139519612,0.314141020227,0.383615392087,0.468119873787,
    0.530750549275,0.758537347599,0.946058547138,1.),.UNSPECIFIED.);
#2180 = CARTESIAN_POINT('',(22.,-22.90347634618,1.29909040356));
#2181 = CARTESIAN_POINT('',(22.,-22.92858555859,1.320284344533));
#2182 = CARTESIAN_POINT('',(21.999394793672,-22.95424179156,
    1.340942648343));
#2183 = CARTESIAN_POINT('',(21.998134785084,-22.98041021083,
    1.36102784247));
#2184 = CARTESIAN_POINT('',(21.996172247841,-23.00705350899,
    1.380506922983));
#2185 = CARTESIAN_POINT('',(21.993461325087,-23.03413190552,
    1.399351354534));
#2186 = CARTESIAN_POINT('',(21.983815064225,-23.10977347018,
    1.449425393324));
#2187 = CARTESIAN_POINT('',(21.975230803548,-23.15919323255,
    1.479315819994));
#2188 = CARTESIAN_POINT('',(21.963978233964,-23.20949645881,
    1.506976816942));
#2189 = CARTESIAN_POINT('',(21.949895866793,-23.26028851566,
    1.532270938823));
#2190 = CARTESIAN_POINT('',(21.932896562682,-23.31116300125,
    1.555145938193));
#2191 = CARTESIAN_POINT('',(21.893114343542,-23.41212657748,
    1.59604598323));
#2192 = CARTESIAN_POINT('',(21.870386451036,-23.46212082721,
    1.614045983192));
#2193 = CARTESIAN_POINT('',(21.844806752776,-23.51131109974,
    1.629667293032));
#2194 = CARTESIAN_POINT('',(21.816473076393,-23.5593070393,1.64302157063
    ));
#2195 = CARTESIAN_POINT('',(21.785573515851,-23.6057383795,
    1.654275958985));
#2196 = CARTESIAN_POINT('',(21.733498100015,-23.67563676758,
    1.668969781567));
#2197 = CARTESIAN_POINT('',(21.713854271516,-23.70039664806,
    1.67369013483));
#2198 = CARTESIAN_POINT('',(21.693495277916,-23.72451570963,
    1.677841673008));
#2199 = CARTESIAN_POINT('',(21.67245922681,-23.74795782433,
    1.681467007249));
#2200 = CARTESIAN_POINT('',(21.650788514325,-23.7706897723,
    1.684609077923));
#2201 = CARTESIAN_POINT('',(21.60145568333,-23.81943035346,
    1.690597799525));
#2202 = CARTESIAN_POINT('',(21.573510564694,-23.84508519771,
    1.693233312536));
#2203 = CARTESIAN_POINT('',(21.544756415892,-23.8696133076,
    1.695297855597));
#2204 = CARTESIAN_POINT('',(21.515257118327,-23.89298675042,
    1.696867215704));
#2205 = CARTESIAN_POINT('',(21.485078488126,-23.91518212764,
    1.698012804902));
#2206 = CARTESIAN_POINT('',(21.431468045347,-23.9517436186,
    1.699386322121));
#2207 = CARTESIAN_POINT('',(21.408307637836,-23.96665199383,
    1.699775034894));
#2208 = CARTESIAN_POINT('',(21.384830545535,-23.98090051639,
    1.699994960244));
#2209 = CARTESIAN_POINT('',(21.361059119419,-23.99448517262,
    1.700071444584));
#2210 = CARTESIAN_POINT('',(21.337014569509,-24.00740311939,
    1.700028019097));
#2211 = CARTESIAN_POINT('',(21.224346952501,-24.06420416178,
    1.699371332306));
#2212 = CARTESIAN_POINT('',(21.132647573016,-24.09990448242,
    1.69755735609));
#2213 = CARTESIAN_POINT('',(21.038548670242,-24.12668870232,
    1.695486578752));
#2214 = CARTESIAN_POINT('',(20.942887704843,-24.14454627206,
    1.693867279133));
#2215 = CARTESIAN_POINT('',(20.846447916084,-24.15347634618,
    1.693057887717));
#2216 = CARTESIAN_POINT('',(20.670601066216,-24.15347634618,
    1.693057887717));
#2217 = CARTESIAN_POINT('',(20.591207937005,-24.14742413795,
    1.693606387997));
#2218 = CARTESIAN_POINT('',(20.512251128642,-24.13532219394,
    1.694703811466));
#2219 = CARTESIAN_POINT('',(20.434165945956,-24.11716979848,
    1.696185290599));
#2220 = CARTESIAN_POINT('',(20.357408471406,-24.0929723651,
    1.697725163639));
#2221 = CARTESIAN_POINT('',(20.260915558345,-24.05405734948,
    1.69916258238));
#2222 = CARTESIAN_POINT('',(20.239510342938,-24.04486555862,
    1.699448651051));
#2223 = CARTESIAN_POINT('',(20.218267732401,-24.03517588926,
    1.699688197681));
#2224 = CARTESIAN_POINT('',(20.197200021607,-24.02498917367,
    1.699868690165));
#2225 = CARTESIAN_POINT('',(20.176319975824,-24.01430656838,
    1.699976543418));
#2226 = CARTESIAN_POINT('',(20.155640830723,-24.00312955419,
    1.699997119377));
#2227 = ORIENTED_EDGE('',*,*,#2228,.F.);
#2228 = EDGE_CURVE('',#1388,#2177,#2229,.T.);
#2229 = LINE('',#2230,#2231);
#2230 = CARTESIAN_POINT('',(21.855755076536,-23.48640491017,10.));
#2231 = VECTOR('',#2232,1.);
#2232 = DIRECTION('',(0.,-2.2E-16,-1.));
#2233 = ORIENTED_EDGE('',*,*,#1536,.F.);
#2234 = ORIENTED_EDGE('',*,*,#1527,.T.);
#2235 = ORIENTED_EDGE('',*,*,#2236,.T.);
#2236 = EDGE_CURVE('',#1520,#1006,#2237,.T.);
#2237 = LINE('',#2238,#2239);
#2238 = CARTESIAN_POINT('',(20.155640830723,-24.00312955419,-15.));
#2239 = VECTOR('',#2240,1.);
#2240 = DIRECTION('',(0.,0.,1.));
#2241 = ORIENTED_EDGE('',*,*,#1005,.F.);
#2242 = ORIENTED_EDGE('',*,*,#1826,.F.);
#2243 = CYLINDRICAL_SURFACE('',#2244,1.25);
#2244 = AXIS2_PLACEMENT_3D('',#2245,#2246,#2247);
#2245 = CARTESIAN_POINT('',(20.75,-22.90347634618,-15.));
#2246 = DIRECTION('',(0.,0.,-1.));
#2247 = DIRECTION('',(1.,0.,0.));
#2248 = ADVANCED_FACE('',(#2249),#2255,.T.);
#2249 = FACE_BOUND('',#2250,.T.);
#2250 = EDGE_LOOP('',(#2251,#2252,#2253,#2254));
#2251 = ORIENTED_EDGE('',*,*,#1519,.F.);
#2252 = ORIENTED_EDGE('',*,*,#2162,.T.);
#2253 = ORIENTED_EDGE('',*,*,#1014,.F.);
#2254 = ORIENTED_EDGE('',*,*,#2236,.F.);
#2255 = PLANE('',#2256);
#2256 = AXIS2_PLACEMENT_3D('',#2257,#2258,#2259);
#2257 = CARTESIAN_POINT('',(-10.65577697063,-7.349653208014,-15.));
#2258 = DIRECTION('',(0.475487335422,0.879722566411,0.));
#2259 = DIRECTION('',(0.879722566411,-0.475487335422,0.));
#2260 = ADVANCED_FACE('',(#2261),#2300,.F.);
#2261 = FACE_BOUND('',#2262,.T.);
#2262 = EDGE_LOOP('',(#2263,#2264,#2265,#2271,#2272,#2273,#2274,#2275,
    #2284,#2293));
#2263 = ORIENTED_EDGE('',*,*,#2176,.F.);
#2264 = ORIENTED_EDGE('',*,*,#1817,.T.);
#2265 = ORIENTED_EDGE('',*,*,#2266,.F.);
#2266 = EDGE_CURVE('',#1061,#1809,#2267,.T.);
#2267 = LINE('',#2268,#2269);
#2268 = CARTESIAN_POINT('',(28.,-22.3,-7.105427357601E-15));
#2269 = VECTOR('',#2270,1.);
#2270 = DIRECTION('',(-1.,-6.E-17,2.2E-16));
#2271 = ORIENTED_EDGE('',*,*,#1060,.T.);
#2272 = ORIENTED_EDGE('',*,*,#2266,.T.);
#2273 = ORIENTED_EDGE('',*,*,#1808,.T.);
#2274 = ORIENTED_EDGE('',*,*,#1706,.T.);
#2275 = ORIENTED_EDGE('',*,*,#2276,.F.);
#2276 = EDGE_CURVE('',#2277,#1709,#2279,.T.);
#2277 = VERTEX_POINT('',#2278);
#2278 = CARTESIAN_POINT('',(20.5,-25.62822121757,-0.488769543484));
#2279 = ELLIPSE('',#2280,2.011955812423,1.7);
#2280 = AXIS2_PLACEMENT_3D('',#2281,#2282,#2283);
#2281 = CARTESIAN_POINT('',(21.530652896713,-24.,-5.2E-15));
#2282 = DIRECTION('',(0.844948974278,-0.534846922835,1.2E-16));
#2283 = DIRECTION('',(-0.534846922835,-0.844948974278,6.E-16));
#2284 = ORIENTED_EDGE('',*,*,#2285,.T.);
#2285 = EDGE_CURVE('',#2277,#2286,#2288,.T.);
#2286 = VERTEX_POINT('',#2287);
#2287 = CARTESIAN_POINT('',(20.5,-25.62822121757,0.488769543484));
#2288 = CIRCLE('',#2289,1.7);
#2289 = AXIS2_PLACEMENT_3D('',#2290,#2291,#2292);
#2290 = CARTESIAN_POINT('',(20.5,-24.,-4.97E-15));
#2291 = DIRECTION('',(-1.,0.,2.2E-16));
#2292 = DIRECTION('',(4.84E-32,1.,2.2E-16));
#2293 = ORIENTED_EDGE('',*,*,#2294,.T.);
#2294 = EDGE_CURVE('',#2286,#2177,#2295,.T.);
#2295 = ELLIPSE('',#2296,2.011955812423,1.7);
#2296 = AXIS2_PLACEMENT_3D('',#2297,#2298,#2299);
#2297 = CARTESIAN_POINT('',(21.530652896713,-24.,-5.2E-15));
#2298 = DIRECTION('',(-0.844948974278,0.534846922835,-1.2E-16));
#2299 = DIRECTION('',(-0.534846922835,-0.844948974278,6.E-16));
#2300 = CYLINDRICAL_SURFACE('',#2301,1.7);
#2301 = AXIS2_PLACEMENT_3D('',#2302,#2303,#2304);
#2302 = CARTESIAN_POINT('',(28.,-24.,-7.105427357601E-15));
#2303 = DIRECTION('',(-1.,0.,2.2E-16));
#2304 = DIRECTION('',(4.84E-32,1.,2.2E-16));
#2305 = ADVANCED_FACE('',(#2306),#2329,.F.);
#2306 = FACE_BOUND('',#2307,.F.);
#2307 = EDGE_LOOP('',(#2308,#2309,#2315,#2316,#2322,#2323));
#2308 = ORIENTED_EDGE('',*,*,#1395,.F.);
#2309 = ORIENTED_EDGE('',*,*,#2310,.F.);
#2310 = EDGE_CURVE('',#1095,#1396,#2311,.T.);
#2311 = LINE('',#2312,#2313);
#2312 = CARTESIAN_POINT('',(20.5,-28.,-10.));
#2313 = VECTOR('',#2314,1.);
#2314 = DIRECTION('',(0.,-2.2E-16,1.));
#2315 = ORIENTED_EDGE('',*,*,#1094,.T.);
#2316 = ORIENTED_EDGE('',*,*,#2317,.F.);
#2317 = EDGE_CURVE('',#2277,#1097,#2318,.T.);
#2318 = LINE('',#2319,#2320);
#2319 = CARTESIAN_POINT('',(20.5,-25.62822121757,-1.695157609004));
#2320 = VECTOR('',#2321,1.);
#2321 = DIRECTION('',(0.,-2.2E-16,-1.));
#2322 = ORIENTED_EDGE('',*,*,#2285,.T.);
#2323 = ORIENTED_EDGE('',*,*,#2324,.F.);
#2324 = EDGE_CURVE('',#1386,#2286,#2325,.T.);
#2325 = LINE('',#2326,#2327);
#2326 = CARTESIAN_POINT('',(20.5,-25.62822121757,10.));
#2327 = VECTOR('',#2328,1.);
#2328 = DIRECTION('',(0.,-2.2E-16,-1.));
#2329 = PLANE('',#2330);
#2330 = AXIS2_PLACEMENT_3D('',#2331,#2332,#2333);
#2331 = CARTESIAN_POINT('',(20.5,-28.,-10.));
#2332 = DIRECTION('',(1.,0.,0.));
#2333 = DIRECTION('',(0.,2.2E-16,1.));
#2334 = ADVANCED_FACE('',(#2335,#2341,#2352),#2363,.F.);
#2335 = FACE_BOUND('',#2336,.F.);
#2336 = EDGE_LOOP('',(#2337,#2338,#2339,#2340));
#2337 = ORIENTED_EDGE('',*,*,#1996,.T.);
#2338 = ORIENTED_EDGE('',*,*,#1262,.T.);
#2339 = ORIENTED_EDGE('',*,*,#2310,.T.);
#2340 = ORIENTED_EDGE('',*,*,#1403,.T.);
#2341 = FACE_BOUND('',#2342,.F.);
#2342 = EDGE_LOOP('',(#2343));
#2343 = ORIENTED_EDGE('',*,*,#2344,.T.);
#2344 = EDGE_CURVE('',#2345,#2345,#2347,.T.);
#2345 = VERTEX_POINT('',#2346);
#2346 = CARTESIAN_POINT('',(26.75,-28.,-5.));
#2347 = CIRCLE('',#2348,2.25);
#2348 = AXIS2_PLACEMENT_3D('',#2349,#2350,#2351);
#2349 = CARTESIAN_POINT('',(24.5,-28.,-5.));
#2350 = DIRECTION('',(0.,-1.,2.2E-16));
#2351 = DIRECTION('',(1.,0.,0.));
#2352 = FACE_BOUND('',#2353,.F.);
#2353 = EDGE_LOOP('',(#2354));
#2354 = ORIENTED_EDGE('',*,*,#2355,.T.);
#2355 = EDGE_CURVE('',#2356,#2356,#2358,.T.);
#2356 = VERTEX_POINT('',#2357);
#2357 = CARTESIAN_POINT('',(26.75,-28.,5.));
#2358 = CIRCLE('',#2359,2.25);
#2359 = AXIS2_PLACEMENT_3D('',#2360,#2361,#2362);
#2360 = CARTESIAN_POINT('',(24.5,-28.,5.));
#2361 = DIRECTION('',(0.,-1.,2.2E-16));
#2362 = DIRECTION('',(1.,0.,0.));
#2363 = PLANE('',#2364);
#2364 = AXIS2_PLACEMENT_3D('',#2365,#2366,#2367);
#2365 = CARTESIAN_POINT('',(0.,-28.,7.105427357601E-15));
#2366 = DIRECTION('',(0.,1.,2.2E-16));
#2367 = DIRECTION('',(0.,-2.2E-16,1.));
#2368 = ADVANCED_FACE('',(#2369,#2375,#2386),#2397,.F.);
#2369 = FACE_BOUND('',#2370,.F.);
#2370 = EDGE_LOOP('',(#2371,#2372,#2373,#2374));
#2371 = ORIENTED_EDGE('',*,*,#1339,.T.);
#2372 = ORIENTED_EDGE('',*,*,#1239,.T.);
#2373 = ORIENTED_EDGE('',*,*,#2011,.F.);
#2374 = ORIENTED_EDGE('',*,*,#1426,.T.);
#2375 = FACE_BOUND('',#2376,.F.);
#2376 = EDGE_LOOP('',(#2377));
#2377 = ORIENTED_EDGE('',*,*,#2378,.T.);
#2378 = EDGE_CURVE('',#2379,#2379,#2381,.T.);
#2379 = VERTEX_POINT('',#2380);
#2380 = CARTESIAN_POINT('',(-22.25,-28.,-5.));
#2381 = CIRCLE('',#2382,2.25);
#2382 = AXIS2_PLACEMENT_3D('',#2383,#2384,#2385);
#2383 = CARTESIAN_POINT('',(-24.5,-28.,-5.));
#2384 = DIRECTION('',(0.,-1.,2.2E-16));
#2385 = DIRECTION('',(1.,0.,0.));
#2386 = FACE_BOUND('',#2387,.F.);
#2387 = EDGE_LOOP('',(#2388));
#2388 = ORIENTED_EDGE('',*,*,#2389,.T.);
#2389 = EDGE_CURVE('',#2390,#2390,#2392,.T.);
#2390 = VERTEX_POINT('',#2391);
#2391 = CARTESIAN_POINT('',(-22.25,-28.,5.));
#2392 = CIRCLE('',#2393,2.25);
#2393 = AXIS2_PLACEMENT_3D('',#2394,#2395,#2396);
#2394 = CARTESIAN_POINT('',(-24.5,-28.,5.));
#2395 = DIRECTION('',(0.,-1.,2.2E-16));
#2396 = DIRECTION('',(1.,0.,0.));
#2397 = PLANE('',#2398);
#2398 = AXIS2_PLACEMENT_3D('',#2399,#2400,#2401);
#2399 = CARTESIAN_POINT('',(0.,-28.,7.105427357601E-15));
#2400 = DIRECTION('',(0.,1.,2.2E-16));
#2401 = DIRECTION('',(0.,-2.2E-16,1.));
#2402 = ADVANCED_FACE('',(#2403),#2409,.F.);
#2403 = FACE_BOUND('',#2404,.F.);
#2404 = EDGE_LOOP('',(#2405,#2406,#2407,#2408));
#2405 = ORIENTED_EDGE('',*,*,#2276,.F.);
#2406 = ORIENTED_EDGE('',*,*,#2317,.T.);
#2407 = ORIENTED_EDGE('',*,*,#1104,.T.);
#2408 = ORIENTED_EDGE('',*,*,#1775,.F.);
#2409 = PLANE('',#2410);
#2410 = AXIS2_PLACEMENT_3D('',#2411,#2412,#2413);
#2411 = CARTESIAN_POINT('',(20.5,-25.62822121757,-1.695157609004));
#2412 = DIRECTION('',(0.844948974278,-0.534846922835,1.2E-16));
#2413 = DIRECTION('',(1.97183796743E-18,-2.212481599497E-16,-1.));
#2414 = ADVANCED_FACE('',(#2415,#2421),#2432,.T.);
#2415 = FACE_BOUND('',#2416,.T.);
#2416 = EDGE_LOOP('',(#2417,#2418,#2419,#2420));
#2417 = ORIENTED_EDGE('',*,*,#2028,.F.);
#2418 = ORIENTED_EDGE('',*,*,#1371,.T.);
#2419 = ORIENTED_EDGE('',*,*,#1604,.T.);
#2420 = ORIENTED_EDGE('',*,*,#1968,.F.);
#2421 = FACE_BOUND('',#2422,.T.);
#2422 = EDGE_LOOP('',(#2423));
#2423 = ORIENTED_EDGE('',*,*,#2424,.T.);
#2424 = EDGE_CURVE('',#2425,#2425,#2427,.T.);
#2425 = VERTEX_POINT('',#2426);
#2426 = CARTESIAN_POINT('',(-30.,-24.,1.5));
#2427 = CIRCLE('',#2428,1.5);
#2428 = AXIS2_PLACEMENT_3D('',#2429,#2430,#2431);
#2429 = CARTESIAN_POINT('',(-30.,-24.,2.11E-15));
#2430 = DIRECTION('',(1.,0.,-2.2E-16));
#2431 = DIRECTION('',(2.2E-16,0.,1.));
#2432 = PLANE('',#2433);
#2433 = AXIS2_PLACEMENT_3D('',#2434,#2435,#2436);
#2434 = CARTESIAN_POINT('',(-30.,-19.,6.1E-15));
#2435 = DIRECTION('',(-1.,0.,0.));
#2436 = DIRECTION('',(0.,1.,2.2E-16));
#2437 = ADVANCED_FACE('',(#2438),#2444,.F.);
#2438 = FACE_BOUND('',#2439,.F.);
#2439 = EDGE_LOOP('',(#2440,#2441,#2442,#2443));
#2440 = ORIENTED_EDGE('',*,*,#1385,.F.);
#2441 = ORIENTED_EDGE('',*,*,#2324,.T.);
#2442 = ORIENTED_EDGE('',*,*,#2294,.T.);
#2443 = ORIENTED_EDGE('',*,*,#2228,.F.);
#2444 = PLANE('',#2445);
#2445 = AXIS2_PLACEMENT_3D('',#2446,#2447,#2448);
#2446 = CARTESIAN_POINT('',(20.5,-25.62822121757,10.));
#2447 = DIRECTION('',(0.844948974278,-0.534846922835,1.2E-16));
#2448 = DIRECTION('',(1.97183796743E-18,-2.212481599497E-16,-1.));
#2449 = ADVANCED_FACE('',(#2450),#2469,.F.);
#2450 = FACE_BOUND('',#2451,.T.);
#2451 = EDGE_LOOP('',(#2452,#2460,#2461,#2462));
#2452 = ORIENTED_EDGE('',*,*,#2453,.F.);
#2453 = EDGE_CURVE('',#2345,#2454,#2456,.T.);
#2454 = VERTEX_POINT('',#2455);
#2455 = CARTESIAN_POINT('',(26.75,-17.,-5.));
#2456 = LINE('',#2457,#2458);
#2457 = CARTESIAN_POINT('',(26.75,-28.,-5.));
#2458 = VECTOR('',#2459,1.);
#2459 = DIRECTION('',(-8.E-17,1.,-2.2E-16));
#2460 = ORIENTED_EDGE('',*,*,#2344,.T.);
#2461 = ORIENTED_EDGE('',*,*,#2453,.T.);
#2462 = ORIENTED_EDGE('',*,*,#2463,.F.);
#2463 = EDGE_CURVE('',#2454,#2454,#2464,.T.);
#2464 = CIRCLE('',#2465,2.25);
#2465 = AXIS2_PLACEMENT_3D('',#2466,#2467,#2468);
#2466 = CARTESIAN_POINT('',(24.5,-17.,-5.));
#2467 = DIRECTION('',(0.,-1.,2.2E-16));
#2468 = DIRECTION('',(1.,0.,0.));
#2469 = CYLINDRICAL_SURFACE('',#2470,2.25);
#2470 = AXIS2_PLACEMENT_3D('',#2471,#2472,#2473);
#2471 = CARTESIAN_POINT('',(24.5,-28.,-5.));
#2472 = DIRECTION('',(0.,1.,-2.2E-16));
#2473 = DIRECTION('',(1.,0.,0.));
#2474 = ADVANCED_FACE('',(#2475),#2494,.F.);
#2475 = FACE_BOUND('',#2476,.T.);
#2476 = EDGE_LOOP('',(#2477,#2485,#2486,#2487));
#2477 = ORIENTED_EDGE('',*,*,#2478,.F.);
#2478 = EDGE_CURVE('',#2356,#2479,#2481,.T.);
#2479 = VERTEX_POINT('',#2480);
#2480 = CARTESIAN_POINT('',(26.75,-17.,5.));
#2481 = LINE('',#2482,#2483);
#2482 = CARTESIAN_POINT('',(26.75,-28.,5.));
#2483 = VECTOR('',#2484,1.);
#2484 = DIRECTION('',(-8.E-17,1.,-2.2E-16));
#2485 = ORIENTED_EDGE('',*,*,#2355,.T.);
#2486 = ORIENTED_EDGE('',*,*,#2478,.T.);
#2487 = ORIENTED_EDGE('',*,*,#2488,.F.);
#2488 = EDGE_CURVE('',#2479,#2479,#2489,.T.);
#2489 = CIRCLE('',#2490,2.25);
#2490 = AXIS2_PLACEMENT_3D('',#2491,#2492,#2493);
#2491 = CARTESIAN_POINT('',(24.5,-17.,5.));
#2492 = DIRECTION('',(0.,-1.,2.2E-16));
#2493 = DIRECTION('',(1.,0.,0.));
#2494 = CYLINDRICAL_SURFACE('',#2495,2.25);
#2495 = AXIS2_PLACEMENT_3D('',#2496,#2497,#2498);
#2496 = CARTESIAN_POINT('',(24.5,-28.,5.));
#2497 = DIRECTION('',(0.,1.,-2.2E-16));
#2498 = DIRECTION('',(1.,0.,0.));
#2499 = ADVANCED_FACE('',(#2500),#2519,.F.);
#2500 = FACE_BOUND('',#2501,.T.);
#2501 = EDGE_LOOP('',(#2502,#2510,#2511,#2512));
#2502 = ORIENTED_EDGE('',*,*,#2503,.F.);
#2503 = EDGE_CURVE('',#2379,#2504,#2506,.T.);
#2504 = VERTEX_POINT('',#2505);
#2505 = CARTESIAN_POINT('',(-22.25,-17.,-5.));
#2506 = LINE('',#2507,#2508);
#2507 = CARTESIAN_POINT('',(-22.25,-28.,-5.));
#2508 = VECTOR('',#2509,1.);
#2509 = DIRECTION('',(-8.E-17,1.,-2.2E-16));
#2510 = ORIENTED_EDGE('',*,*,#2378,.T.);
#2511 = ORIENTED_EDGE('',*,*,#2503,.T.);
#2512 = ORIENTED_EDGE('',*,*,#2513,.F.);
#2513 = EDGE_CURVE('',#2504,#2504,#2514,.T.);
#2514 = CIRCLE('',#2515,2.25);
#2515 = AXIS2_PLACEMENT_3D('',#2516,#2517,#2518);
#2516 = CARTESIAN_POINT('',(-24.5,-17.,-5.));
#2517 = DIRECTION('',(0.,-1.,2.2E-16));
#2518 = DIRECTION('',(1.,0.,0.));
#2519 = CYLINDRICAL_SURFACE('',#2520,2.25);
#2520 = AXIS2_PLACEMENT_3D('',#2521,#2522,#2523);
#2521 = CARTESIAN_POINT('',(-24.5,-28.,-5.));
#2522 = DIRECTION('',(0.,1.,-2.2E-16));
#2523 = DIRECTION('',(1.,0.,0.));
#2524 = ADVANCED_FACE('',(#2525),#2544,.F.);
#2525 = FACE_BOUND('',#2526,.T.);
#2526 = EDGE_LOOP('',(#2527,#2535,#2536,#2537));
#2527 = ORIENTED_EDGE('',*,*,#2528,.F.);
#2528 = EDGE_CURVE('',#2390,#2529,#2531,.T.);
#2529 = VERTEX_POINT('',#2530);
#2530 = CARTESIAN_POINT('',(-22.25,-17.,5.));
#2531 = LINE('',#2532,#2533);
#2532 = CARTESIAN_POINT('',(-22.25,-28.,5.));
#2533 = VECTOR('',#2534,1.);
#2534 = DIRECTION('',(-8.E-17,1.,-2.2E-16));
#2535 = ORIENTED_EDGE('',*,*,#2389,.T.);
#2536 = ORIENTED_EDGE('',*,*,#2528,.T.);
#2537 = ORIENTED_EDGE('',*,*,#2538,.F.);
#2538 = EDGE_CURVE('',#2529,#2529,#2539,.T.);
#2539 = CIRCLE('',#2540,2.25);
#2540 = AXIS2_PLACEMENT_3D('',#2541,#2542,#2543);
#2541 = CARTESIAN_POINT('',(-24.5,-17.,5.));
#2542 = DIRECTION('',(0.,-1.,2.2E-16));
#2543 = DIRECTION('',(1.,0.,0.));
#2544 = CYLINDRICAL_SURFACE('',#2545,2.25);
#2545 = AXIS2_PLACEMENT_3D('',#2546,#2547,#2548);
#2546 = CARTESIAN_POINT('',(-24.5,-28.,5.));
#2547 = DIRECTION('',(0.,1.,-2.2E-16));
#2548 = DIRECTION('',(1.,0.,0.));
#2549 = ADVANCED_FACE('',(#2550),#2569,.T.);
#2550 = FACE_BOUND('',#2551,.T.);
#2551 = EDGE_LOOP('',(#2552,#2553,#2561,#2568));
#2552 = ORIENTED_EDGE('',*,*,#2424,.F.);
#2553 = ORIENTED_EDGE('',*,*,#2554,.T.);
#2554 = EDGE_CURVE('',#2425,#2555,#2557,.T.);
#2555 = VERTEX_POINT('',#2556);
#2556 = CARTESIAN_POINT('',(-42.,-24.,1.5));
#2557 = LINE('',#2558,#2559);
#2558 = CARTESIAN_POINT('',(-29.5,-24.,1.5));
#2559 = VECTOR('',#2560,1.);
#2560 = DIRECTION('',(-1.,0.,2.2E-16));
#2561 = ORIENTED_EDGE('',*,*,#2562,.T.);
#2562 = EDGE_CURVE('',#2555,#2555,#2563,.T.);
#2563 = CIRCLE('',#2564,1.5);
#2564 = AXIS2_PLACEMENT_3D('',#2565,#2566,#2567);
#2565 = CARTESIAN_POINT('',(-42.,-24.,-5.6E-16));
#2566 = DIRECTION('',(1.,2.2E-16,-2.2E-16));
#2567 = DIRECTION('',(2.2E-16,-2.2E-16,1.));
#2568 = ORIENTED_EDGE('',*,*,#2554,.F.);
#2569 = CYLINDRICAL_SURFACE('',#2570,1.5);
#2570 = AXIS2_PLACEMENT_3D('',#2571,#2572,#2573);
#2571 = CARTESIAN_POINT('',(-29.5,-24.,2.E-15));
#2572 = DIRECTION('',(1.,0.,-2.2E-16));
#2573 = DIRECTION('',(2.2E-16,0.,1.));
#2574 = ADVANCED_FACE('',(#2575),#2587,.F.);
#2575 = FACE_BOUND('',#2576,.T.);
#2576 = EDGE_LOOP('',(#2577,#2578,#2586));
#2577 = ORIENTED_EDGE('',*,*,#2463,.T.);
#2578 = ORIENTED_EDGE('',*,*,#2579,.T.);
#2579 = EDGE_CURVE('',#2454,#2580,#2582,.T.);
#2580 = VERTEX_POINT('',#2581);
#2581 = CARTESIAN_POINT('',(24.5,-15.64806360718,-5.));
#2582 = LINE('',#2583,#2584);
#2583 = CARTESIAN_POINT('',(26.75,-17.,-5.));
#2584 = VECTOR('',#2585,1.);
#2585 = DIRECTION('',(-0.857167300702,0.51503807491,-1.2E-16));
#2586 = ORIENTED_EDGE('',*,*,#2579,.F.);
#2587 = CONICAL_SURFACE('',#2588,2.25,1.029744258677);
#2588 = AXIS2_PLACEMENT_3D('',#2589,#2590,#2591);
#2589 = CARTESIAN_POINT('',(24.5,-17.,-5.));
#2590 = DIRECTION('',(0.,-1.,2.2E-16));
#2591 = DIRECTION('',(1.,0.,0.));
#2592 = ADVANCED_FACE('',(#2593),#2605,.F.);
#2593 = FACE_BOUND('',#2594,.T.);
#2594 = EDGE_LOOP('',(#2595,#2596,#2604));
#2595 = ORIENTED_EDGE('',*,*,#2488,.T.);
#2596 = ORIENTED_EDGE('',*,*,#2597,.T.);
#2597 = EDGE_CURVE('',#2479,#2598,#2600,.T.);
#2598 = VERTEX_POINT('',#2599);
#2599 = CARTESIAN_POINT('',(24.5,-15.64806360718,5.));
#2600 = LINE('',#2601,#2602);
#2601 = CARTESIAN_POINT('',(26.75,-17.,5.));
#2602 = VECTOR('',#2603,1.);
#2603 = DIRECTION('',(-0.857167300702,0.51503807491,-1.2E-16));
#2604 = ORIENTED_EDGE('',*,*,#2597,.F.);
#2605 = CONICAL_SURFACE('',#2606,2.25,1.029744258677);
#2606 = AXIS2_PLACEMENT_3D('',#2607,#2608,#2609);
#2607 = CARTESIAN_POINT('',(24.5,-17.,5.));
#2608 = DIRECTION('',(0.,-1.,2.2E-16));
#2609 = DIRECTION('',(1.,0.,0.));
#2610 = ADVANCED_FACE('',(#2611),#2623,.F.);
#2611 = FACE_BOUND('',#2612,.T.);
#2612 = EDGE_LOOP('',(#2613,#2614,#2622));
#2613 = ORIENTED_EDGE('',*,*,#2513,.T.);
#2614 = ORIENTED_EDGE('',*,*,#2615,.T.);
#2615 = EDGE_CURVE('',#2504,#2616,#2618,.T.);
#2616 = VERTEX_POINT('',#2617);
#2617 = CARTESIAN_POINT('',(-24.5,-15.64806360718,-5.));
#2618 = LINE('',#2619,#2620);
#2619 = CARTESIAN_POINT('',(-22.25,-17.,-5.));
#2620 = VECTOR('',#2621,1.);
#2621 = DIRECTION('',(-0.857167300702,0.51503807491,-1.2E-16));
#2622 = ORIENTED_EDGE('',*,*,#2615,.F.);
#2623 = CONICAL_SURFACE('',#2624,2.25,1.029744258677);
#2624 = AXIS2_PLACEMENT_3D('',#2625,#2626,#2627);
#2625 = CARTESIAN_POINT('',(-24.5,-17.,-5.));
#2626 = DIRECTION('',(0.,-1.,2.2E-16));
#2627 = DIRECTION('',(1.,0.,0.));
#2628 = ADVANCED_FACE('',(#2629),#2641,.F.);
#2629 = FACE_BOUND('',#2630,.T.);
#2630 = EDGE_LOOP('',(#2631,#2632,#2640));
#2631 = ORIENTED_EDGE('',*,*,#2538,.T.);
#2632 = ORIENTED_EDGE('',*,*,#2633,.T.);
#2633 = EDGE_CURVE('',#2529,#2634,#2636,.T.);
#2634 = VERTEX_POINT('',#2635);
#2635 = CARTESIAN_POINT('',(-24.5,-15.64806360718,5.));
#2636 = LINE('',#2637,#2638);
#2637 = CARTESIAN_POINT('',(-22.25,-17.,5.));
#2638 = VECTOR('',#2639,1.);
#2639 = DIRECTION('',(-0.857167300702,0.51503807491,-1.2E-16));
#2640 = ORIENTED_EDGE('',*,*,#2633,.F.);
#2641 = CONICAL_SURFACE('',#2642,2.25,1.029744258677);
#2642 = AXIS2_PLACEMENT_3D('',#2643,#2644,#2645);
#2643 = CARTESIAN_POINT('',(-24.5,-17.,5.));
#2644 = DIRECTION('',(0.,-1.,2.2E-16));
#2645 = DIRECTION('',(1.,0.,0.));
#2646 = ADVANCED_FACE('',(#2647),#2650,.F.);
#2647 = FACE_BOUND('',#2648,.F.);
#2648 = EDGE_LOOP('',(#2649));
#2649 = ORIENTED_EDGE('',*,*,#2562,.T.);
#2650 = PLANE('',#2651);
#2651 = AXIS2_PLACEMENT_3D('',#2652,#2653,#2654);
#2652 = CARTESIAN_POINT('',(-42.,-24.,-6.7E-16));
#2653 = DIRECTION('',(1.,0.,0.));
#2654 = DIRECTION('',(0.,-2.2E-16,1.));
#2655 = ( GEOMETRIC_REPRESENTATION_CONTEXT(3) 
GLOBAL_UNCERTAINTY_ASSIGNED_CONTEXT((#2659)) 
GLOBAL_UNIT_ASSIGNED_CONTEXT((#2656,#2657,#2658)) REPRESENTATION_CONTEXT
('Context #1','3D Context with UNIT and UNCERTAINTY') );
#2656 = ( LENGTH_UNIT() NAMED_UNIT(*) SI_UNIT(.MILLI.,.METRE.) );
#2657 = ( NAMED_UNIT(*) PLANE_ANGLE_UNIT() SI_UNIT($,.RADIAN.) );
#2658 = ( NAMED_UNIT(*) SI_UNIT($,.STERADIAN.) SOLID_ANGLE_UNIT() );
#2659 = UNCERTAINTY_MEASURE_WITH_UNIT(LENGTH_MEASURE(5.E-06),#2656,
  'distance_accuracy_value','confusion accuracy');
#2660 = PRODUCT_RELATED_PRODUCT_CATEGORY('part',$,(#7));
#2661 = MECHANICAL_DESIGN_GEOMETRIC_PRESENTATION_REPRESENTATION('',(
    #2662),#2655);
#2662 = STYLED_ITEM('color',(#2663),#15);
#2663 = PRESENTATION_STYLE_ASSIGNMENT((#2664,#2670));
#2664 = SURFACE_STYLE_USAGE(.BOTH.,#2665);
#2665 = SURFACE_SIDE_STYLE('',(#2666));
#2666 = SURFACE_STYLE_FILL_AREA(#2667);
#2667 = FILL_AREA_STYLE('',(#2668));
#2668 = FILL_AREA_STYLE_COLOUR('',#2669);
#2669 = COLOUR_RGB('',0.670588257465,0.,0.);
#2670 = CURVE_STYLE('',#2671,POSITIVE_LENGTH_MEASURE(0.1),#2672);
#2671 = DRAUGHTING_PRE_DEFINED_CURVE_FONT('continuous');
#2672 = COLOUR_RGB('',9.803921802644E-02,9.803921802644E-02,
  9.803921802644E-02);
ENDSEC;
END-ISO-10303-21;
